name,title,agency,acronym,division_path,phone,phone_2,division_phone,fax,address,city,state,zip,section,vacant,name_source,other_source_name
Elizabeth Reyes,Executive Director,"Employees Retirement System Board of Trustees, NYC",NYCERS,,(347) 643-3377,,,,335 Adams St.,Brooklyn,NY,11201,City,,Green Book,
Elsie Encarnacion,Member of City Council,City Council,NYCC,Members of the Council > Borough of Manhattan > 8th Council District,,,(212) 788-6960,,250 Broadway,New York,NY,10007,City,,Green Book,
Chi Ossé,Member of City Council,City Council,NYCC,Members of the Council > Borough of Brooklyn > 36th Council District,,,(212) 788-7354,,250 Broadway,New York,NY,10007,City,,Green Book,
Félix V. Matos Rodríguez,Chancellor,City University of New York,CUNY,,(646) 664-9100,,,,205 E. 42nd St.,New York,NY,10017,City,,Green Book,
Shirley Aldebol,Member of City Council,City Council,NYCC,Members of the Council > Borough of the Bronx > 13th Council District,,,(212) 788-7375,,250 Broadway,New York,NY,10007,City,,Green Book,
Cristián Samper,President & CEO,Cultural Affairs,DCLA,Cultural Institutions Group > Bronx Zoo,,,(718) 220-5100,,2300 Southern Boulevard,Bronx,NY,10460,City,,Green Book,
"Jorge Petit, MD",Executive Deputy Commissioner,"Health & Mental Hygiene, Department of",DOHMH,Division of Mental Hygiene,(347) 936-7153,,,,42-09 28th St.,Long Island City,NY,11101,City,,Green Book,
Verónica Guerrero,Counsel to the Committee on Character & Fitness,New York State Supreme Court Appellate Division - First Department (New York and Bronx County),,"Committee on Character and Fitness of Applicants for Admission to the Bar, First Judicial Department",,,(646) 386-5893,,41 Madison Ave.,New York,NY,10010,Courts,,Green Book,
"Eugene Sohn, Esq.",Executive Counsel & Labor Designee,City University of New York,CUNY,Community Colleges > Eugenio María de Hostos Community College,(718) 518-4281,,(718) 518-4444,,205 E. 42nd St.,New York,NY,10017,City,,Green Book,
Julie Menin,Speaker of City Council,City Council,NYCC,Members of the Council > Borough of Manhattan > 5th Council District,,,(212) 788-6865,,250 Broadway,New York,NY,10007,City,,Green Book,
"Justin Sanchez, Jr.",Member of City Council,City Council,NYCC,Members of the Council > Borough of the Bronx > 17th Council District,,,(212) 788-7384,,250 Broadway,New York,NY,10007,City,,Green Book,
Doris Cintrón,Interim President,City University of New York,CUNY,Community Colleges > Guttman Community College,,,(646) 313-8020,,50 W. 40th St.,New York,NY,10001,City,,Green Book,
Cristián Samper,President & CEO,Cultural Affairs,DCLA,Cultural Institutions Group > Wildlife Conservation Society,,,(718) 220-5100,,2300 Southern Boulevard & 185th Street,Bronx,NY,10460,City,,Green Book,
Julie Menin,Speaker,City Council,NYCC,Officers of the Council,(212) 788-6865,,,,City Hall,New York,NY,10007,City,,Green Book,
Virginia Maloney,Member of City Council,City Council,NYCC,Members of the Council > Borough of Manhattan > 4th Council District,,,(212) 788-7393,,250 Broadway,New York,NY,10007,City,,Green Book,
Alexa Avilés,Member of City Council,City Council,NYCC,Members of the Council > Borough of Brooklyn > 38th Council District,,,(212) 788-7372,,250 Broadway,New York,NY,10007,City,,Green Book,
Tyrell Hankerson,Member of City Council,City Council,NYCC,Members of the Council > Borough of Queens > 28th Council District,,,(212) 788-7210,,250 Broadway,New York,NY,10007,City,,Green Book,
Phil Wong,Member of City Council,City Council,NYCC,Members of the Council > Borough of Queens > 30th Council District,,,(212) 788-7381,,250 Broadway,New York,NY,10007,City,,Green Book,
Shirley Thomas-Henry,Member of City Council,City Council,NYCC,Members of the Council > Borough of Queens > 21st Council District,,,(212) 788-6862,,250 Broadway,New York,NY,10007,City,,Green Book,
Kayla Santosuosso,Member of City Council,City Council,NYCC,Members of the Council > Borough of Brooklyn > 47th Council District,,,,,250 Broadway,New York,NY,10007,City,,Green Book,
Elsie Encarnacion,Member of City Council,City Council,NYCC,Members of the Council > Borough of the Bronx > 8th Council District,,,(347) 297-4922,,214 St. Ann's Ave.,Bronx,NY,10454,City,,Green Book,
Esther Rodriguez-Chardavoyne,"Senior Vice President, Administration & Finance",City University of New York,CUNY,Community Colleges > Eugenio María de Hostos Community College,(718) 518-4308,,(718) 518-4444,,205 E. 42nd St.,New York,NY,10017,City,,Green Book,
Tariqua Mensah,Chief of Staff,Borough President - Queens,,,(718) 286-2882,,,,120-55 Queens Blvd.,Kew Gardens,NY,11424,City,,Green Book,
Patricia Reilly,Executive Director,Teachers' Retirement System,,,(212) 612-5402,,,,55 Water St.,New York,NY,10041,City,,Green Book,
Yume Kitasei,Commissioner,Citywide Administrative Services,DCAS,,(212) 386-0201,,,,1 Centre St.,New York,NY,10007,City,,Green Book,
Sharlotte S. Smith,Deputy Chief Clerk IV,New York State Surrogate's Court - Bronx County,,,(718) 618-2300,,,,851 Grand Concourse,Bronx,NY,10451,Courts,,Green Book,
Sylvia Aude,"Senior Vice President for PHO, Tenancy Administration","Housing Authority, NYC",NYCHA,Operations,(212) 306-3921,,,,90 Church St.,New York,NY,10007,City,,Green Book,
Kahleel Bragg,Deputy Chief of Staff,Borough President - Queens,,,(718) 286-2974,,,,120-55 Queens Blvd.,Kew Gardens,NY,11424,City,,Green Book,
Julie Bolcer,Deputy Commissioner/Chief Communications Officer,"Medical Examiner, Office of Chief",OCME,,(212) 447-2041,,,,421 E. 26th St.,New York,NY,10016,City,,Green Book,
Magdalena Porrata,Supervisor of Attorneys,New York State Surrogate's Court - Bronx County,,,,,,,851 Grand Concourse,Bronx,NY,10451,Courts,,Green Book,
Nelida Malave-Gonzalez,Surrogate,New York State Surrogate's Court - Bronx County,,,(718) 618-2300,,,,851 Grand Concourse,Bronx,NY,10451,Courts,,Green Book,
Naeem Ullah,Deputy Commissioner/Chief Information Officer,"Medical Examiner, Office of Chief",OCME,,(212) 323-1836,,,,421 E. 26th St.,New York,NY,10016,City,,Green Book,
Jumaris Bergés,Assistant Commissioner/Agency Chief Contracting Officer,"Medical Examiner, Office of Chief",OCME,,(347) 380-1853,(212) 323-1831,,,421 E. 26th St.,New York,NY,10016,City,,Green Book,
"John J. Hughes, Esq.",Chief Clerk VI,New York State Surrogate's Court - Bronx County,,,(718) 618-2300,,,,851 Grand Concourse,Bronx,NY,10451,Courts,,Green Book,
Joseph Raione,Borough Chief,Sanitation,DSNY,Operations > Borough Offices & Borough Chiefs > Brooklyn North,(718) 571-6441,,(718) 571-6425,,161 Varick Ave.,Brooklyn,NY,11237,City,,Green Book,
Shivonne Hutson,Equal Employment Opportunity Officer,"Medical Examiner, Office of Chief",OCME,,(646) 739-9269,(212) 323-1599,,,421 E. 26th St.,New York,NY,10016,City,,Green Book,
Kathleen Corradi,"Senior Vice President, Resident Services, Partnerships & Initiatives","Housing Authority, NYC",NYCHA,Operations,(212) 306-3276,,,,90 Church St.,New York,NY,10007,City,,Green Book,
Jana Pohorelsky,Chief of Staff to the Chief Operating Officer,"Housing Authority, NYC",NYCHA,,(212) 306-6018,,,,90 Church St.,New York,NY,10007,City,,Green Book,
Lillian Harris,"Senior Vice President, Leased Housing","Housing Authority, NYC",NYCHA,Leased Housing,(212) 306-8229,,,,90 Church St.,New York,NY,10007,City,,Green Book,
Christopher Hancock,Borough Chief,Sanitation,DSNY,Operations > Borough Offices & Borough Chiefs > Staten Island,(718) 571-6429,,(718) 370-5400,,2500 Richmond Ave.,Staten Island,NY,10314,City,,Green Book,
Ignazio Azzara,Borough Chief,Sanitation,DSNY,Operations > Borough Offices & Borough Chiefs > Queens West,(646) 885-4603,,(718) 334-9196,,52-35 58th Street,Woodside,NY,11377,City,,Green Book,
Stephanie Gutierrez,"Chief People Officer, People Operations",Campaign Finance Board,CFB,,(212) 409-1750,,,,100 Church St.,New York,NY,10007,City,,Green Book,
Patricia Zafiriadis,VP for Public Housing Tenancy Operations,"Housing Authority, NYC",NYCHA,Operations,(212) 306-3020,,,,90 Church St.,New York,NY,10007,City,,Green Book,
Yokarina Duarte-Medina,Chief Strategic Officer,"Emergency Management, NYC",NYCEM,Bureaus and ASOs > Office of Strategic Operations,(718) 422-8403,,,,165 Cadman Plaza East,Brooklyn,NY,11201,City,,Green Book,
Glenda Y. Villareal,Deputy Commissioner,"Veterans' Services, Department of",DVS,,(646) 891-9101,,,,1 Centre St.,New York,NY,10007,City,,Green Book,
Daton Lewis,Borough Chief,Sanitation,DSNY,Operations > Borough Offices & Borough Chiefs > Bronx,(646) 885-4822,,(347) 565-2033,,800 E. 176th Street,Bronx,NY,10460,City,,Green Book,
Yokarina Duarte-Medina,Chief of Staff,"Emergency Management, NYC",NYCEM,,(718) 422-8469,,,,165 Cadman Plaza East,Brooklyn,NY,11201,City,,Green Book,
Christina Farrell,Acting Commissioner,"Emergency Management, NYC",NYCEM,,(718) 422-4895,,,,165 Cadman Plaza East,Brooklyn,NY,11201,City,,Green Book,
Daniel Lindley,"Chief, Cleaning and Collection",Sanitation,DSNY,Operations > Cleaning and Collection,(646) 885-4646,,,,125 Worth St.,New York,NY,10013,City,,Green Book,
John Grimm,"Deputy Commissioner, Logistics","Emergency Management, NYC",NYCEM,Bureaus and ASOs > Office of Strategic Operations,(718) 422-4838,,,,165 Cadman Plaza East,Brooklyn,NY,11201,City,,Green Book,
Joseph Antonelli,Deputy Commissioner Management & Budget,Sanitation,DSNY,Management & Budget,(646) 885-4806,,,,125 Worth St.,New York,NY,10013,City,,Green Book,
Charisse Jamroz,VP for Management Services Department,"Housing Authority, NYC",NYCHA,Operations,(212) 306-8245,,,,90 Church St.,New York,NY,10007,City,,Green Book,
Robert Cavanaugh,Borough Chief,Sanitation,DSNY,Operations > Borough Offices & Borough Chiefs > Queens East,(718) 334-9077,,(718) 714-2400,,120-15 31st Ave.,Flushing,NY,11354,City,,Green Book,
Herman Schaffer,"Deputy Commissioner, Community Preparedness","Emergency Management, NYC",NYCEM,Bureaus and ASOs > Community Preparedness Bureau,(718) 422-4821,,,,165 Cadman Plaza East,Brooklyn,NY,11201,City,,Green Book,
James Leavy,Borough Chief,Sanitation,DSNY,Operations > Borough Offices & Borough Chiefs > Manhattan,(212) 360-3540,,(212) 360-3520,,427 E. 87th St.,New York,NY,10028,City,,Green Book,
Emily Jagroop,Chief Information Officer,"Veterans' Services, Department of",DVS,,(646) 889-4181,,,,1 Centre St.,New York,NY,10007,City,,Green Book,
Jon Dohlin,Director,Cultural Affairs,DCLA,Cultural Institutions Group > New York Aquarium,,,(718) 265-FISH,,31 Chambers St.,New York,NY,10007,City,,Green Book,
Jimmy Alomar,"Assistant Commissioner, Fiscal Affairs",Sanitation,DSNY,Management & Budget,(646) 885-4569,,,,125 Worth St.,New York,NY,10013,City,,Green Book,
Rosemarie J. Montalbano,Surrogate,New York State Surrogate's Court - Kings County,,,,,,,2 Johnson St.,Brooklyn,NY,11201,Courts,,Green Book,
Terrance Stroud,"Deputy Commissioner, Training",Human Resources Administration / Department of Social Services,HRA DSS,DSS Office of Legal Affairs,(929) 221-6808,,,,150 Greenwich St.,New York,NY,10007,City,,Green Book,
Chuck Kanu P.E.,"Assistant Commissioner, Facilities, Planning and Engineering",Sanitation,DSNY,"Support Services > Facilities, Planning and Engineering",(212) 437-4527,,,,44 Beaver St.,New York,NY,10004,City,,Green Book,
John Capo,"Director, Solid Waste Management",Sanitation,DSNY,Support Services > Solid Waste Management,(646) 885-4693,,(646) 885-4700,,125 Worth St.,New York,NY,10013,City,,Green Book,
Matthew Penfold,Deputy Commissioner,Finance,DOF,Tax Policy & Data Analytics,(212) 291-4041,,,,59 Maiden Ln.,New York,NY,10038,City,,Green Book,
Glenda Y. Villareal,General Counsel & ACCO,"Veterans' Services, Department of",DVS,,(646) 891-9101,,,,1 Centre St.,New York,NY,10007,City,,Green Book,
Cassandra Alvarez,Chief of Staff,"Veterans' Services, Department of",DVS,,(646) 891-8637,,,,1 Centre St.,New York,NY,10007,City,,Green Book,
Olga Statz,Deputy Commissioner for Legal Affairs/General Counsel,Business Integrity Commission,BIC,,(212) 437-0510,,,,100 Church St.,New York,NY,10007,City,,Green Book,
Lisa Scott-McKenzie,Commissioner,"Aging, Department for the",,,(212) 602-4100,,,,2 Lafayette St.,New York,NY,10007,City,,Green Book,
Charlie Anderson,"Senior Director, Government Affairs","Aging, Department for the",,External Affairs,(212) 602-4152,,,,2 Lafayette St.,New York,NY,10007,City,,Green Book,
Charles Rivera,Press Secretary,"Veterans' Services, Department of",DVS,,(646) 740-7296,,,,1 Centre St.,New York,NY,10007,City,,Green Book,
Anya Herasme,"Associate Commissioner, Community Services","Aging, Department for the",,Programs,(212) 602-4134,,,,2 Lafayette St.,New York,NY,10007,City,,Green Book,
Kirann Nesbit,"Chief Equal Employment/Diversity, Equity, and Inclusion Officer",Campaign Finance Board,CFB,,(212) 409-1847,,,,100 Church St.,New York,NY,10007,City,,Green Book,
Ronald Spence,"Assistant Commissioner, Preparedness and Resilience","Correction, Department of",DOC,Division of Strategic Operations,(718) 546-03351,,,,75-20 Astoria Blvd.,East Elmhurst,NY,11370,City,,Green Book,
Vilda Vera Mayuga,Commissioner / Chief Administrative Law Judge,"Administrative Trials And Hearings, Office of",OATH,,(212) 933-3015,(212) 933-3001,,,100 Church St.,New York,NY,10007,City,,Green Book,
Diem Tran,Executive Counsel,District Attorney,,District Attorney - Kings County,,,(718) 250-2000,,350 Jay St.,Brooklyn,NY,11201,County,,Green Book,
(vacant),Executive Assistant to Commissioner,Transportation,DOT,,(212) 839-6406,,,(212) 839-6490,55 Water St.,New York,NY,10041,City,yes,Green Book,
Faye Lewis,Deputy Commissioner/Supervising Administrative Law Judge,"Administrative Trials And Hearings, Office of",OATH,,(212) 933-3016,,,,100 Church St.,New York,NY,10007,City,,Green Book,
Alissa Guzman,"Director, Marketing/Digital Communications",Campaign Finance Board,CFB,,(212) 409-1840,,,,100 Church St.,New York,NY,10007,City,,Green Book,
"Alister F. Martin MD, MPP",Commissioner,"Health & Mental Hygiene, Department of",DOHMH,,(347) 396-4133,,,,42-09 28th St.,Long Island City,NY,11101,City,,Green Book,
Chetan Patel,"Director, Engineering Audit Bureau",Transportation,DOT,Office of the Executive Deputy Commissioner > Audit Bureau,(212) 839-4404,,,,55 Water St.,New York,NY,10041,City,,Green Book,
Azikiwe Rich,"Assistant Commissioner of Analytics, Performance & Management",Transportation,DOT,Office of the Executive Deputy Commissioner > Performance & Asset Management,(212) 839-6443,,,,55 Water St.,New York,NY,10041,City,,Green Book,
"Christine Kakoulas, MD","Chief Medical Officer, BHS",Fire Department,FDNY,Bureau of Health Services,(718) 999-1933,,(718) 999-1917,,9 MetroTech Center,Brooklyn,NY,11201,City,,Green Book,
Angelina Martinez-Rubio,"Deputy Commissioner, Legal and Intergovernmental Affairs",Youth and Community Development,DYCD,,(646) 343-6099,,,,2 Lafayette St.,New York,NY,10007,City,,Green Book,
(vacant),"Executive Deputy ACCO, Construction & Consultant Programs",Transportation,DOT,Office of the Executive Deputy Commissioner > Agency Chief Contracting Office,(212) 839-9297,,,,55 Water St.,New York,NY,10041,City,yes,Green Book,
Mario Jr. Rocvil,Executive Director,Transportation,DOT,Office of the Executive Deputy Commissioner > Grants Administration > Fiscal Affairs,(212) 839-4592,,,(212) 839-2711,55 Water St.,New York,NY,10041,City,,Green Book,
Christopher Ryan,Acting Inspector General,Investigation,DOI,Investigations Division: Office of the Inspectors General > New York Police Department,(212) 806-5200,,,,180 Maiden Lane,New York,NY,10038,City,,Green Book,
Justin Kramer,Chief of Administration,District Attorney,,District Attorney - Kings County,,,(718) 250-2000,,350 Jay St.,Brooklyn,NY,11201,County,,Green Book,
JoAnn Kamuf Ward,"Deputy Commissioner, Policy & External Affairs","Human Rights, City Commission on",CCHR,Policy and External Affairs,(212) 416-0255,,,,22 Reade St.,New York,NY,10007,City,,Green Book,
Mark Kovaleski,"Interim Vice President, Enrollment Management & Student Affairs",City University of New York,CUNY,Senior Colleges > John Jay College of Criminal Justice,(212) 237-8100,,(212) 237-8000,,205 E. 42nd St.,New York,NY,10017,City,,Green Book,
Sandra Escamilla-Davies,Commissioner,Youth and Community Development,DYCD,,(646) 343-6710,,,,2 Lafayette St.,New York,NY,10007,City,,Green Book,
Leena Panchwagh,Deputy Commissioner,Buildings,DOB,Information Technology,(212) 393-2015,,,,280 Broadway,New York,NY,10007,City,,Green Book,
Salvatore Agostino,"Assistant Commissioner, Strategic Enforcement",Buildings,DOB,Enforcement,(212) 393-2940,,,,280 Broadway,New York,NY,10007,City,,Green Book,
Chintan Desai R.A.,Borough Commissioner,Buildings,DOB,Development & Technical Affairs > Bronx Borough Office,(718) 841-2466,,(718) 960-4710,,1932 Arthur Ave.,Bronx,NY,10457,City,,Green Book,
Carlos Ortiz,Chief of Staff,Consumer and Worker Protection,CWP,,(212) 436-0345,,,,42 Broadway,New York,NY,10004,City,,Green Book,
Danielle Zuckerman,Manhattan Borough Commissioner,Transportation,DOT,Office of the First Deputy Commissioner > Borough Commissioners,(212) 839-6210,,,,55 Water St.,New York,NY,10041,City,,Green Book,
Maria C. Otero,"Deputy Commissioner, Employee Relations",Police Department,NYPD,,(646) 610-8170,,,,1 Police Plaza,New York,NY,10038,City,,Green Book,
Nicole Chavis,Chief of Staff,District Attorney,,District Attorney - Kings County,,,(718) 250-2000,,350 Jay St.,Brooklyn,NY,11201,County,,Green Book,
Steven Banks,Corporation Counsel,"Law Department, Office of the Corporation Counsel",LAW,,(212) 356-1000,,,,100 Church St.,New York,NY,10007,City,,Green Book,
Stephanie Rivera,"Assistant Commissioner, LEB","Human Rights, City Commission on",CCHR,Law Enforcement Bureau,,,(212) 416-0197,,22 Reade St.,New York,NY,10007,City,,Green Book,
Christopher Ryan,"Deputy Commissioner, Strategic Initiatives",Investigation,DOI,,(212) 825-2403,,,,180 Maiden Lane,New York,NY,10038,City,,Green Book,
Mark Sanabria,"Deputy Commissioner, Administration",Buildings,DOB,Administration,(212) 393-2022,,,,280 Broadway,New York,NY,10007,City,,Green Book,
Rebecca Kirchheimer,"Deputy Commissioner, Business Process Innovation & Design","Homeless Services, Department of",DHS,DSS Office of the First Deputy Commissioner,(929) 221-6931,,,,33 Beaver St.,New York,NY,10004,City,,Green Book,
James Canty,Chief in Charge,Fire Department,FDNY,Fire Operations > Safety Command,(718) 999-2245,,(718) 999-2245,,9 MetroTech Center,Brooklyn,NY,11201,City,,Green Book,
Raymond M. Weaver,Chief Deputy County Clerk of Jury Operations,County Clerk,,County Clerk - Queens County,,,(718) 298-0601,,88-11 Sutphin Blvd.,Jamaica,NY,11435,County,,Green Book,
Amanda Farinacci,Deputy Commissioner,Fire Department,FDNY,Public Information,(718) 999-2823,,,,9 MetroTech Center,Brooklyn,NY,11201,City,,Green Book,
Jeremy Brooks,"Associate Commissioner, Support Services",Fire Department,FDNY,Bureau of Support Services,(718) 999-6510,,,,9 MetroTech Center,Brooklyn,NY,11201,City,,Green Book,
Athina McBean,"Deputy Commissioner, Equal Employment Opportunity & Access Community & Engagement",Human Resources Administration / Department of Social Services,HRA DSS,"DSS Office of Diversity, Equity and Inclusion",(929) 221-5139,,,,150 Greenwich St.,New York,NY,10007,City,,Green Book,
Amy Lebowitz,"Director, Public Relations",Campaign Finance Board,CFB,,(212) 409-1771,,,,100 Church St.,New York,NY,10007,City,,Green Book,
"Jill Krauss MPA, MPH",Chief of Staff,"Health & Mental Hygiene, Department of",DOHMH,,(347) 396-4067,,,,42-09 28th St.,Long Island City,NY,11101,City,,Green Book,
(vacant),"Deputy Commissioner, Strategic Initiatives",Probation,DOP,,(212) 510-3720,,,,33 Beaver St.,New York,NY,10004,City,yes,Green Book,
Bethania Ortega,"Vice President, Administration & Finance",City University of New York,CUNY,Senior Colleges > Herbert H. Lehman College,(718) 960-8539,,(718) 960-8000,,205 E. 42nd St.,New York,NY,10017,City,,Green Book,
Darisa Cruz,Acting Bronx Borough Commissioner,Transportation,DOT,Office of the First Deputy Commissioner > Borough Commissioners,(212) 748-6680,,,,55 Water St.,New York,NY,10041,City,,Green Book,
Ahmed Tigani,Commissioner,Buildings,DOB,,(212) 393-2001,,,,280 Broadway,New York,NY,10007,City,,Green Book,
Paul Miano,Chief of EMS Operations,Fire Department,FDNY,,(718) 999-2770,,,,9 MetroTech Center,Brooklyn,NY,11201,City,,Green Book,
(vacant),Chief Fire Marshal,Fire Department,FDNY,Bureau of Fire Investigation,,,(718) 722-3600,,9 MetroTech Center,Brooklyn,NY,11201,City,yes,Green Book,
Gina Ugarte,"Deputy Commissioner, Finance",Buildings,DOB,Finance,(212) 393-2681,,,,280 Broadway,New York,NY,10007,City,,Green Book,
Jorge Silva Puras,"Provost & Senior Vice President, Academic Affairs & Student Success",City University of New York,CUNY,Senior Colleges > Herbert H. Lehman College,(718) 960-8222,,(718) 960-8000,,205 E. 42nd St.,New York,NY,10017,City,,Green Book,
Yusef Salaam,Member of City Council,City Council,NYCC,Members of the Council > Borough of Manhattan > 9th Council District,,,(212) 788-7397,,250 Broadway,New York,NY,10007,City,,Green Book,
Richard Glave,Chief Technology Officer (CTO),Buildings,DOB,Information Technology,(212) 393-2078,,,,280 Broadway,New York,NY,10007,City,,Green Book,
Susan Zhuang,Member of City Council,City Council,NYCC,Members of the Council > Borough of Brooklyn > 43rd Council District,,,(212) 788-7045,,250 Broadway,New York,NY,10007,City,,Green Book,
Chris Banks,Member of City Council,City Council,NYCC,Members of the Council > Borough of Brooklyn > 42nd Council District,,,(212) 788-6957,,250 Broadway,New York,NY,10007,City,,Green Book,
Hilary J. Gingold,Surrogate,New York State Surrogate's Court - New York County,,,,,,,31 Chambers St.,New York,NY,10007,Courts,,Green Book,
Peter S. Torre,General Counsel,Borough President - Manhattan,,,(212) 669-8168,,,,1 Centre St.,New York,NY,10007,City,,Green Book,
Charin Winker,Director Deputy,"Management & Budget, Office of",OMB,,(212) 788-5800,,,,255 Greenwich St.,New York,NY,10007,City,,Green Book,
Rochelle Cohen,Chief,"Law Department, Office of the Corporation Counsel",LAW,Tax and Bankruptcy Litigation,(212) 356-4062,,,,100 Church St.,New York,NY,10007,City,,Green Book,
Jeffrey Werner,General Counsel,"Management & Budget, Office of",OMB,,(212) 788-5800,,,,255 Greenwich St.,New York,NY,10007,City,,Green Book,
Joseph Pilewski,"Deputy Commissioner, General Support Services",Human Resources Administration / Department of Social Services,HRA DSS,DSS Office of Operations,(929) 252-2795,,,,150 Greenwich St.,New York,NY,10007,City,,Green Book,
Rachel Kaufman,Chief,"Law Department, Office of the Corporation Counsel",LAW,E-Discovery,(212) 356-4096,,,,100 Church St.,New York,NY,10007,City,,Green Book,
Teddy Gordon Martin,Deputy Director,"Management & Budget, Office of",OMB,,(212) 788-5800,,,,255 Greenwich St.,New York,NY,10007,City,,Green Book,
Sanna Wong-Chen,Associate Director,"Management & Budget, Office of",OMB,,(212) 788-5800,,,,255 Greenwich St.,New York,NY,10007,City,,Green Book,
Michael McClenathan,Associate Director,"Management & Budget, Office of",OMB,,(212) 788-5800,,,,255 Greenwich St.,New York,NY,10007,City,,Green Book,
Michael Chimowitz,Associate Director,"Management & Budget, Office of",OMB,,(212) 788-5800,,,,255 Greenwich St.,New York,NY,10007,City,,Green Book,
Minden Koopmans,Chief of Staff,Brooklyn Navy Yard Development Corporation,,,(929) 337-1206,,,,"141 Flushing Avenue, Suite 801",Brooklyn,NY,11205,City,,Green Book,
Roslyn Windholz JD,Deputy General Counsel and Secretary to the Board of Health,"Health & Mental Hygiene, Department of",DOHMH,Office of the General Counsel,(347) 396-6080,,,,42-09 28th St.,Long Island City,NY,11101,City,,Green Book,
William E. Schaeffer,Vice President & Inspector General,"School Construction Authority, NYC",SCA,,(718) 901-6600,,,,30-30 Thomson Ave.,Long Island City,NY,11101,City,,Green Book,
Eric Rivera,"Special Assistant, Equity and Inclusion Officer","Aging, Department for the",,Executive,(212) 602-7760,,,,2 Lafayette St.,New York,NY,10007,City,,Green Book,
Jeffrey M. Werner,Secretary,"Water Finance Authority, NYC Municipal",,,(212) 788-6298,,,,255 Greenwich St.,New York,NY,10007,City,,Green Book,
Nakisha Evans,"Senior Vice President, Workforce Development",Brooklyn Navy Yard Development Corporation,,,(718) 907-5942,,,,"141 Flushing Avenue, Suite 801",Brooklyn,NY,11205,City,,Green Book,
Caspar Barrow,"Executive Director, Budget & Finance/Chief Financial Officer",Investigation,DOI,Operations Division,(212) 825-0666,,,,180 Maiden Lane,New York,NY,10038,City,,Green Book,
(vacant),"Director, Community Affairs",Transportation,DOT,Office of the First Deputy Commissioner > Division of Bridges,(212) 839-6302,,,,55 Water St.,New York,NY,10041,City,yes,Green Book,
(vacant),Assistant Commissioner / Property Tax Research & Analytics,Finance,DOF,Tax Policy & Data Analytics,(212) 291-2973,,,,59 Maiden Ln.,New York,NY,10038,City,yes,Green Book,
Jocelyn Strauber,Acting Commissioner,Investigation,DOI,,(212) 825-2403,,,,180 Maiden Lane,New York,NY,10038,City,,governance dataset,Christopher Ryan
Thierry Paret,"Vice President, Architecture & Engineering","School Construction Authority, NYC",SCA,,(718) 472-8526,,,,30-30 Thomson Ave.,Long Island City,NY,11101,City,,Green Book,
Jeffrey M. Werner,Secretary and General Counsel,"Transitional Finance Authority, NYC",TFA,,(212) 788-6298,,,,255 Greenwich St.,New York,NY,10007,City,,Green Book,
Marah Rhoades,Deputy Commissioner,Human Resources Administration / Department of Social Services,HRA DSS,DSS Office of Strategy > Community Outreach,(929) 221-7204,,,,150 Greenwich St.,New York,NY,10007,City,,Green Book,
Rhonda Gaskins,"Director, Records, Data & Information",Campaign Finance Board,CFB,,(212) 409-1791,,,,100 Church St.,New York,NY,10007,City,,Green Book,
Daphne Colon,"Director, Support &amp; Logistics",Campaign Finance Board,CFB,,(212) 409-1811,,,,100 Church St.,New York,NY,10007,City,,Green Book,
Vincent Fabrizi,"Director, Infrastructure",Campaign Finance Board,CFB,,(212) 409-1721,,,,100 Church St.,New York,NY,10007,City,,Green Book,
Crystal Choy,"Director, Product Management & Operations",Campaign Finance Board,CFB,,(212) 409-1792,,,,100 Church St.,New York,NY,10007,City,,Green Book,
(vacant),"Associate Commissioner, Adult Operations",Probation,DOP,Adult Operations,(212) 510-3755,,,,33 Beaver St.,New York,NY,10004,City,yes,Green Book,
Carlos Obando,"Assistant Executive Director, Finance & Operations",Campaign Finance Board,CFB,,(212) 409-1868,,,,100 Church St.,New York,NY,10007,City,,Green Book,
Ruslan Gendelman,"Director, Software Development",Campaign Finance Board,CFB,,(212) 409-1725,,,,100 Church St.,New York,NY,10007,City,,Green Book,
Michele Archbald,"ACCO, Agency Chief Contracting Officer",Campaign Finance Board,CFB,,(212) 409-1870,,,,100 Church St.,New York,NY,10007,City,,Green Book,
Montgomery Dean,Acting Deputy Commissioner,Transportation,DOT,Office of the First Deputy Commissioner > Division of Traffic Operations,(212) 839-3350,,,(212) 839-1906,55 Water St.,New York,NY,10041,City,,Green Book,
Violet Fredericks,Chief of Staff,Probation,DOP,,(212) 510-3715,,,,33 Beaver St.,New York,NY,10004,City,,Green Book,
Philip Hung,"Deputy Commissioner, Chief Compliance and Privacy Officer, Equal Employment Opportunity Officer",Investigation,DOI,,(212) 825-2848,,,,180 Maiden Lane,New York,NY,10038,City,,Green Book,
Jerry Cifuentes,Senior Operations Analyst,Campaign Finance Board,CFB,,(212) 409-1800,,,,100 Church St.,New York,NY,10007,City,,Green Book,
Justin Brown,"Director, Finance",Campaign Finance Board,CFB,,(212) 409-1869,,,,100 Church St.,New York,NY,10007,City,,Green Book,
Shawn Crawford,"Director, Project Management Office",Campaign Finance Board,CFB,,(212) 409-1735,,,,100 Church St.,New York,NY,10007,City,,Green Book,
Steven Payne,Director,Borough Historical Societies,,The Bronx County Historical Society,,,(718) 881-8900,,3309 Bainbridge Ave.,Bronx,NY,10467,City,,Green Book,
Jerome White,Administrator for County Clerk Operations,County Clerk,,County Clerk - Queens County,,,(718) 298-0601,,88-11 Sutphin Blvd.,Jamaica,NY,11435,County,,Green Book,
(vacant),Assistant Commissioner,Transportation,DOT,Office of the First Deputy Commissioner > Division of Bridges > Bridge Management & Support Services Bureau,(212) 839-6331,,,,55 Water St.,New York,NY,10041,City,yes,Green Book,
Taiwo Onabanjo,Executive Director of Human Resources,"Human Rights, City Commission on",CCHR,Administration,(212) 416-0191,,,,22 Reade St.,New York,NY,10007,City,,Green Book,
Brent Taylor,"Assistant Commissioner, Fleet Services and Operations",Citywide Administrative Services,DCAS,Citywide Fleet Management,(212) 386-0276,,,,1 Centre St.,New York,NY,10007,City,,Green Book,
Katrina Porter,"Deputy Commissioner, Human Capital",Citywide Administrative Services,DCAS,Citywide Human Capital,(212) 386-0341,,(212) 669-7155,,1 Centre St.,New York,NY,10007,City,,Green Book,
Laura Bowman,Assistant Commissioner of Training and Investigations,Investigation,DOI,,(212) 825-2469,,,,180 Maiden Lane,New York,NY,10038,City,,Green Book,
Jessica Haaz,Inspector General,Investigation,DOI,Investigations Division: Office of the Inspectors General > Vendor Integrity,(212) 825-7316,,,,180 Maiden Lane,New York,NY,10038,City,,Green Book,
Yakeisha Blair,Administrator for Jury Operations,County Clerk,,County Clerk - Queens County,,,(718) 298-0601,,88-11 Sutphin Blvd.,Jamaica,NY,11435,County,,Green Book,
Andrew Sein,Inspector General,Investigation,DOI,Investigations Division: Office of the Inspectors General > Squad 5 - Inspector General,(212) 825-6859,,,,180 Maiden Lane,New York,NY,10038,City,,Green Book,
Eleonora Rivkin,Inspector General,Investigation,DOI,Investigations Division: Office of the Inspectors General > Squad 5 - Inspector General,(212) 825-2889,,,,180 Maiden Lane,New York,NY,10038,City,,Green Book,
Yvonne Quintian,Associate Director,"Management & Budget, Office of",OMB,,,,,,255 Greenwich St.,New York,NY,10007,City,,Green Book,
Shayvonne Nathaniel,"Executive Director, Human Resources",Investigation,DOI,Operations Division,(212) 825-5939,,,,180 Maiden Lane,New York,NY,10038,City,,Green Book,
Aldith Chambers,"Director, Vendex Unit",Investigation,DOI,City Investigative Services,(212) 825-6812,,(212) 442-5073,,83 Maiden Lane,New York,NY,10038,City,,Green Book,
Terence McCormick,"Assistant Commissioner, Architecture & Engineering","Parks, NYC",,Capital Projects,(646) 939-9416,,(718) 760-6600,,"Olmsted Center, Flushing Meadows Corona Park",Corona,NY,11368,City,,Green Book,
Nellie Afshar,First Deputy Commissioner,"Health & Mental Hygiene, Department of",DOHMH,,(347) 396-4505,,,,42-09 28th St.,Long Island City,NY,11101,City,,Green Book,
Wendy Wan R.A.,Borough Commissioner,Buildings,DOB,Development & Technical Affairs > Central Development Programs,(212) 393-2895,,,,280 Broadway,New York,NY,10007,City,,Green Book,
Jason Razefsky,Chief of Staff,Buildings,DOB,,(212) 323-8940,,,,280 Broadway,New York,NY,10007,City,,Green Book,
"Mona Sehgal, Esq",Associate Commissioner and General Counsel,Buildings,DOB,Policy and Legal Affairs,,,,,280 Broadway,New York,NY,10007,City,,Green Book,
Cesar Bencosme,Deputy Commissioner Tax Audit & Enforcement,Finance,DOF,Tax Audit & Enforcement Division,(718) 488-2228,,,,375 Pearl St.,New York,NY,10038,City,,Green Book,
Eileen Mullarkey,"Associate Commissioner, Bureau of Social Services","Aging, Department for the",,Programs,(212) 602-4245,,,,2 Lafayette St.,New York,NY,10007,City,,Green Book,
Akeem Ayinde,"Tax Audit, Assistant Commissioner",Finance,DOF,Tax Audit & Enforcement Division,(212) 748-8115,,,,375 Pearl St.,New York,NY,10038,City,,Green Book,
"Jamell Isidor, Esq","Assistant Commissioner, Administrative Policy and Enforcement",Buildings,DOB,Policy and Legal Affairs,(212) 393-2734,,,,280 Broadway,New York,NY,10007,City,,Green Book,
Dorecia Phillip,"Assistant Commissioner, Regulatory Affairs and Policy Development",Buildings,DOB,Policy and Legal Affairs,(212) 393-2734,,,,280 Broadway,New York,NY,10007,City,,Green Book,
Rita J. Mella,Surrogate,New York State Surrogate's Court - New York County,,,,,,,31 Chambers St.,New York,NY,10007,Courts,,Green Book,
Scott Pavan R.A.,Borough Commissioner,Buildings,DOB,Development & Technical Affairs > Development HUB,(212) 393-2856,,(212) 393-2881,,280 Broadway,New York,NY,10007,City,,Green Book,
Irene Mendez JD,General Counsel,"Health & Mental Hygiene, Department of",DOHMH,Office of the General Counsel,(347) 396-6116,,,,42-09 28th St.,Long Island City,NY,11101,City,,Green Book,
"Ryan Wanttaja, Esq.",General Counsel,Transportation,DOT,Division of Legal Affairs > Office of the General Counsel,(212) 839-6500,,,,55 Water St.,New York,NY,10041,City,,Green Book,
"N. Patricia Browne, Esq.",Deputy General Counsel,Transportation,DOT,Division of Legal Affairs > Office of the General Counsel,(212) 839-6500,,,,55 Water St.,New York,NY,10041,City,,Green Book,
Mark Neal,Chief People Officer,Human Resources Administration / Department of Social Services,HRA DSS,DSS Office of the Chief People Officer,(929) 221-5488,,,,150 Greenwich St.,New York,NY,10007,City,,Green Book,
Joseph Ackroyd P.E.,"Assistant Commissioner, Technical Affairs & Code Development",Buildings,DOB,Development & Technical Affairs > Technical Affairs,(212) 393-2031,,(212) 393-2043,,280 Broadway,New York,NY,10007,City,,Green Book,
Keith Wen R.A.,"Assistant Commissioner, Code & Zoning Interpretation",Buildings,DOB,Development & Technical Affairs > Technical Affairs,(212) 393-2121,,(212) 393-2043,,280 Broadway,New York,NY,10007,City,,Green Book,
Ferron Pinnock,"Assistant Commissioner, Development Inspections",Buildings,DOB,Development & Technical Affairs > Development Inspections,(212) 393-2966,,(212) 393-2999,,280 Broadway,New York,NY,10007,City,,Green Book,
James Conroy,General Counsel,"Correction, Department of",DOC,Office of the General Counsel/Deputy Commissioner of Legal Affairs,(718) 546-0955,,,,75-20 Astoria Blvd.,East Elmhurst,NY,11370,City,,Green Book,
April Turner,"Deputy Commissioner, IT Service Management Services",Human Resources Administration / Department of Social Services,HRA DSS,DSS Office of Information Technology Services,(718) 510-8267,,,,150 Greenwich St.,New York,NY,10007,City,,Green Book,
Cheryl Leon,"Associate Commissioner, Borough Operations",Buildings,DOB,Development & Technical Affairs > Borough Operations,,,,,280 Broadway,New York,NY,10007,City,,Green Book,
Julio Useche,Chief Technology Officer,Transportation,DOT,Office of the Executive Deputy Commissioner > IT & Telecom,(212) 839-8163,,,,55 Water St.,New York,NY,10041,City,,Green Book,
Galit Hershkovich-Kim,"Deputy Commissioner, Adult Protective Services",Human Resources Administration / Department of Social Services,HRA DSS,HRA Office of Special Services,(929) 252-6100,,,(212) 896-5735,150 Greenwich St.,New York,NY,10007,City,,Green Book,
Richard Whint,"Assistant Commissioner, Inspections Quality Assurance",Buildings,DOB,Development & Technical Affairs > Inspections Quality Assurance,(212) 393-2275,,(212) 393-2999,,280 Broadway,New York,NY,10007,City,,Green Book,
Timothy Keenan,Chief in Charge,Fire Department,FDNY,Bureau of Training > Fire Academy,(212) 570-4313,,,,Randall's Island,New York,NY,10035,City,,Green Book,
"Joseph P. Fuccillo, Esq.",Deputy General Counsel,Transportation,DOT,Division of Legal Affairs > Office of the General Counsel,(212) 839-6500,,,,55 Water St.,New York,NY,10041,City,,Green Book,
James Saunders,"Deputy Commissioner, Health Affairs, Compliance and Quality","Correction, Department of",DOC,"Division of Health Affairs, Compliance and Quality",(718) 546-0405,,,,75-20 Astoria Blvd.,East Elmhurst,NY,11370,City,,Green Book,
Constadino (Gus) Sirakis P.E.,Deputy Commissioner,Buildings,DOB,Development & Technical Affairs,,,,,280 Broadway,New York,NY,10007,City,,Green Book,
Bill Dorante,"Deputy Commissioner, Fiscal Operations","Homeless Services, Department of",DHS,DSS Office of Program Performance and Financial Management,(929) 221-6225,,,,33 Beaver St.,New York,NY,10004,City,,Green Book,
Gina Bocra R.A.,Chief Sustainability Officer,Buildings,DOB,Sustainability,,,,,280 Broadway,New York,NY,10007,City,,Green Book,
Guillermo Patino,Deputy Commissioner Policy and Legal Affairs,Buildings,DOB,Policy and Legal Affairs,(212) 323-8071,,,,280 Broadway,New York,NY,10007,City,,Green Book,
Charles Jackson,Deputy Commissioner,Fire Department,FDNY,Bureau of Technology Development and Systems,(718) 999-3130,,,,9 MetroTech Center,Brooklyn,NY,11201,City,,Green Book,
Laura Popa,Deputy Commissioner,Buildings,DOB,Sustainability,(212) 393-2134,,,,280 Broadway,New York,NY,10007,City,,Green Book,
Reda Shehata R.A.,Borough Commissioner,Buildings,DOB,Development & Technical Affairs > Brooklyn Borough Office,(718) 488-2389,,(718) 802-3675,,345 Adams St.,Brooklyn,NY,11201,City,,Green Book,
Ricardo Rodriguez,Assistant Commissioner,Transportation,DOT,Office of the Chief Strategy Officer > Intergovernmental & Community Affairs,(212) 839-6445,,,(212) 839-4249,55 Water St.,New York,NY,10041,City,,Green Book,
Claudette Workman,"Assistant Commissioner, Special Events",Transportation,DOT,Office of the First Deputy Commissioner > Division of Sidewalks & Inspection Management > Office of Special Events & Banner Unit,(212) 839-6620,,,,55 Water St.,New York,NY,10041,City,,Green Book,
Patti Murphy,Executive Director,"Fire Museum, NYC",,,,,,,278 Spring St.,New York,NY,10013,City,,Green Book,
Jill Hrubecky P.E.,"Assistant Commissioner, Engineering Services",Buildings,DOB,Enforcement,(212) 393-2634,,,,280 Broadway,New York,NY,10007,City,,Green Book,
Jelani Watkins,Chief Financial Officer and Corporate Treasurer,Brooklyn Bridge Park Corporation,,,(718) 650-5943,,,,334 Furman St.,Brooklyn,NY,11201,City,,Green Book,
William Schaeffer,Inspector General,Investigation,DOI,Investigations Division: Office of the Inspectors General > Squad 9 - Inspector General,(718) 901-6600,,,,180 Maiden Lane,New York,NY,10038,City,,Green Book,
Geovanni Arroyo,Chief Information Officer,Investigation,DOI,Operations Division,(212) 825-2420,,,,180 Maiden Lane,New York,NY,10038,City,,Green Book,
Prashant Thakker,Deputy Commissioner & Chief Information Officer,Housing Preservation & Development,HPD,Office of First Deputy Commissioner,(212) 863-7872,,,,100 Gold St.,New York,NY,10038,City,,Green Book,
Cherry Bailey,Chief,Sanitation,DSNY,Operations > Safety and Training,(718) 758-7926,,,,3200 Flatbush Ave.,Brooklyn,NY,11234,City,,Green Book,
Patrick Love,Deputy Commissioner,Housing Preservation & Development,HPD,Office of Development,(212) 863-8578,,,(212) 863-5045,100 Gold St.,New York,NY,10038,City,,Green Book,
Juan Arias,"Assistant Commissioner, Construction Safety",Buildings,DOB,Enforcement,(212) 393-2741,,,,280 Broadway,New York,NY,10007,City,,Green Book,
(vacant),Director of Operations,Transportation,DOT,Office of the First Deputy Commissioner,(212) 839-6417,,,,55 Water St.,New York,NY,10041,City,yes,Green Book,
(vacant),"Director, Communications",Borough President - Brooklyn,,,(718) 802-3898,,,,209 Joralemon St.,Brooklyn,NY,11201,City,yes,Green Book,
Yegal Shamash P.E.,First Deputy Commissioner,Buildings,DOB,,(212) 393-2609,,,,280 Broadway,New York,NY,10007,City,,Green Book,
(vacant),Chief of Staff,Youth and Community Development,DYCD,,(646) 343-6065,,,,2 Lafayette St.,New York,NY,10007,City,yes,Green Book,
Arif Khan,Assistant Commissioner of Finance,"Medical Examiner, Office of Chief",OCME,,(212) 323-1367,,,,421 E. 26th St.,New York,NY,10016,City,,Green Book,
Frank McCarton,"Assistant Commissioner, Emergency Services",Buildings,DOB,Enforcement,(212) 393-2024,,,,280 Broadway,New York,NY,10007,City,,Green Book,
Amy Kleitman,General Counsel and Corporate Secretary,Brooklyn Bridge Park Corporation,,,(718) 650-5922,,,,334 Furman St.,Brooklyn,NY,11201,City,,Green Book,
Francesca Perrone,"Director, Policy",Borough President - Brooklyn,,,(718) 802-3804,,,,209 Joralemon St.,Brooklyn,NY,11201,City,,Green Book,
Reynaldo Hylton,"Assistant Commissioner, Enforcement Inspections",Buildings,DOB,Enforcement,(212) 393-2014,,,,280 Broadway,New York,NY,10007,City,,Green Book,
Ann Petterson,Inspector General,Investigation,DOI,Investigations Division: Office of the Inspectors General > Squad 4 - Inspector General,(212) 825-2826,,,,180 Maiden Lane,New York,NY,10038,City,,Green Book,
Caroline Johnson,Associate Commissioner/Chief Compliance Officer,Housing Preservation & Development,HPD,Office of Compliance and Risk Management,(212) 863-5478,,,,100 Gold St.,New York,NY,10038,City,,Green Book,
Vincent Pullo,Agency Chief Contracting Officer,"Homeless Services, Department of",DHS,DSS Office of Legal Affairs,(929) 221-6347,,,,33 Beaver St.,New York,NY,10004,City,,Green Book,
Michael Uvaydov,Records Access Officer,"Employees Retirement System Board of Trustees, NYC",NYCERS,,(347) 643-3750,,,,335 Adams St.,Brooklyn,NY,11201,City,,Green Book,
Deborah Brown,Senior Vice President,"Health + Hospitals NYC, (NYC H+H)",,Division of External & Regulatory Affairs/Office of Communications & Marketing,(646) 815-4114,,,,50 Water St.,New York,NY,10004,City,,Green Book,
(vacant),"Assistant Commissioner, Bureau of Investigations and Trials",Fire Department,FDNY,Legal Affairs,(718) 999-2110,,,,9 MetroTech Center,Brooklyn,NY,11201,City,yes,Green Book,
Tamer Hadi MS,Assistant Commissioner,"Health & Mental Hygiene, Department of",DOHMH,Office of Emergency Preparedness and Response > Bureau of Healthcare & Community Readiness,(347) 396-2769,,,,42-09 28th St.,Long Island City,NY,11101,City,,Green Book,
Lamar Fenton,"Vice President, Asset Management","Housing Authority, NYC",NYCHA,Real Estate,(212) 306-4024,,,,90 Church St.,New York,NY,10007,City,,Green Book,
(vacant),Internal Audit & Assessment,"Housing Authority, NYC",NYCHA,,(212) 306-8484,,,,90 Church St.,New York,NY,10007,City,yes,Green Book,
Alfred Ferguson,"Vice President, Waste Management Department","Housing Authority, NYC",NYCHA,Operations,(718) 707-5359,,,,90 Church St.,New York,NY,10007,City,,Green Book,
Sonya Russell,"Interim Depty Commn'r, Shelter Operations for Single Adults, Adult Families and Special Population","Homeless Services, Department of",DHS,DHS Office of Shelter Operations,(212) 607-6207,,,,33 Beaver St.,New York,NY,10004,City,,Green Book,
Barbara Brancaccio,Executive Vice President & Chief Communications Officer,"Housing Authority, NYC",NYCHA,,(212) 306-6083,,,,90 Church St.,New York,NY,10007,City,,Green Book,
Adam Phillips,First Deputy Commissioner,Housing Preservation & Development,HPD,Office of First Deputy Commissioner,(212) 863-7708,,,,100 Gold St.,New York,NY,10038,City,,Green Book,
Talya Schwartz,President & Chief Executive Officer,"Health + Hospitals NYC, (NYC H+H)",,Metroplus Health,(212) 908-8403,,,,50 Water St.,New York,NY,10004,City,,Green Book,
Monica Marquez MPH,Assistant Commissioner,"Health & Mental Hygiene, Department of",DOHMH,Office of Emergency Preparedness and Response > Bureau of Grants Management and Administration,(347) 396-2730,,,,42-09 28th St.,Long Island City,NY,11101,City,,Green Book,
Rebecca Chasan,Special Counsel,Investigation,DOI,General Counsel,(212) 806-5234,,,,180 Maiden Lane,New York,NY,10038,City,,Green Book,
Kevin McAnulty P.E.,Associate Deputy Commissioner,Transportation,DOT,"Office of the First Deputy Commissioner > Division of Bridges > Bridge Maintenance, Inspections & Operations Bureau",(212) 839-4081,,,,55 Water St.,New York,NY,10041,City,,Green Book,
Eric Robinson,NYPD Liaison,"Emergency Management, NYC",NYCEM,Bureaus and ASOs > Response Bureau,,,,,165 Cadman Plaza East,Brooklyn,NY,11201,City,,Green Book,
Sheshe Segar CCPO,"Executive Director, Finance & Chief Contracting Diversity Officer","Human Rights, City Commission on",CCHR,Administration,(212) 416-0123,,,,22 Reade St.,New York,NY,10007,City,,Green Book,
Calcedonio Bruno,Vice President Technical Services,"Housing Authority, NYC",NYCHA,Operations,(212) 306-8589,,,,90 Church St.,New York,NY,10007,City,,Green Book,
Eric Phillips,Vice President for Policy,"Housing Authority, NYC",NYCHA,,(212) 306-4180,,,,90 Church St.,New York,NY,10007,City,,Green Book,
Nicholas Lamberti,"Assistant Commissioner, Dispatch Operations",Fire Department,FDNY,Bureau of Support Operations,(718) 999-1706,,,,9 MetroTech Center,Brooklyn,NY,11201,City,,Green Book,
Matthew Charney,"Vice President, Design & Construction","Housing Authority, NYC",NYCHA,Real Estate,(212) 306-4019,,,,90 Church St.,New York,NY,10007,City,,Green Book,
Richard Solivan,"Vice President, Elevator Services & Repair","Housing Authority, NYC",NYCHA,Operations,(718) 707-5776,,,,90 Church St.,New York,NY,10007,City,,Green Book,
Rudy Murillo,"Vice President, Emergency Management and Services Department","Housing Authority, NYC",NYCHA,Operations,(718) 707-7744,,,,90 Church St.,New York,NY,10007,City,,Green Book,
David Schmid,"Deputy Commissioner, External Affairs","Emergency Management, NYC",NYCEM,Bureaus and ASOs > External Affairs Bureau,(718) 422-8902,,,,165 Cadman Plaza East,Brooklyn,NY,11201,City,,Green Book,
Nancy Harnett,Vice President & Deputy General Counsel for Litigation,"Housing Authority, NYC",NYCHA,Legal Affairs & General Counsel,(212) 776-5154,,,,90 Church St.,New York,NY,10007,City,,Green Book,
Beth Pappos,Chief Human Capital Officer,"Emergency Management, NYC",NYCEM,Bureaus and ASOs > Office of the Chief Financial Officer,(718) 422-4823,,,,165 Cadman Plaza East,Brooklyn,NY,11201,City,,Green Book,
Tori Ajibade,Chief Equity and Diversity Officer,"Emergency Management, NYC",NYCEM,Bureaus and ASOs > Office of the Chief Counsel,(718) 422-3001,,,,165 Cadman Plaza East,Brooklyn,NY,11201,City,,Green Book,
Maria Manfredi,"Vice President, Procurement","Housing Authority, NYC",NYCHA,Procurement,(212) 306-4666,,,,90 Church St.,New York,NY,10007,City,,Green Book,
Javier Almodovar,"Vice President, Heating Management Services Department","Housing Authority, NYC",NYCHA,Operations,(212) 306-3414,,,,90 Church St.,New York,NY,10007,City,,Green Book,
Ediltrudys Ruiz,Vice President for Information Technology & Chief Information Officer,City University of New York,CUNY,Senior Colleges > Herbert H. Lehman College,(718) 960-8421,,(718) 960-8000,,205 E. 42nd St.,New York,NY,10017,City,,Green Book,
Daniel Flynn,First Deputy Commissioner,Fire Department,FDNY,,(718) 999-2004,,,,9 MetroTech Center,Brooklyn,NY,11201,City,,Green Book,
Lillian Bonsignore,Commissioner,Fire Department,FDNY,,(718) 999-2004,,,,9 MetroTech Center,Brooklyn,NY,11201,City,,Green Book,
Tony Wong,Director of Administration,"Actuary, Office of",,,(212) 312-0113,,,,255 Greenwich St.,New York,NY,10007,City,,Green Book,
(vacant),Deputy Commissioner,Fire Department,FDNY,Bureau of External Affairs,,,,,9 MetroTech Center,Brooklyn,NY,11201,City,yes,Green Book,
Christine Clarke,Commissioner/Chair,"Human Rights, City Commission on",CCHR,,(212) 416-0120,,,(212) 341-0280,22 Reade St.,New York,NY,10007,City,,Green Book,
Reynaldo Cabrera,"Assistant Commissioner, Investigations and Compliance",Buildings,DOB,Enforcement,(212) 393-2011,,,,280 Broadway,New York,NY,10007,City,,Green Book,
Will Carry,"Assistant Commissioner, Policy",Transportation,DOT,Office of the Chief Strategy Officer > Policy Division,(212) 839-6657,,,,55 Water St.,New York,NY,10041,City,,Green Book,
Olga Suto R.A.,"Assistant Commissioner, Existing Buildings Compliance",Buildings,DOB,Enforcement,(212) 393-2621,,,,280 Broadway,New York,NY,10007,City,,Green Book,
Natalie Grybauskas,"Assistant Commissioner, Response","Emergency Management, NYC",NYCEM,Bureaus and ASOs > Response Bureau,(718) 422-3055,,,,165 Cadman Plaza East,Brooklyn,NY,11201,City,,Green Book,
Josephine Bartlett,"Vice President, Pest Management","Housing Authority, NYC",NYCHA,Operations,(718) 561-9413,,,,90 Church St.,New York,NY,10007,City,,Green Book,
Erika J. Louis,Chief Deputy County Clerk of County Operations,County Clerk,,County Clerk - Queens County,,,(718) 298-0601,,88-11 Sutphin Blvd.,Jamaica,NY,11435,County,,Green Book,
Kamal Deoi,Deputy CIO,Fire Department,FDNY,Bureau of Technology Development and Systems,(718) 999-0445,,,,9 MetroTech Center,Brooklyn,NY,11201,City,,Green Book,
Natalia Diaz,Chief of Staff,Mayor's Office of Equity & Racial Justice,MOERJ,NYC Her Future,,,,,253 Broadway,New York,NY,10007,City,,Green Book,
Ronald Porcelli,Director,Mayor's Office of Equity & Racial Justice,MOERJ,NYC Unity Project,,,(646) 995-8497,,253 Broadway,New York,NY,10007,City,,Green Book,
Paul Seamus Ryan,Executive Director,Campaign Finance Board,CFB,,(212) 409-1810,,,,100 Church St.,New York,NY,10007,City,,Green Book,
WInston Willibus,NYPD Lieutenant,Investigation,DOI,,(212) 825-5943,,,,180 Maiden Lane,New York,NY,10038,City,,Green Book,
Audrey Feldman,Inspector General,Investigation,DOI,Investigations Division: Office of the Inspectors General > Squad 6 - Inspector General,(212) 825-2883,,,,180 Maiden Lane,New York,NY,10038,City,,Green Book,
Michael Mullahy,Inspector General,Investigation,DOI,Investigations Division: Office of the Inspectors General > Squad 12 - Inspector General,(212) 825-0660,,,,180 Maiden Lane,New York,NY,10038,City,,Green Book,
Wendy Johnson,Agency Chief Contracting Officer,Youth and Community Development,DYCD,Agency Chief Contracting Officer (ACCO),,,(646) 343-6399,,2 Lafayette St.,New York,NY,10007,City,,Green Book,
Noah Mohney,Assistant Commissioner of Law Enforcement Technology Services,Investigation,DOI,,(212) 825-3234,,,,180 Maiden Lane,New York,NY,10038,City,,Green Book,
Katherine Carroll,"Deputy Commissioner, LEB","Human Rights, City Commission on",CCHR,Law Enforcement Bureau,,,(212) 416-0197,,22 Reade St.,New York,NY,10007,City,,Green Book,
Dominick Zarrella,"Deputy Commissioner, Chief of Investigations",Investigation,DOI,,(212) 825-3338,,,,180 Maiden Lane,New York,NY,10038,City,,Green Book,
Afua Atta-Mensah,NYC Chief Equity Officer and Commissioner,Mayor's Office of Equity & Racial Justice,MOERJ,,,,,,253 Broadway,New York,NY,10007,City,,governance dataset,Sideya Sherman
Chris Ritchie,Chief in Charge,Fire Department,FDNY,Fire Operations > Bronx Borough Command,,,(718) 999-2407,,3929 E. Tremont Ave.,Bronx,NY,10465,City,,Green Book,
Andrew Sein,"Acting Deputy Commissioner, Legal Affairs and General Counsel",Investigation,DOI,,(212) 825-6859,,,,180 Maiden Lane,New York,NY,10038,City,,Green Book,
Nathifa Forde,Executive Director,Mayor's Office of Equity & Racial Justice,MOERJ,NYC Her Future,,,,,253 Broadway,New York,NY,10007,City,,Green Book,
Sideya Sherman,Commissioner,Mayor's Office of Equity & Racial Justice,MOERJ,NYC Commission on Gender Equity,,,(212) 676-0058,,253 Broadway,New York,NY,10007,City,,Green Book,
Nerissa Moray,Chief Financial Officer,Environmental Protection,DEP,Office of the Chief Financial Officer,(718) 595-4810,,,,59-17 Junction Blvd.,Flushing,NY,11373,City,,Green Book,
Julie Lubin,Deputy Commissioner,Environmental Protection,DEP,"Bureau of Sustainability > Bureau of Environmental Compliance (Air, Noise & Asbestos)",(718) 595-6499,,,,59-17 Junction Blvd.,Flushing,NY,11373,City,,Green Book,
Eric Macfarlane P.E.,First Deputy Commissioner,Design and Construction,DDC,,(718) 391-3142,,,,30-30 Thomson Ave.,Long Island City,NY,11101,City,,Green Book,
Dina Levy,Commissioner,Housing Preservation & Development,HPD,,,,,(212) 863-6302,100 Gold St.,New York,NY,10038,City,,Green Book,
(vacant),Chief of Staff to the Commissioner,Housing Preservation & Development,HPD,,(212) 863-5646,,,,100 Gold St.,New York,NY,10038,City,yes,Green Book,
Deanna Foote,Constituent Affairs,Borough President - Brooklyn,,,(718) 802-3981,,,,209 Joralemon St.,Brooklyn,NY,11201,City,,Green Book,
Alicka Ampry-Samuel,Deputy Commissioner,Housing Preservation & Development,HPD,Office of Asset & Property Management,(212) 863-7301,,,,100 Gold St.,New York,NY,10038,City,,Green Book,
Isaac Selolwane,"Deputy Commissioner, Facilities & Logistics","Homeless Services, Department of",DHS,DHS Office of Operations,(212) 361-0889,,,,33 Beaver St.,New York,NY,10004,City,,Green Book,
Alla Ayzenshtat,Deputy Commissioner,Design and Construction,DDC,Safety & Site Support Division,(718) 391-1624,,,,30-30 Thomson Ave.,Long Island City,NY,11101,City,,Green Book,
Elena-Daniela Neacsu,"Director, Law Library","Law Department, Office of the Corporation Counsel",LAW,,(212) 356-1653,,,,100 Church St.,New York,NY,10007,City,,Green Book,
Judith Bernard,"Associate Commissioner, Capital Program Delivery",Design and Construction,DDC,Public Buildings Division > Capital Program Delivery,(718) 391-1123,,,,30-30 Thomson Ave.,Long Island City,NY,11101,City,,Green Book,
Julie Freeman,Associate Director,"Management & Budget, Office of",OMB,,(212) 788-5800,,,,255 Greenwich St.,New York,NY,10007,City,,Green Book,
Kaytlin Simmons,"Deputy Commissioner, Operations/Chief Diversity Officer",Investigation,DOI,,(212) 825-2407,,,,180 Maiden Lane,New York,NY,10038,City,,Green Book,
Timothy Kepler,"Associate Commissioner, Data Quality and Metrics","Correction, Department of",DOC,Office of Management Analysis and Planning,(718) 546-0941,,,,75-20 Astoria Blvd.,East Elmhurst,NY,11370,City,,Green Book,
Courtney Solfaro,Special Assistant,City University Construction Fund,,,(646) 664-2609,,,,555 W. 57th St.,New York,NY,10019,City,,Green Book,
Jensen Ambachen,General Counsel,City University Construction Fund,,,(646) 664-9236,,,,555 W. 57th St.,New York,NY,10019,City,,Green Book,
Amit Sharma,Chief Information Officer,Records & Information Services,,,(212) 341-6023,,,,31 Chambers St.,New York,NY,10007,City,,Green Book,
Johnnie Davis,EEO Director/MWBE Officer/Chief Diversity Officer,Records & Information Services,,,,,,,31 Chambers St.,New York,NY,10007,City,,Green Book,
Lisa Mangal,Administrator,County Clerk,,County Clerk - Kings County,(347) 404-9772,,(347) 404-9772,,360 Adams St.,Brooklyn,NY,11201,County,,Green Book,
Leslie Zimmerman,"Deputy Commissioner, Treasury & Payment Services",Finance,DOF,Customer Operations Division > Treasury & Payment Services,(212) 291-4076,,,,59 Maiden Ln.,New York,NY,10038,City,,Green Book,
Mohamed Attalla,Executive Director,City University Construction Fund,,,(646) 664-2609,,,,555 W. 57th St.,New York,NY,10019,City,,Green Book,
Robin Lee,Taxpayer & Parking Advocate,Finance,DOF,Taxpayer & Parking Advocate's Office,(212) 748-7272,,,,375 Pearl St.,New York,NY,10038,City,,Green Book,
Rebecca Chasan,"Director, Intergovernmental Affairs",Investigation,DOI,Intergovernmental Affairs,(212) 806-5234,,,,180 Maiden Lane,New York,NY,10038,City,,Green Book,
Kathryn Spota,Inspector General,Investigation,DOI,Investigations Division: Office of the Inspectors General > Squad 10 - Inspector General,(212) 825-3718,,,,180 Maiden Lane,New York,NY,10038,City,,Green Book,
Peter White,Director,Finance,DOF,Mayor's Office of Deed Theft,(212) 602-7010,,,,1 Centre St.,New York,NY,10007,City,,Green Book,
Deanna Foote,"Director, Community Affairs",Borough President - Brooklyn,,,(718) 802-3981,,,,209 Joralemon St.,Brooklyn,NY,11201,City,,Green Book,
Erin Schultz,Special Advisor for Agency Projects & Accountability,Investigation,DOI,Operations Division,(212) 825-3250,,,,180 Maiden Lane,New York,NY,10038,City,,Green Book,
Jess Coleman,General Counsel,Borough President - Brooklyn,,,(718) 802-3883,,,,209 Joralemon St.,Brooklyn,NY,11201,City,,Green Book,
Laurian Farrell,Deputy Commissioner,Environmental Protection,DEP,Bureau of Sustainability > Bureau of Coastal Resilence,(718) 595-6180,,,,59-17 Junction Blvd.,Flushing,NY,11373,City,,Green Book,
Matthew Morea,"Assistant Commissioner, Finance",Taxi & Limousine Commission,TLC,"Office of Operations, People and Innovation",(212) 676-1106,,,,33 Beaver St.,New York,NY,10004,City,,Green Book,
Cornelius Neil Clancy,Inspector General,Investigation,DOI,Investigations Division: Office of the Inspectors General > Squad 8 - Inspector General,(212) 676-0932,,,,180 Maiden Lane,New York,NY,10038,City,,Green Book,
Laura Millendorf,Inspector General,Investigation,DOI,Investigations Division: Office of the Inspectors General > Squad 2 - Inspector General,(212) 825-2147,,,,180 Maiden Lane,New York,NY,10038,City,,Green Book,
Lisa Atkinson,Equal Employment Opportunity (EEO) Officer,Buildings,DOB,,(212) 393-2740,,,,280 Broadway,New York,NY,10007,City,,Green Book,
Aileen Hernandez,"Agency Chief Contracting Officer, Procurement",Investigation,DOI,Operations Division,(212) 825-2097,,,,180 Maiden Lane,New York,NY,10038,City,,Green Book,
Molly Murphy,Chief,"Law Department, Office of the Corporation Counsel",LAW,Legal Counsel,(212) 356-4025,,,,100 Church St.,New York,NY,10007,City,,Green Book,
Betty Matondo-John,Deputy Chief of Staff,"Law Department, Office of the Corporation Counsel",LAW,,(212) 356-2102,,,,100 Church St.,New York,NY,10007,City,,Green Book,
Ahmer Qadeer,Director & Chief Pension Administrator,Finance,DOF,Mayor's Office of Pension & Investments,(212) 602-7111,,,,1 Centre St.,New York,NY,10007,City,,Green Book,
Ronald Muriel,Chief Information Officer,"Law Department, Office of the Corporation Counsel",LAW,Information Technology,(212) 356-2090,,,,100 Church St.,New York,NY,10007,City,,Green Book,
Jacqueline Hui,Deputy General Counsel,Investigation,DOI,General Counsel,(212) 825-5240,,,,180 Maiden Lane,New York,NY,10038,City,,Green Book,
"Karen H. Charrington, Esq",Counsel to the County Clerk,County Clerk,,County Clerk - Queens County,,,(718) 298-0601,,88-11 Sutphin Blvd.,Jamaica,NY,11435,County,,Green Book,
Evan Hines,Deputy Commissioner,Taxi & Limousine Commission,TLC,"Office of Operations, People and Innovation",(212) 676-1076,,,,33 Beaver St.,New York,NY,10004,City,,Green Book,
Anais Holland-Rudd,Associate General Counsel,Investigation,DOI,General Counsel,(212) 825-0142,,,,180 Maiden Lane,New York,NY,10038,City,,Green Book,
Alden I. Foster,"Deputy Commissioner, Community Affairs",Police Department,NYPD,,(646) 610-5323,,,,1 Police Plaza,New York,NY,10038,City,,Green Book,
Michael Bernstein,Director of the Bureau of City Marshals,Investigation,DOI,General Counsel,(212) 825-2442,,,,180 Maiden Lane,New York,NY,10038,City,,Green Book,
John Carroll,Deputy General Counsel,Investigation,DOI,General Counsel,(212) 825-2863,,,,180 Maiden Lane,New York,NY,10038,City,,Green Book,
Russell J. Green,"Assistant Chief, Commanding",Police Department,NYPD,Patrol Borough Queens North,,,(718) 520-6777,,68-40 Austin St.,Forest Hills,NY,11375,City,,Green Book,
Asim Rehman,Commissioner/Chair,Business Integrity Commission,BIC,,(212) 437-0500,,,,100 Church St.,New York,NY,10007,City,,Green Book,
Kimberly Hua Ford,Executive Assistant to the Commissioner/Chair,Taxi & Limousine Commission,TLC,,(212) 676-1007,,,,33 Beaver St.,New York,NY,10004,City,,Green Book,
Paola Ruiz,Chief of Staff,Taxi & Limousine Commission,TLC,,(212) 676-1084,,,,33 Beaver St.,New York,NY,10004,City,,Green Book,
Marissa Carro,Inspector General,Investigation,DOI,Investigations Division: Office of the Inspectors General > Squad 1 - Inspector General,(212) 825-3340,,,,180 Maiden Lane,New York,NY,10038,City,,Green Book,
Ralph Iannuzzi,Inspector General,Investigation,DOI,Investigations Division: Office of the Inspectors General > Squad 7 - Inspector General,(212) 306-8316,,,,180 Maiden Lane,New York,NY,10038,City,,Green Book,
Mark McGuigan,"Executive Director, Facilities & Office Services",Investigation,DOI,Operations Division,(212) 825-5974,,,,180 Maiden Lane,New York,NY,10038,City,,Green Book,
Richard Schulsohn,Chief Assistant Corporation Counsel,"Law Department, Office of the Corporation Counsel",LAW,,(212) 356-2046,,,,100 Church St.,New York,NY,10007,City,,Green Book,
Clodagh McGowan,Assistant Director of Communications,Investigation,DOI,Communications,(212) 806-5225,,,,180 Maiden Lane,New York,NY,10038,City,,Green Book,
"Darnell Tyson PhD., P.E","Associate Deputy Commissioner, Traffic Operations, Engineering, Signals & Street Lighting",Transportation,DOT,"Office of the First Deputy Commissioner > Division of Traffic Operations > Signals, Street Lighting & Systems Engineering",(212) 839-3779,,,,55 Water St.,New York,NY,10041,City,,Green Book,
Leah Nomkin,"Director, Government Affairs/Policy",Business Integrity Commission,BIC,,(212) 437-0523,,,,100 Church St.,New York,NY,10007,City,,Green Book,
Diane Struzzi,Communications Director & Senior Advisor,Investigation,DOI,Communications,(212) 825-5931,,,,180 Maiden Lane,New York,NY,10038,City,,Green Book,
Michelle Craven,Associate Deputy Commissioner,Transportation,DOT,Division of Legal Affairs > Office of Cityscape & Franchises,(212) 839-4478,,(212) 839-6550,,55 Water St.,New York,NY,10041,City,,Green Book,
Alan Lefkof,"Director, Background Unit",Investigation,DOI,City Investigative Services,(212) 825-6810,,(212) 442-5073,,83 Maiden Lane,New York,NY,10038,City,,Green Book,
Eric Brown,"Assistant Commissioner, of Citywide Street Maintenance Operations",Transportation,DOT,Office of the First Deputy Commissioner > Division of Roadway Repair & Maintenance,(212) 839-2074,,,(212) 839-2079,55 Water St.,New York,NY,10041,City,,Green Book,
Lourdes Centeno,Deputy Commissioner,Human Resources Administration / Department of Social Services,HRA DSS,DSS Office of Strategy > Communications and Marketing,(929) 221-5131,,,,150 Greenwich St.,New York,NY,10007,City,,Green Book,
Ebony S. Washington,"Assistant Chief, Commanding",Police Department,NYPD,Criminal Justice Bureau,,,(646) 610-5305,,1 Police Plaza,New York,NY,10038,City,,Green Book,
Tom Chow,First Deputy Director,"Contract Services, Mayor's Office of",MOCS,,(212) 298-0800,,,,255 Greenwich St.,New York,NY,10007,City,,Green Book,
Jacqueline Gold,Assistant Commissioner,Finance,DOF,Community Affairs,(212) 602-7078,,,,1 Centre St.,New York,NY,10007,City,,Green Book,
Rebecca Kirchheimer,"Deputy Commissioner, Business Process Innovation & Design",Human Resources Administration / Department of Social Services,HRA DSS,DSS Office of the First Deputy Commissioner,(929) 221-6931,,,,150 Greenwich St.,New York,NY,10007,City,,Green Book,
Adam C. Waitzman,"Deputy Commissioner, Procedures",Human Resources Administration / Department of Social Services,HRA DSS,DSS Office of Legal Affairs,(929) 221-6858,,,,150 Greenwich St.,New York,NY,10007,City,,Green Book,
Shanna Midelton,First Deputy Commissioner,Citywide Administrative Services,DCAS,,(212) 386-0212,,,,1 Centre St.,New York,NY,10007,City,,Green Book,
Ryan Lavis,Press Officer,Finance,DOF,,(212) 602-7032,,,,1 Centre St.,New York,NY,10007,City,,Green Book,
Sherriann Rembert,Bureau Chief/Chief of Staff,"Correction, Department of",DOC,,(718) 546-0989,,,,75-20 Astoria Blvd.,East Elmhurst,NY,11370,City,,Green Book,
Melissa Enoch,Acting Assistant Commissioner,Environmental Protection,DEP,Bureau of Sustainability > Bureau of Environmental Planning & Analysis,(718) 595-5433,,,,59-17 Junction Blvd.,Flushing,NY,11373,City,,Green Book,
Thomas Kapp,Inspector General,Investigation,DOI,Investigations Division: Office of the Inspectors General > Squad 4 - Inspector General,(212) 825-5483,,,,180 Maiden Lane,New York,NY,10038,City,,Green Book,
Kevin Farley,"Associate Commissioner, LEB","Human Rights, City Commission on",CCHR,Law Enforcement Bureau,,,(212) 416-0197,,22 Reade St.,New York,NY,10007,City,,Green Book,
Cavita Lewis,Executive Assistant to the Commissioner,Environmental Protection,DEP,,(718) 595-5746,,,,59-17 Junction Blvd.,Flushing,NY,11373,City,,Green Book,
Alyssa Powell,Executive Assistant to Commissioner,"Correction, Department of",DOC,,(718) 546-0897,,,,75-20 Astoria Blvd.,East Elmhurst,NY,11370,City,,Green Book,
Nerissa Moray,Executive Director,Environmental Protection,DEP,Office of the Chief Financial Officer > The Water Board,(718) 595-4810,,(718) 595-3594,,59-17 Junction Blvd.,Flushing,NY,11373,City,,Green Book,
Albert Kramer,Deputy Commissioner,Environmental Protection,DEP,Office of the Chief Financial Officer > Bureau of Customer Services,(718) 595-4151,,(718) 595-6628,,59-17 Junction Blvd.,Flushing,NY,11373,City,,Green Book,
Francis Torres,First Deputy Commissioner,"Correction, Department of",DOC,,(718) 546-0814,,,,75-20 Astoria Blvd.,East Elmhurst,NY,11370,City,,Green Book,
Patricia Lyons,Deputy Commissioner,Environmental Protection,DEP,Office of the Chief Financial Officer > Budget Office,(718) 595-6314,,,,59-17 Junction Blvd.,Flushing,NY,11373,City,,Green Book,
Nina Meisel R.A.,Borough Commissioner,Buildings,DOB,Development & Technical Affairs > Queens Borough Office,(718) 286-3455,,(718) 286-7630,,120-55 Queens Blvd.,Kew Gardens,NY,11424,City,,Green Book,
Ari Maas,Deputy Commissioner,Environmental Protection,DEP,Bureau of Police & Security,(718) 595-3120,,(845) 334-7505,,59-17 Junction Blvd.,Flushing,NY,11373,City,,Green Book,
Michael Morris,Inspector General,Investigation,DOI,Investigations Division: Office of the Inspectors General > Squad 3 - Inspector General,(212) 825-3254,,,,180 Maiden Lane,New York,NY,10038,City,,Green Book,
"Andrea Howard, MD",Deputy Commissioner,"Health & Mental Hygiene, Department of",DOHMH,Division of Disease Control,(347) 396-2527,,,,42-09 28th St.,Long Island City,NY,11101,City,,Green Book,
Michelle Hernandez,"Assistant Vice President of Communications, Marketing and External Affairs",City University of New York,CUNY,Community Colleges > Borough of Manhattan Community College,(212) 220-1238,,(212) 220-8000,,205 E. 42nd St.,New York,NY,10017,City,,Green Book,
John Byrne,Special Counsel,District Attorney,,District Attorney - Kings County,,,(718) 250-2000,,350 Jay St.,Brooklyn,NY,11201,County,,Green Book,
Robert Galindo,"Associate Commissioner, Field Operations, Training & Law Enforcement Administration",Investigation,DOI,,(212) 825-5611,,,,180 Maiden Lane,New York,NY,10038,City,,Green Book,
Sadiya Hoque,Special Assistant to the President,City University of New York,CUNY,Senior Colleges > Brooklyn College,(718) 951-5671,,(718) 951-5000,,205 E. 42nd St.,New York,NY,10017,City,,Green Book,
Julio W. Izquierdo,Acting Vice President of Finance and Administration,City University of New York,CUNY,Community Colleges > Borough of Manhattan Community College,(212) 220-1240,,(212) 220-8000,,205 E. 42nd St.,New York,NY,10017,City,,Green Book,
Rachel Prozeller,"Executive Director, Records Management & Archives",Investigation,DOI,Operations Division,(212) 825-2268,,,,180 Maiden Lane,New York,NY,10038,City,,Green Book,
Adrienne Verrilli,Assistant Commissioner,"Health & Mental Hygiene, Department of",DOHMH,Office of External Affairs > Communications,(347) 396-4194,,,,42-09 28th St.,Long Island City,NY,11101,City,,Green Book,
S. Raschaad Hoggard,Executive Chief of Staff,City University of New York,CUNY,Community Colleges > Borough of Manhattan Community College,(212) 220-1213,,(212) 220-8000,,205 E. 42nd St.,New York,NY,10017,City,,Green Book,
Robert Englert R.A.,Borough Commissioner,Buildings,DOB,Development & Technical Affairs > Staten Island Borough Office,(718) 420-3595,,(718) 420-3593,,10 Richmond Terr.,Staten Island,NY,10301,City,,Green Book,
"Bindy Crouch MD, MPH","Assistant Commissioner, Immunization","Health & Mental Hygiene, Department of",DOHMH,Division of Disease Control > Bureau of Immunization,(347) 396-2648,,,,42-09 28th St.,Long Island City,NY,11101,City,,Green Book,
Hannah Howard,"Deputy Director, Enforcement",Conflicts of Interest Board,COIB,,(212) 437-0743,,,,2 Lafayette St.,New York,NY,10007,City,,Green Book,
Sarah Friedman,Acting General Counsel,Youth and Community Development,DYCD,General Counsel,(646) 343-6023,,,,2 Lafayette St.,New York,NY,10007,City,,Green Book,
(vacant),"Vice President, Campus Planning & Facilities",City University of New York,CUNY,Community Colleges > Borough of Manhattan Community College,(212) 220-8033,,(212) 220-8000,,205 E. 42nd St.,New York,NY,10017,City,yes,Green Book,
Joseph Conley,"Executive Assistant District Attorney, Investigations",District Attorney,,District Attorney - Queens County,(718) 286-6656,,(718) 286-6000,,125-01 Queens Blvd.,Kew Gardens,NY,11415,County,,Green Book,
(vacant),Chief Climate Officer,Comptroller,,Chief Climate Officer,,,,,1 Centre St.,New York,NY,10007,City,yes,Green Book,
"John Z. Marangos, Esq.",Counsel to the County Clerk,County Clerk,,County Clerk - Richmond County,(718) 675-7717,,(718) 675-8990,,130 Stuyvesant Pl.,Staten Island,NY,10301,County,,Green Book,
Stephen J. Fiala,"County Clerk, Clerk of the Supreme Court, Commissioner of Jurors and Register",County Clerk,,County Clerk - Richmond County,,,(718) 675-8990,,130 Stuyvesant Pl.,Staten Island,NY,10301,County,,Green Book,
Gulen H. Zubizarreta,"Executive Director, Human Resources",City University of New York,CUNY,Community Colleges > Borough of Manhattan Community College,(212) 220-8304,,(212) 220-8000,,205 E. 42nd St.,New York,NY,10017,City,,Green Book,
Jae Ko,Senior Advisor to the Commissioner & Director of External Affairs,Finance,DOF,,(929) 489-6144,,,,1 Centre St.,New York,NY,10007,City,,Green Book,
Sanjay Ramdath,"Vice President, Enrollment Management",City University of New York,CUNY,Community Colleges > Borough of Manhattan Community College,(212) 776-6385,,(212) 220-8000,,205 E. 42nd St.,New York,NY,10017,City,,Green Book,
Wendy Erdly,Chief of Staff,District Attorney,,District Attorney - Queens County,(718) 286-6330,,(718) 286-6000,,125-01 Queens Blvd.,Kew Gardens,NY,11415,County,,Green Book,
Miriam Flynn,Comptroller/Chief Fiscal Officer,County Clerk,,County Clerk - Richmond County,(718) 675-7715,,(718) 675-8990,,130 Stuyvesant Pl.,Staten Island,NY,10301,County,,Green Book,
Carl Wilson,Member of City Council,City Council,NYCC,Members of the Council > Borough of Manhattan > 3rd Council District,,,(212) 788-6979,,250 Broadway,New York,NY,10007,City,,Green Book,
(vacant),Jury Administrator,County Clerk,,County Clerk - Kings County > Division of Jurors,,,(347) 404-9904,,360 Adams St.,Brooklyn,NY,11201,County,yes,Green Book,
Padmore John MS,Acting Assistant Commissioner,"Health & Mental Hygiene, Department of",DOHMH,Center for Health Equity & Community Wellness > Bureau of Harlem Neighborhood Health,(646) 682-3321,,,,42-09 28th St.,Long Island City,NY,11101,City,,Green Book,
"Shama Ahuya PhD, MPH","Assistant Commissioner, Communicable Diseases","Health & Mental Hygiene, Department of",DOHMH,Division of Disease Control > Bureau of Communicable Disease,(347) 396-2656,,,,42-09 28th St.,Long Island City,NY,11101,City,,Green Book,
Blanca Ponce,Secretary to the Corporation Counsel,"Law Department, Office of the Corporation Counsel",LAW,,(212) 356-2202,,,,100 Church St.,New York,NY,10007,City,,Green Book,
Ian Swords,"Assistant Chief, EMS Operations",Fire Department,FDNY,Fire Operations > Emergency Medical Services Command,(718) 999-2770,,(718) 999-2770,,9 MetroTech Center,Brooklyn,NY,11201,City,,Green Book,
Colleen D. Babb,"Executive Assistant District Attorney, Community Partnership",District Attorney,,District Attorney - Queens County,(718) 286-6110,,(718) 286-6000,,125-01 Queens Blvd.,Kew Gardens,NY,11415,County,,Green Book,
Anthony D. Castro,Chief Technology Officer,"Human Rights, City Commission on",CCHR,Administration,(212) 416-0211,,,,22 Reade St.,New York,NY,10007,City,,Green Book,
Brad Hoylman-Sigal,President of the Borough,Borough President - Manhattan,,,,,,,1 Centre St.,New York,NY,10007,City,,Green Book,
(vacant),First Deputy Chief Actuary,"Actuary, Office of",,,(212) 312-0110,,,,255 Greenwich St.,New York,NY,10007,City,yes,Green Book,
"Mario DiRe, Esq.",Chief Deputy County Clerk/Chief of Operations,County Clerk,,County Clerk - Richmond County,(718) 675-8910,,(718) 675-8990,,130 Stuyvesant Pl.,Staten Island,NY,10301,County,,Green Book,
"Julian Watkins, MD",Acting Assistant Commissioner,"Health & Mental Hygiene, Department of",DOHMH,Center for Health Equity & Community Wellness > Bureau of Health Equity Capacity Building,(347) 396-4262,,,,42-09 28th St.,Long Island City,NY,11101,City,,Green Book,
Tyler Rickey,"Deputy Commissioner, Compliance & Support",Human Resources Administration / Department of Social Services,HRA DSS,DSS Office of Accountability,(929) 252-3077,,,,150 Greenwich St.,New York,NY,10007,City,,Green Book,
Mark Levine,Comptroller,Comptroller,,,,,,,1 Centre St.,New York,NY,10007,City,,Green Book,
Ronald Arabia,"Chief Deputy County Clerk, Chief of Staff, Director of Human Resources",County Clerk,,County Clerk - Richmond County,(718) 675-8910,,(718) 675-8990,,130 Stuyvesant Pl.,Staten Island,NY,10301,County,,Green Book,
"Nancy T. Sunshine, Esq.","County Clerk and Clerk of the Supreme Court and Commissioner of Jurors, County of Kings.",County Clerk,,County Clerk - Kings County,,,(347) 404-9772,,360 Adams St.,Brooklyn,NY,11201,County,,Green Book,
(vacant),Deputy Chief of Staff,Youth and Community Development,DYCD,,(646) 343-6732,,,,2 Lafayette St.,New York,NY,10007,City,yes,Green Book,
(vacant),Deputy Chief Legal Affairs Officer,"Homeless Services, Department of",DHS,DSS Office of Legal Affairs,(929) 221-6812,,,,33 Beaver St.,New York,NY,10004,City,yes,Green Book,
Vincent Pullo,Agency Chief Contracting Officer,Human Resources Administration / Department of Social Services,HRA DSS,DSS Office of Legal Affairs,(929) 221-6347,,,,150 Greenwich St.,New York,NY,10007,City,,Green Book,
Shaina Campbell MBA,Assistant Commissioner,"Health & Mental Hygiene, Department of",DOHMH,Center for Health Equity & Community Wellness > Bureau of Finance & Administration Services,(347) 396-4073,,,,42-09 28th St.,Long Island City,NY,11101,City,,Green Book,
"Francis J. Sheridan, Jr.",Deputy Commissioner of Jurors/Chief of Operations,County Clerk,,County Clerk - Kings County,(347) 404-9772,,(347) 404-9772,,360 Adams St.,Brooklyn,NY,11201,County,,Green Book,
Brian Hennessy,"Assistant Chief, Commanding",Police Department,NYPD,Patrol Borough Bronx South,,,(718) 610-4599,,257 Alexander Ave.,Bronx,NY,10454,City,,Green Book,
Roopesh Joshi P.E.,Acting Assistant Commissioner,Environmental Protection,DEP,Bureau of Sustainability > Office of Green Infrastructure and Cloudburst Design and Construction,(718) 595-3946,,,,59-17 Junction Blvd.,Flushing,NY,11373,City,,Green Book,
Tarek Khalil,"Assistant Commissioner, Mechanical and Plumbing Inspections",Buildings,DOB,Enforcement,(212) 602-0451,,,,280 Broadway,New York,NY,10007,City,,Green Book,
Leigh Beer,Assistant Commissioner,Environmental Protection,DEP,Labor Relations & Discipline > Office of Environmental Health & Safety,(718) 595-3082,,,,59-17 Junction Blvd.,Flushing,NY,11373,City,,Green Book,
Colette Samman,"Deputy Commissioner, Office of Emergency Management",Human Resources Administration / Department of Social Services,HRA DSS,DSS Office of Operations,(929) 252-3068,,,,150 Greenwich St.,New York,NY,10007,City,,Green Book,
Brendan Brosh,Chief Information Officer,District Attorney,,District Attorney - Queens County,(718) 286-6292,,(718) 286-6000,,125-01 Queens Blvd.,Kew Gardens,NY,11415,County,,Green Book,
Robert Groppe,"Associate Commissioner, DHS Support Services","Homeless Services, Department of",DHS,DHS Office of Operations,,,,,33 Beaver St.,New York,NY,10004,City,,Green Book,
Pamela Ross,"Deputy Commissioner, Housing & Homeless Services/Initiatives",Human Resources Administration / Department of Social Services,HRA DSS,HRA Office of Homelessness Prevention Administration,(929) 221-5217,,,,150 Greenwich St.,New York,NY,10007,City,,Green Book,
Asad Dandia,Borough Historian,Borough Historians,,Brooklyn,,,(347) 837-4859,,209 Joralemon St.,Brooklyn,NY,11201,City,,Green Book,
Edwin Raymond,NYC Sheriff,Finance,DOF,Office of the Sheriff,(718) 707-2001,,,,1 Centre St.,New York,NY,10007,City,,Green Book,
Sasha Mejia,Deputy Public Administrator,Public Administrator,,Public Administrator - Bronx County,(718) 293-7660,,(718) 293-7660,,851 Grand Concourse,Bronx,NY,10451,County,,Green Book,
Lissette Morales,Executive Assistant to the Commissioner,County Clerk,,County Clerk - Kings County,(347) 404-9772,,(347) 404-9772,,360 Adams St.,Brooklyn,NY,11201,County,,Green Book,
Timothy Chubinidze,Director of Advance,Borough President - Queens,,,(718) 286-2649,,,,120-55 Queens Blvd.,Kew Gardens,NY,11424,City,,Green Book,
Craig Schatzman,Deputy County Clerk,County Clerk,,County Clerk - Kings County,(347) 404-9772,,(347) 404-9772,,360 Adams St.,Brooklyn,NY,11201,County,,Green Book,
John Ciurcina,Counsel to the County Clerk,County Clerk,,County Clerk - Kings County,(347) 404-9772,,(347) 404-9772,,360 Adams St.,Brooklyn,NY,11201,County,,Green Book,
Daniel Schlachet,First Deputy Commissioner,"Investigation for the NYC School District, Special Commissioner of",,,(212) 510-1400,,,,80 Maiden Lane,New York,NY,10038,City,,Green Book,
Ronald Bauer,"Deputy Commissioner, IT Resource and Asset Management","Homeless Services, Department of",DHS,DSS Office of Information Technology Services,(718) 510-0499,,,,33 Beaver St.,New York,NY,10004,City,,Green Book,
Ellen N. Biben,Administrative Judge,New York State Supreme Court - First Judicial District (New York County),,NYS Supreme Court - Criminal Term > Administration,(646) 386-4083,,,,100 Centre St.,New York,NY,10013,Courts,,Green Book,
Jill Harris,Chief of Policy,District Attorney,,District Attorney - Kings County,,,(718) 250-2000,,350 Jay St.,Brooklyn,NY,11201,County,,Green Book,
Annie Meredith,General Counsel,"Human Rights, City Commission on",CCHR,General Counsel,(212) 416-0291,,,,22 Reade St.,New York,NY,10007,City,,Green Book,
Kathleen Knuth,Chief in Charge,Fire Department,FDNY,Bureau of Training > EMS Academy,(929) 409-0754,,,,Fort Totten,Bayside,NY,11359,City,,Green Book,
(vacant),First Deputy Commissioner,Consumer and Worker Protection,CWP,,,,,,42 Broadway,New York,NY,10004,City,yes,Green Book,
Timothy Kepler,"Associate Commissioner, MAP",Fire Department,FDNY,Bureau of Support Operations,(718) 999-2082,,,,9 MetroTech Center,Brooklyn,NY,11201,City,,Green Book,
Jeffrey Anderson,Deputy Chief Investigator,"Investigation for the NYC School District, Special Commissioner of",,,(212) 510-1434,,,,80 Maiden Lane,New York,NY,10038,City,,Green Book,
Valerie A. Batista,Special Counsel,"Investigation for the NYC School District, Special Commissioner of",,,(212) 510-1417,,,,80 Maiden Lane,New York,NY,10038,City,,Green Book,
Michael Choi,Deputy Commissioner,"Investigation for the NYC School District, Special Commissioner of",,,(212) 510-1404,,,,80 Maiden Lane,New York,NY,10038,City,,Green Book,
Mahnoor Jaura,"Director, Health & Human Services",Borough President - Bronx,,,(718) 590-2509,,,,851 Grand Concourse,Bronx,NY,10451,City,,Green Book,
Nancy T. Sunshine,County Clerk/Clerk of the Court,New York State Supreme Court - Second Judicial District (Kings County),,NYS - Supreme Court - Civil Term > Administration,(347) 404-9772,,(718) 675-7699,,360 Adams St.,Brooklyn,NY,11201,Courts,,Green Book,
Ludovic Leroy,Interim Associate Vice President External Relations and Strategic Partnerships,City University of New York,CUNY,Senior Colleges > Brooklyn College,(718) 951-2032,,(718) 951-5000,,205 E. 42nd St.,New York,NY,10017,City,,Green Book,
Lakisha Hickson,Chief Clerk,New York State Supreme Court - Twelfth Judicial District (Bronx County),,NYS Supreme Court - Bronx Supreme Civil Term,(718) 618-1400,,(718) 618-1400,,851 Grand Concourse,Bronx,NY,10451,Courts,,Green Book,
Tyler Rockey,"Deputy Commissioner, Compliance &amp; Support","Homeless Services, Department of",DHS,DSS Office of Program Accountability,(929) 252-3077,,,,33 Beaver St.,New York,NY,10004,City,,Green Book,
Persephone Tan,"Director, Borough Operations",Borough President - Bronx,,,(718) 590-3882,,,,851 Grand Concourse,Bronx,NY,10451,City,,Green Book,
Catherine Murphy-Garcia,Special Counsel,"Investigation for the NYC School District, Special Commissioner of",,,(212) 510-1423,,,,80 Maiden Lane,New York,NY,10038,City,,Green Book,
Priscilla Bailey,Director,Teachers' Retirement System,,,(212) 612-5445,,,,55 Water St.,New York,NY,10041,City,,Green Book,
Milton A. Tingling,"New York County, County Clerk",New York State Supreme Court - First Judicial District (New York County),,NYS - Supreme Court - Civil Term > Administration,(646) 386-5956,,(646) 386-3600,,60 Centre St.,New York,NY,10007,Courts,,Green Book,
Yasmin Ali,"Interim Vice President, Student Affairs",City University of New York,CUNY,Senior Colleges > Brooklyn College,(718) 951-5352,,(718) 951-5000,,205 E. 42nd St.,New York,NY,10017,City,,Green Book,
Michael S. Bisogna,Chief Investigator,"Investigation for the NYC School District, Special Commissioner of",,,(212) 510-1411,,,,80 Maiden Lane,New York,NY,10038,City,,Green Book,
Charles A. Small,Chief Clerk for Civil Matters,New York State Supreme Court - Second Judicial District (Kings County),,NYS - Supreme Court - Civil Term > Administration,(347) 296-1800,,(718) 675-7699,,360 Adams St.,Brooklyn,NY,11201,Courts,,Green Book,
Danielle Haynes,Chief Diversity Officer,City University of New York,CUNY,Senior Colleges > Brooklyn College,(718) 951-4128,,(718) 951-5000,,205 E. 42nd St.,New York,NY,10017,City,,Green Book,
Catherine Cullerton,First Deputy Chief Clerk,New York State Supreme Court - Twelfth Judicial District (Bronx County),,NYS Supreme Court - Bronx Supreme Criminal Term,(718) 618-3715,,(718) 618-3146,,265 E. 161st St.,Bronx,NY,10451,Courts,,Green Book,
Christina Bottego,Deputy Chief of Staff,"Medical Examiner, Office of Chief",OCME,,(212) 323-1979,,,,421 E. 26th St.,New York,NY,10016,City,,Green Book,
Safiya Baptiste-Taylor,"Deputy Commissioner, Career Services",Human Resources Administration / Department of Social Services,HRA DSS,HRA Office of Programs,(929) 221-6610,,,,150 Greenwich St.,New York,NY,10007,City,,Green Book,
(vacant),Deputy Borough President,Borough President - Bronx,,,(718) 590-4036,,,,851 Grand Concourse,Bronx,NY,10451,City,yes,Green Book,
Denita Williams,"Executive Deputy Commissioner, Human Resources Solutions",Human Resources Administration / Department of Social Services,HRA DSS,DSS Office of the Chief People Officer,(929) 221-5876,,,,150 Greenwich St.,New York,NY,10007,City,,Green Book,
Darma Diaz,"Associate Commissioner, Special Initiatives (FWC) Family Services","Homeless Services, Department of",DHS,DHS Office of Shelter Operations,(212) 361-0674,,,,33 Beaver St.,New York,NY,10004,City,,Green Book,
(vacant),"Deputy Commissioner, Infrastructure and Operations",Human Resources Administration / Department of Social Services,HRA DSS,DSS Office of Information Technology Services,,,,,150 Greenwich St.,New York,NY,10007,City,yes,Green Book,
Michael DiMaggio,Deputy Chief Clerk,New York State Supreme Court - First Judicial District (New York County),,NYS Supreme Court - Criminal Term > Central Clerk's Office,(646) 386-3999,,(646) 386-3900,,100 Centre St.,New York,NY,10013,Courts,,Green Book,
Denis Reo,Chief Clerk/Executive Officer,New York State Supreme Court - First Judicial District (New York County),,NYS - Supreme Court - Civil Term > Administration,(646) 386-3001,,(646) 386-3600,,60 Centre St.,New York,NY,10007,Courts,,Green Book,
Anthony DiStefano,Court Clerk Specialist,New York State Supreme Court - Thirteenth Judicial District (Richmond County),,NYS Supreme Court - Criminal Term,(718) 675-8764,,(718) 675-8760,,,,,,Courts,,Green Book,
Anna Correa,Director of Communications / Intergovernmental Affairs,"Investigation for the NYC School District, Special Commissioner of",,,(212) 510-1493,,,,80 Maiden Lane,New York,NY,10038,City,,Green Book,
David A. Coulibaly,"Director, Community Services",Borough President - Bronx,,,(718) 590-6001,,,,851 Grand Concourse,Bronx,NY,10451,City,,Green Book,
Elissia Conlon,Assistant Commissioner of Forensic Operations & Investigations,"Medical Examiner, Office of Chief",OCME,,(212) 323-1587,,,,421 E. 26th St.,New York,NY,10016,City,,Green Book,
Julia Valette,First Deputy Chief Clerk,New York State Supreme Court - First Judicial District (New York County),,NYS Supreme Court - Criminal Term > Central Clerk's Office,(646) 386-4302,,(646) 386-3900,,100 Centre St.,New York,NY,10013,Courts,,Green Book,
Natalie Coombs,"Assistant Vice President, Enrollment Management",City University of New York,CUNY,Senior Colleges > Brooklyn College,(718) 758-8128,,(718) 951-5000,,205 E. 42nd St.,New York,NY,10017,City,,Green Book,
Nancy T. Sunshine,County Clerk/Clerk of the Court,New York State Supreme Court - Second Judicial District (Kings County),,NYS Supreme Court - Criminal Term,(347) 404-9772,,(347) 296-1076,,320 Jay St.,Brooklyn,NY,11201,Courts,,Green Book,
Lillian O'Reilly,Vice President,City University of New York,CUNY,Senior Colleges > Brooklyn College,(718) 951-5114,,(718) 951-5000,,205 E. 42nd St.,New York,NY,10017,City,,Green Book,
Dwana Abraham,"Deputy Commissioner, Rental Assistance Administration",Human Resources Administration / Department of Social Services,HRA DSS,HRA Office of Housing Services,(929) 221-6726,,,,150 Greenwich St.,New York,NY,10007,City,,Green Book,
Audrey I. Pheffer,County Clerk and Clerk of the Court,New York State Supreme Court - Eleventh Judicial District (Queens County),,NYS Supreme Court - Criminal Term,(718) 298-0672,(718) 298-0601,(718) 298-1515,,125-01 Queens Blvd.,Kew Gardens,NY,11415,Courts,,Green Book,
Lisa White-Tingling,Court Clerk Specialist  TAP Coordinator,New York State Supreme Court - First Judicial District (New York County),,NYS Supreme Court - Criminal Term > Central Clerk's Office,(646) 386-4163,,(646) 386-3900,,100 Centre St.,New York,NY,10013,Courts,,Green Book,
Daverlice De Los Santos,"Director, Fiscal & Personnel",Borough President - Bronx,,,(718) 590-3545,,,,851 Grand Concourse,Bronx,NY,10451,City,,Green Book,
Michelle Foggie,Chief Clerk,New York State Supreme Court - Twelfth Judicial District (Bronx County),,NYS Supreme Court - Bronx Supreme Criminal Term,(718) 618-3000,,(718) 618-3146,,265 E. 161st St.,Bronx,NY,10451,Courts,,Green Book,
Rebecca Chew,Chief Program Officer,Human Resources Administration / Department of Social Services,HRA DSS,HRA Office of Programs,(929) 221-7015,,,,150 Greenwich St.,New York,NY,10007,City,,Green Book,
Stacey King,"Assistant Commissioner, Enrichment and Advancement","Correction, Department of",DOC,Division of Programs and Community Partnerships,(718) 546-8143,,,,75-20 Astoria Blvd.,East Elmhurst,NY,11370,City,,Green Book,
Ronald Bauer,"Deputy Commissioner, IT Resource and Asset Management",Human Resources Administration / Department of Social Services,HRA DSS,DSS Office of Information Technology Services,(718) 510-0499,,,,150 Greenwich St.,New York,NY,10007,City,,Green Book,
Robert P. Miraglia,General Counsel,Borough President - Bronx,,,(718) 590-3500,,,,851 Grand Concourse,Bronx,NY,10451,City,,Green Book,
Daniel Alessandrino,Chief Clerk for Criminal Matters,New York State Supreme Court - Second Judicial District (Kings County),,NYS Supreme Court - Criminal Term,(347) 296-1100,,(347) 296-1076,,320 Jay St.,Brooklyn,NY,11201,Courts,,Green Book,
Emily Moqtaderi,"Interim Associate Vice President, Institutional Advancement",City University of New York,CUNY,Senior Colleges > Brooklyn College,(718) 951-5099,,(718) 951-5000,,205 E. 42nd St.,New York,NY,10017,City,,Green Book,
(vacant),"Director, Intergovernmental",Borough President - Bronx,,,(718) 590-3500,,,,851 Grand Concourse,Bronx,NY,10451,City,yes,Green Book,
Matthew J. Emrick,"Director, Operations",Borough President - Bronx,,,(718) 590-3510,,,,851 Grand Concourse,Bronx,NY,10451,City,,Green Book,
(vacant),"Associate Commissioner, PATH","Homeless Services, Department of",DHS,"DHS Office of Shelter Intake, Assessment & Operational Capacity",(212) 361-0944,,,,33 Beaver St.,New York,NY,10004,City,yes,Green Book,
Gaby C. Sonberg,"Deputy Chief of Staff, Operations",Borough President - Bronx,,,(718) 590-5282,,,,851 Grand Concourse,Bronx,NY,10451,City,,Green Book,
Thomas F. Lucania,"Deputy Chief of Staff, External Affairs",Borough President - Bronx,,,(718) 590-3508,,,,851 Grand Concourse,Bronx,NY,10451,City,,Green Book,
Lawrence Salvato,Court Clerk Specialist,New York State Supreme Court - First Judicial District (New York County),,NYS Supreme Court - Criminal Term > Central Clerk's Office,(646) 386-4192,,(646) 386-3900,,100 Centre St.,New York,NY,10013,Courts,,Green Book,
Christopher DiSanto,Chief Clerk,New York State Supreme Court - First Judicial District (New York County),,NYS Supreme Court - Criminal Term > Central Clerk's Office,(646) 386-3900,,(646) 386-3900,,100 Centre St.,New York,NY,10013,Courts,,Green Book,
Sathish Ningaiah,"Chief Info Security Officer/Deputy Commissioner, Data Security Management",Human Resources Administration / Department of Social Services,HRA DSS,DSS Office of Accountability,(929) 252-2545,,,,150 Greenwich St.,New York,NY,10007,City,,Green Book,
Jaclyn Helms,Executive Legal Counsel and Labor Designee,City University of New York,CUNY,Senior Colleges > Brooklyn College,(718) 951-3118,,(718) 951-5000,,205 E. 42nd St.,New York,NY,10017,City,,Green Book,
(vacant),"Deputy Commissioner, Infrastructure & Operations","Homeless Services, Department of",DHS,DSS Office of Information Technology Services,,,,,33 Beaver St.,New York,NY,10004,City,yes,Green Book,
(vacant),Deputy Commissioner/Chief Diversity & Inclusion Officer,Fire Department,FDNY,,(718) 999-2106,,,,9 MetroTech Center,Brooklyn,NY,11201,City,yes,Green Book,
Charlton Lemon,Assistant Chief of Security,"Correction, Department of",DOC,Office of the Senior Deputy Commissioner,(718) 546-5630,,,,75-20 Astoria Blvd.,East Elmhurst,NY,11370,City,,Green Book,
Simone Smith,"Assistant Commissioner/ACCO, Central Office of Procurement","Correction, Department of",DOC,Finance Division,(718) 546-0690,,,,75-20 Astoria Blvd.,East Elmhurst,NY,11370,City,,Green Book,
Andrea Louie,"Assistant Commissioner, Program Services",Cultural Affairs,DCLA,,(212) 298-8751,,,,31 Chambers St.,New York,NY,10007,City,,Green Book,
Linda Tigani,Chair and Executive Director,"Racial Equity, Commission on",CORE,,,,,,,,,,City,,Green Book,
(vacant),"Assistant Commissioner, Cultural Institutions",Cultural Affairs,DCLA,,(212) 298-8742,,,,31 Chambers St.,New York,NY,10007,City,yes,Green Book,
Bridget Hamblin,"Deputy Commissioner, Legal Affairs/General Counsel",Probation,DOP,,(212) 510-3920,,,,33 Beaver St.,New York,NY,10004,City,,Green Book,
Joan Gardner,"Deputy Commissioner, Juvenile Operations",Probation,DOP,,(212) 510-3770,,,,33 Beaver St.,New York,NY,10004,City,,Green Book,
Andrea McGill,"Deputy Commissioner, Administration",Probation,DOP,,(212) 510-3818,,,,33 Beaver St.,New York,NY,10004,City,,Green Book,
(vacant),"Director, Management Analysis &amp; Planning",Probation,DOP,Office of Information Technology,,,,,33 Beaver St.,New York,NY,10004,City,yes,Green Book,
Razwan Mirza,Chief Information Officer,Probation,DOP,,(212) 510-3815,,,,33 Beaver St.,New York,NY,10004,City,,Green Book,
Kory L. Blackwell,"Acting Assistant Commissioner, Division of Staff and Organizational Development",Probation,DOP,Strategic Initiatives,(718) 410-3938,,,,33 Beaver St.,New York,NY,10004,City,,Green Book,
(vacant),Agency Chief Contracting Officer,Probation,DOP,Administration,,,,,33 Beaver St.,New York,NY,10004,City,yes,Green Book,
(vacant),"Assistant Commissioner, Human Resources/Labor Relations",Probation,DOP,Administration,,,,,33 Beaver St.,New York,NY,10004,City,yes,Green Book,
(vacant),Equal Employment Opportunity Officer,Probation,DOP,,,,,,33 Beaver St.,New York,NY,10004,City,yes,Green Book,
(vacant),Senior Deputy Commissioner,"Correction, Department of",DOC,Office of the Senior Deputy Commissioner,,,,,75-20 Astoria Blvd.,East Elmhurst,NY,11370,City,yes,Green Book,
Ayinde Williams,"Associate Commissioner, Human Resources","Correction, Department of",DOC,Human Resources Division,(718) 546-3203,,,,75-20 Astoria Blvd.,East Elmhurst,NY,11370,City,,Green Book,
Allison Pace,"Associate Commissioner, Facility Operations","Correction, Department of",DOC,Office of the Senior Deputy Commissioner,(718) 546-8797,,,,75-20 Astoria Blvd.,East Elmhurst,NY,11370,City,,Green Book,
Danielle Davis,"Assistant Commissioner, Administration","Correction, Department of",DOC,Office of the Senior Deputy Commissioner,(718) 546-3268,,,,75-20 Astoria Blvd.,East Elmhurst,NY,11370,City,,Green Book,
Roman Paprocki,"Assistant Commissioner, Applicant Investigations","Correction, Department of",DOC,Human Resources Division,(718) 546-3268,,,,75-20 Astoria Blvd.,East Elmhurst,NY,11370,City,,Green Book,
Sherbreina Watson,"Assistant Commissioner, Human Resources Operations","Correction, Department of",DOC,Human Resources Division,(718) 546-3371,,,,75-20 Astoria Blvd.,East Elmhurst,NY,11370,City,,Green Book,
(vacant),"Deputy Commissioner, Administration","Correction, Department of",DOC,Office of the Senior Deputy Commissioner,(718) 546-8059,,,,75-20 Astoria Blvd.,East Elmhurst,NY,11370,City,yes,Green Book,
Mala Srinivasan,"Deputy Commissioner, Finance","Correction, Department of",DOC,Finance Division,(718) 546-0657,,,,75-20 Astoria Blvd.,East Elmhurst,NY,11370,City,,Green Book,
Patrick Benn,"Deputy Commissioner, Facility and Fleet Administration","Correction, Department of",DOC,Divison of Facility and Fleet Administration,(718) 546-1415,,,,75-20 Astoria Blvd.,East Elmhurst,NY,11370,City,,Green Book,
Daiwon Lee,"Assistant Commissioner, Data Analytics and Research","Correction, Department of",DOC,Office of Management Analysis and Planning,(718) 546-0453,,,,75-20 Astoria Blvd.,East Elmhurst,NY,11370,City,,Green Book,
Paul Shechtman,Senior Advisor to the Commissioner,"Correction, Department of",DOC,,(718) 546-0905,,,,75-20 Astoria Blvd.,East Elmhurst,NY,11370,City,,Green Book,
(vacant),"Deputy Commissioner, Classification and Custody Management","Correction, Department of",DOC,Office of the Senior Deputy Commissioner,(718) 546-8793,,,,75-20 Astoria Blvd.,East Elmhurst,NY,11370,City,yes,Green Book,
Matthew Pascarelli Pascarelli,"Assistant Commissioner, Finance","Correction, Department of",DOC,Finance Division,(718) 546-0654,,,,75-20 Astoria Blvd.,East Elmhurst,NY,11370,City,,Green Book,
Ronald Brereton,"Deputy Commissioner, Security Operations","Correction, Department of",DOC,Office of the Senior Deputy Commissioner,(718) 546-8044,,,,75-20 Astoria Blvd.,East Elmhurst,NY,11370,City,,Green Book,
Ned McCormick,"Associate Commissioner, Facility Operations","Correction, Department of",DOC,Office of the Senior Deputy Commissioner,(718) 546-8796,,,,75-20 Astoria Blvd.,East Elmhurst,NY,11370,City,,Green Book,
Elizabeth Lundi,"Assistant Commissioner, EEO","Correction, Department of",DOC,Office of Equal Employment Opportunity,(718) 546-0871,,,,75-20 Astoria Blvd.,East Elmhurst,NY,11370,City,,Green Book,
Victoriya Baranchuk,Assistant Commissioner,"Correction, Department of",DOC,Nunez Compliance Unit,(718) 546-0534,,,,75-20 Astoria Blvd.,East Elmhurst,NY,11370,City,,Green Book,
(vacant),"Associate Commissioner, Enterprise Applications","Correction, Department of",DOC,Information Technology Division,,,,,75-20 Astoria Blvd.,East Elmhurst,NY,11370,City,yes,Green Book,
(vacant),"Chief Surgeon, HMD","Correction, Department of",DOC,Health Management Division,(718) 595-2500,,,,75-20 Astoria Blvd.,East Elmhurst,NY,11370,City,yes,Green Book,
(vacant),"Deputy Commissioner, Public Information","Correction, Department of",DOC,Office of Public Information,(718) 546-0898,,,,75-20 Astoria Blvd.,East Elmhurst,NY,11370,City,yes,Green Book,
(vacant),"Assistant Commissioner, Counseling","Correction, Department of",DOC,Division of Programs and Community Partnerships,(718) 546-0440,,,,75-20 Astoria Blvd.,East Elmhurst,NY,11370,City,yes,Green Book,
Manu Goel,Deputy Commissioner/Chief Information Technology Officer,"Correction, Department of",DOC,Information Technology Division,(718) 546-0548,,,,75-20 Astoria Blvd.,East Elmhurst,NY,11370,City,,Green Book,
Kathleen Zadzora,"Assistant Commissioner, Health Affairs","Correction, Department of",DOC,"Division of Health Affairs, Compliance and Quality",(718) 546-0475,,,,75-20 Astoria Blvd.,East Elmhurst,NY,11370,City,,Green Book,
Lashawna Gordon-Dixon,"Assistant Commissioner, HMD","Correction, Department of",DOC,Health Management Division,(718) 595-2554,,,,75-20 Astoria Blvd.,East Elmhurst,NY,11370,City,,Green Book,
Brian Charkowick,"Associate Commissioner, Information Technology","Correction, Department of",DOC,Information Technology Division,(718) 546-0520,,,,75-20 Astoria Blvd.,East Elmhurst,NY,11370,City,,Green Book,
James Boyd,"Deputy Commissioner, Strategic Operations","Correction, Department of",DOC,Division of Strategic Operations,(718) 546-0814,,,,75-20 Astoria Blvd.,East Elmhurst,NY,11370,City,,Green Book,
Shaun Kelly,Assistant Commissioner,"Correction, Department of",DOC,Correctional Intelligence Unit,(718) 546-6335,,,,75-20 Astoria Blvd.,East Elmhurst,NY,11370,City,,Green Book,
Nell McCarty,"Associate Commissioner, Programs","Correction, Department of",DOC,Division of Programs and Community Partnerships,(718) 546-5474,,,,75-20 Astoria Blvd.,East Elmhurst,NY,11370,City,,Green Book,
Alexandria Maldonado,"Assistant Commissioner, Strategic Initiatives","Correction, Department of",DOC,Division of Strategic Operations,(718) 546-0733,,,,75-20 Astoria Blvd.,East Elmhurst,NY,11370,City,,Green Book,
Miguel Hernandez,"Assistant Commissioner, Program Operations","Correction, Department of",DOC,Division of Programs and Community Partnerships,(718) 546-0440,,,,75-20 Astoria Blvd.,East Elmhurst,NY,11370,City,,Green Book,
(vacant),"Assistant Commissioner, Investigations","Correction, Department of",DOC,Investigations Divison,(718) 546-4853,,,,75-20 Astoria Blvd.,East Elmhurst,NY,11370,City,yes,Green Book,
Jonathan Levine,Assistant Commissioner,"Correction, Department of",DOC,Special Investigations Unit,(718) 546-3308,,,,75-20 Astoria Blvd.,East Elmhurst,NY,11370,City,,Green Book,
Kyle Archie,"Assistant Commissioner, Operations Research","Correction, Department of",DOC,Division of Strategic Operations,(718) 546-0922,,,,75-20 Astoria Blvd.,East Elmhurst,NY,11370,City,,Green Book,
Monique Antoine,"Assistant Commissioner, Environmental Health","Correction, Department of",DOC,"Division of Health Affairs, Compliance and Quality",(718) 546-3091,,,,75-20 Astoria Blvd.,East Elmhurst,NY,11370,City,,Green Book,
Michael Carlier,"Director, Community Boards",Borough President - Queens,,Units,(718) 286-2974,,,,120-55 Queens Blvd.,Kew Gardens,NY,11424,City,,Green Book,
Christine Paulino,"Director, Facilities and Fleet",Borough President - Bronx,,,(718) 590-3545,,,,851 Grand Concourse,Bronx,NY,10451,City,,Green Book,
Valerie Greisokh,"Assistant Commissioner, Reintegration","Correction, Department of",DOC,Division of Programs and Community Partnerships,(718) 546-0453,,,,75-20 Astoria Blvd.,East Elmhurst,NY,11370,City,,Green Book,
(vacant),"Deputy Commissioner, Programs","Correction, Department of",DOC,Division of Programs and Community Partnerships,(718) 546-8320,,,,75-20 Astoria Blvd.,East Elmhurst,NY,11370,City,yes,Green Book,
Yvonne Prichett,"Deputy Commissioner, Investigations","Correction, Department of",DOC,Investigations Divison,(718) 546-0305,,,,75-20 Astoria Blvd.,East Elmhurst,NY,11370,City,,Green Book,
David Casanova,Special Counsel,"Investigation for the NYC School District, Special Commissioner of",,,(212) 510-1419,,,,80 Maiden Lane,New York,NY,10038,City,,Green Book,
"Keith Snow, Esq",General Counsel/Chief Administrative Officer,"Actuary, Office of",,,(212) 312-0111,,,,255 Greenwich St.,New York,NY,10007,City,,Green Book,
"Marek Tyszkiewicz ASA, MAAA",Chief Actuary,"Actuary, Office of",,,(212) 312-0110,,,,255 Greenwich St.,New York,NY,10007,City,,Green Book,
Marlene Markoe-Boyd,Records Access Officer & EEO Officer,"Actuary, Office of",,,(212) 312-0119,,,,255 Greenwich St.,New York,NY,10007,City,,Green Book,
"Melissa Chacko FSA, EA","Deputy Chief Actuary, Certification Services","Actuary, Office of",,,(212) 312-0166,,,,255 Greenwich St.,New York,NY,10007,City,,Green Book,
Katherine Otilia Zapata,Director of Intergovernmental Affairs and Director of Education,Borough President - Queens,,,(718) 286-2627,,,,120-55 Queens Blvd.,Kew Gardens,NY,11424,City,,Green Book,
(vacant),"Deputy Chief Actuary, Actuarial Services Division","Actuary, Office of",,,(212) 312-0178,,,,255 Greenwich St.,New York,NY,10007,City,yes,Green Book,
Arnab Das,"Deputy Commissioner, Administration","Administrative Trials And Hearings, Office of",OATH,,(212) 933-3030,,,,100 Church St.,New York,NY,10007,City,,Green Book,
Aneudy Castillo,"Assistant Chief, Commanding",Police Department,NYPD,Patrol Borough Bronx North,,,(718) 299-4314,,450 Cross Bronx Expy.,Bronx,NY,10457,City,,Green Book,
Jean Wesh,Deputy Commissioner/Ombudsperson & Pro Se Clerk,"Administrative Trials And Hearings, Office of",OATH,,(212) 436-0812,,,,100 Church St.,New York,NY,10007,City,,Green Book,
John Castelli,"Deputy Commissioner, Legislative Affairs","Administrative Trials And Hearings, Office of",OATH,,(212) 933-3087,,,,100 Church St.,New York,NY,10007,City,,Green Book,
Joseph Hughes,"Deputy Commissioner, Information Technology","Administrative Trials And Hearings, Office of",OATH,,(212) 436-0706,,,,100 Church St.,New York,NY,10007,City,,Green Book,
Maria Marchiano,Deputy Commissioner/Chief Clerk,"Administrative Trials And Hearings, Office of",OATH,,(212) 436-0836,,,,100 Church St.,New York,NY,10007,City,,Green Book,
Marisa Senigo,"Deputy Commissioner, Public Affairs & Communications","Administrative Trials And Hearings, Office of",OATH,,(212) 933-3080,,,,100 Church St.,New York,NY,10007,City,,Green Book,
Noel Garcia,Deputy Commissioner/ Special Education Hearings Division,"Administrative Trials And Hearings, Office of",OATH,,(212) 436-0824,,,,100 Church St.,New York,NY,10007,City,,Green Book,
Peter Schulman,"Deputy Commissioner, Appeals Division","Administrative Trials And Hearings, Office of",OATH,,(718) 923-6230,,,,100 Church St.,New York,NY,10007,City,,Green Book,
Rachel Amar,Senior Advisor to the Commissioner,"Administrative Trials And Hearings, Office of",OATH,,(212) 933-3088,,,,100 Church St.,New York,NY,10007,City,,Green Book,
Raymond Kramer,"Executive Director, Administrative Judicial Institute at OATH","Administrative Trials And Hearings, Office of",OATH,,(212) 436-0869,,,,100 Church St.,New York,NY,10007,City,,Green Book,
Raymond Kramer,"Executive Director, Center for Creative Conflict Resolution (CCCR)","Administrative Trials And Hearings, Office of",OATH,,(212) 436-0869,,,,100 Church St.,New York,NY,10007,City,,Green Book,
Sharina DeRoberts,EEO & Diversity Officer,"Administrative Trials And Hearings, Office of",OATH,,(212) 436-0524,,,,100 Church St.,New York,NY,10007,City,,Green Book,
Sandy Bryant,"Deputy Commissioner, Fair Hearing Administration","Homeless Services, Department of",DHS,DSS Office of Legal Affairs,(929) 221-6548,,,,33 Beaver St.,New York,NY,10004,City,,Green Book,
Benjamin Strong,"Senior Director, Emergency Preparedness","Aging, Department for the",,Administration,(212) 602-4443,,,,2 Lafayette St.,New York,NY,10007,City,,Green Book,
David Dring,"Assistant Commissioner, Change Management","Aging, Department for the",,Administration,(212) 602-4459,,,,2 Lafayette St.,New York,NY,10007,City,,Green Book,
Erkan Solak,Agency Chief Contracting Officer,"Aging, Department for the",,Administration,(212) 602-4280,,,,2 Lafayette St.,New York,NY,10007,City,,Green Book,
Glenford David,"Senior Director, General & Administrative Services","Aging, Department for the",,Administration,(212) 602-4290,,,,2 Lafayette St.,New York,NY,10007,City,,Green Book,
Jennine Ventura,"Assistant Commissioner, Interagency Collaboration and Innovation","Aging, Department for the",,Administration,(212) 602-4395,,,,2 Lafayette St.,New York,NY,10007,City,,Green Book,
Kamlesh Patel,Chief Information Officer,"Aging, Department for the",,Administration,(212) 602-4430,,,,2 Lafayette St.,New York,NY,10007,City,,Green Book,
Helen Foster,"Deputy Commissioner, HR Services","Homeless Services, Department of",DHS,DSS Office of the Chief People Officer,(929) 221-5568,,,,33 Beaver St.,New York,NY,10004,City,,Green Book,
Edgar J. Yu,"Assistant Commissioner, External Affairs & Chief of Staff","Aging, Department for the",,Executive,(212) 602-4148,,,,2 Lafayette St.,New York,NY,10007,City,,Green Book,
Anjella Babayeva,"Deputy Commissioner, Audit &amp; Quality Assurance Services",Human Resources Administration / Department of Social Services,HRA DSS,DSS Office of Accountability,(929) 221-6935,,,,150 Greenwich St.,New York,NY,10007,City,,Green Book,
"Judith Falk, Esq.",FOIL/Records Access,Transportation,DOT,Division of Legal Affairs > Office of Litigation Services/Records Management,(212) 839-9836,,(212) 839-9840,,55 Water St.,New York,NY,10041,City,,Green Book,
Jose Mercado,Chief Financial Officer,"Aging, Department for the",,Executive,(212) 602-4471,,,,2 Lafayette St.,New York,NY,10007,City,,Green Book,
Penney Vachiraprapun,General Counsel,"Aging, Department for the",,Executive,(212) 602-4286,,,,2 Lafayette St.,New York,NY,10007,City,,Green Book,
Ryan A. Murray,Executive Deputy Commissioner & Chief Program Officer,"Aging, Department for the",,Executive,(212) 602-7763,,,,2 Lafayette St.,New York,NY,10007,City,,Green Book,
Sade McIntosh,Chief Human Resources Officer,"Aging, Department for the",,Executive,(212) 602-4408,,,,2 Lafayette St.,New York,NY,10007,City,,Green Book,
Meka Nurse,"Senior Director, Aging Connect","Aging, Department for the",,External Affairs,(212) 602-4146,,,,2 Lafayette St.,New York,NY,10007,City,,Green Book,
Louella Byers,"Assistant Commissioner, Bureau of Community Services","Aging, Department for the",,Programs,(212) 602-4314,,,,2 Lafayette St.,New York,NY,10007,City,,Green Book,
Angel Hernandez,Borough Historian,Borough Historians,,Bronx,(718) 881-8900,,(718) 881-8900,,3309 Bainbridge Ave.,Bronx,NY,10467,City,,Green Book,
Brian Cain,"Assistant Director, Housing, Environment, and Infrastructure","Independent Budget Office, NYC",IBO,,,,,,110 William St.,New York,NY,10038,City,,Green Book,
Anastasia Coleman,Special Commissioner of Investigation,"Investigation for the NYC School District, Special Commissioner of",,,(212) 510-1400,,,,80 Maiden Lane,New York,NY,10038,City,,Green Book,
"Jack Eichenbaum, PhD",Borough Historian,Borough Historians,,Queens,,,(718) 961-8406,,,,,,City,,Green Book,
Thomas Matteo,Borough Historian,Borough Historians,,Staten Island,,,(718) 605-7568,,460 Brielle Ave.,Staten Island,NY,10314,City,,Green Book,
Deborah Schwartz,President & CEO,Borough Historical Societies,,Brooklyn Historical Society,,,(718) 222-4111,,128 Pierrepont St.,Brooklyn,NY,11201,City,,Green Book,
Jessica B. Phillips,Executive Director & CEO,Borough Historical Societies,,Staten Island Historical Society/Historic Richmond Town,,,(718) 351-1611,,441 Clarke Avenue,Staten Island,NY,10306,City,,Green Book,
Gary Hermalyn,CEO,Borough Historical Societies,,The Bronx County Historical Society,,,(718) 881-8900,,3309 Bainbridge Ave.,Bronx,NY,10467,City,,Green Book,
Teresa Brown,CAO,Borough Historical Societies,,The Bronx County Historical Society,,,(718) 881-8900,,3309 Bainbridge Ave.,Bronx,NY,10467,City,,Green Book,
Louise Mirrer,President & CEO,Borough Historical Societies,,The New-York Historical Society,,,(212) 873-3400,,170 Central Park West,New York,NY,10024,City,,Green Book,
Branka Duknic,Executive Director,Borough Historical Societies,,The Queens Historical Society at Kingsland Homestead,,,(718) 939-0647,,143-35 37th Ave.,Flushing,NY,11354,City,,Green Book,
Daniela Addamo,Curator & Collections Manager,Borough Historical Societies,,The Queens Historical Society at Kingsland Homestead,,,(718) 939-0647,,143-35 37th Ave.,Flushing,NY,11354,City,,Green Book,
Jason Antos,Acting President,Borough Historical Societies,,The Queens Historical Society at Kingsland Homestead,,,(718) 939-0647,,143-35 37th Ave.,Flushing,NY,11354,City,,Green Book,
Jeran Halfpap,Education & Outreach Director,Borough Historical Societies,,The Queens Historical Society at Kingsland Homestead,,,(718) 939-0647,,143-35 37th Ave.,Flushing,NY,11354,City,,Green Book,
Patricia B. Sherwood,"Vice President, Operations",Borough Historical Societies,,The Queens Historical Society at Kingsland Homestead,,,(718) 939-0647,,143-35 37th Ave.,Flushing,NY,11354,City,,Green Book,
Yuwen Huyan,Research & Administration Assistant,Borough Historical Societies,,The Queens Historical Society at Kingsland Homestead,,,(718) 939-0647,,143-35 37th Ave.,Flushing,NY,11354,City,,Green Book,
Angel Hernandez,Borough Historian,Borough President - Bronx,,,(718) 590-3500,,,,851 Grand Concourse,Bronx,NY,10451,City,,Green Book,
Betty McCray,"Director, Capital Programs",Borough President - Bronx,,,(718) 590-6033,,,,851 Grand Concourse,Bronx,NY,10451,City,,Green Book,
Ciara Gannon,"Director, Community Boards",Borough President - Bronx,,,(718) 590-6005,,,,851 Grand Concourse,Bronx,NY,10451,City,,Green Book,
Maya Rich,Special Counsel,"Investigation for the NYC School District, Special Commissioner of",,,(212) 510-1438,,,,80 Maiden Lane,New York,NY,10038,City,,Green Book,
Eric Pesner,"Director, Policy",Borough President - Bronx,,,(718) 590-6815,,,,851 Grand Concourse,Bronx,NY,10451,City,,Green Book,
Kavita Persaud,HR Director / Office Administrator,"Investigation for the NYC School District, Special Commissioner of",,,(212) 510-1420,,,,80 Maiden Lane,New York,NY,10038,City,,Green Book,
Joseph Schiralli,Chief in Charge,Fire Department,FDNY,Fire Operations > Queens Borough Command,,,(718) 965-0434,,135-16 38th Ave.,Flushing,NY,11354,City,,Green Book,
Geo Chacko,"Director, Information Technology",Borough President - Bronx,,,(718) 537-3405,,,,851 Grand Concourse,Bronx,NY,10451,City,,Green Book,
Elizabeth J. Shampnoi,"Director, Mediation & Conflict Resolution","Human Rights, City Commission on",CCHR,General Counsel,(212) 416-0228,,,,22 Reade St.,New York,NY,10007,City,,Green Book,
Samuel A. Levine,Commissioner,Consumer and Worker Protection,CWP,,,,,,42 Broadway,New York,NY,10004,City,,Green Book,
Justin B. Cortes,Chief of Staff & Senior Strategic Advisor,Borough President - Bronx,,,(718) 590-3500,,,,851 Grand Concourse,Bronx,NY,10451,City,,Green Book,
Juton M. Horstman,"Director, Planning & Development",Borough President - Bronx,,,(718) 590-3514,,,,851 Grand Concourse,Bronx,NY,10451,City,,Green Book,
Larcenia Walton,"Director, Ombudsman and Senior Services",Borough President - Bronx,,,(718) 590-6248,,,,851 Grand Concourse,Bronx,NY,10451,City,,Green Book,
Paul Miano,Chief of EMS Operations,Fire Department,FDNY,EMS Operations,,,(718) 999-2770,,9 MetroTech Center,Brooklyn,NY,11201,City,,Green Book,
Candice McCardle MPH,Deputy Chief of Staff,"Health & Mental Hygiene, Department of",DOHMH,,(347) 396-2784,,,,42-09 28th St.,Long Island City,NY,11101,City,,Green Book,
Michael A. Ivory,"Director, Communications",Borough President - Bronx,,,(718) 590-3500,,,,851 Grand Concourse,Bronx,NY,10451,City,,Green Book,
Edward Timbers,"Director, Communications",Environmental Protection,DEP,Bureau of Public Affairs & Communications,,,(718) 595-6600,,59-17 Junction Blvd.,Flushing,NY,11373,City,,Green Book,
Nelson Palacios,"Director, Education Policy & Youth Programs",Borough President - Bronx,,,(718) 590-3515,,,,851 Grand Concourse,Bronx,NY,10451,City,,Green Book,
Rebecca Behle,Director,Environmental Protection,DEP,Office of the Chief Financial Officer > Fleet Services,(718) 595-5259,,(718) 595-5259,,59-17 Junction Blvd.,Flushing,NY,11373,City,,Green Book,
Sonia Malave,"Director, Special Events",Borough President - Bronx,,,(718) 590-3989,,,,851 Grand Concourse,Bronx,NY,10451,City,,Green Book,
David Warne PE,Acting Deputy Commissioner,Environmental Protection,DEP,Bureau of Water Supply,(845) 340-7800,,,,465 Columbus Avenue,Valhalla,NY,10595,City,,Green Book,
(vacant),Consulting Engineer,Borough President - Bronx,,,(718) 590-3500,,,,851 Grand Concourse,Bronx,NY,10451,City,yes,Green Book,
(vacant),EEO Compliance Officer,Borough President - Bronx,,,(718) 590-6815,,,,851 Grand Concourse,Bronx,NY,10451,City,yes,Green Book,
Vanessa L. Gibson,President of the Borough,Borough President - Bronx,,,,,,,851 Grand Concourse,Bronx,NY,10451,City,,Green Book,
Alexis Rodriguez,Deputy Chief of Staff,Borough President - Brooklyn,,,(718) 802-3906,,,,209 Joralemon St.,Brooklyn,NY,11201,City,,Green Book,
Antonio Reynoso,President of the Borough,Borough President - Brooklyn,,,,,,,209 Joralemon St.,Brooklyn,NY,11201,City,,Green Book,
"Kenneth Shelton, Jr.",Data Acquisition and Governance Manager,"Independent Budget Office, NYC",IBO,,,,,,110 William St.,New York,NY,10038,City,,Green Book,
Astrid Cuas,"Director, Capital Expense Budget",Borough President - Brooklyn,,,(718) 802-3863,,,,209 Joralemon St.,Brooklyn,NY,11201,City,,Green Book,
Carol-Ann Church,"Director, Community Boards",Borough President - Brooklyn,,,(718) 802-4836,,,,209 Joralemon St.,Brooklyn,NY,11201,City,,Green Book,
Daniel Abramson,"Director, Intergovernmental Affairs & Appointments",Borough President - Brooklyn,,,(718) 802-4195,,,,209 Joralemon St.,Brooklyn,NY,11201,City,,Green Book,
Samantha Beck,Acting Chief of Staff,Environmental Protection,DEP,,(718) 595-6799,,,,59-17 Junction Blvd.,Flushing,NY,11373,City,,Green Book,
Andrea Pinnock,Vice President and Administration and Finance,City University of New York,CUNY,Community Colleges > Bronx Community College,(718) 289-5561,,(718) 289-5100,(718) 289-6333,205 E. 42nd St.,New York,NY,10017,City,,Green Book,
"Larry D. Johnson, Jr.",President,City University of New York,CUNY,Community Colleges > Bronx Community College,(718) 289-5155,,(718) 289-5100,(718) 289-6011,205 E. 42nd St.,New York,NY,10017,City,,Green Book,
Marit Lawson,"Acting Deputy Commissioner, Environment and Planning","Parks, NYC",,Environment/Planning,(212) 360-1415,,,,"The Arsenal, Central Park, 830 5th Ave. Room 203",New York,NY,10065,City,,Green Book,
Sarita Subramanian,"Senior Research and Strategy Officer, Education & Social and Community Services","Independent Budget Office, NYC",IBO,,,,,,110 William St.,New York,NY,10038,City,,Green Book,
Lacey Tauber,Legislative Director,Borough President - Brooklyn,,,(718) 802-3806,,,,209 Joralemon St.,Brooklyn,NY,11201,City,,Green Book,
David Carr,Minority Leader,City Council,NYCC,Officers of the Council,(212) 788-7390,,,,City Hall,New York,NY,10007,City,,Green Book,
Pedro Sena,"Director, Operations",Borough President - Brooklyn,,,(718) 802-3808,,,,209 Joralemon St.,Brooklyn,NY,11201,City,,Green Book,
Jennifer McDonnel,"Deputy Commissioner, Solid Waste Management",Sanitation,DSNY,Support Services > Solid Waste Management,(212) 437-4479,,(646) 885-4700,,125 Worth St.,New York,NY,10013,City,,Green Book,
Logan Clark,"Assistant Director and Chief Financial Officer, Budget Review","Independent Budget Office, NYC",IBO,,,,,,110 William St.,New York,NY,10038,City,,Green Book,
Yolanda Medina,"Interim Associate Dean, Faculty Affairs",City University of New York,CUNY,Community Colleges > Borough of Manhattan Community College,(212) 220-8323,,(212) 220-8000,,205 E. 42nd St.,New York,NY,10017,City,,Green Book,
Amy Slattery,"Director, Budget",Borough President - Manhattan,,,(212) 669-2392,,,,1 Centre St.,New York,NY,10007,City,,Green Book,
Aya Keefe,Deputy Borough President,Borough President - Manhattan,,,(212) 669-3634,,,,1 Centre St.,New York,NY,10007,City,,Green Book,
Jeremiah Johnson,"Acting Deputy Commissioner, Training and Development","Correction, Department of",DOC,Training and Development Division,(718) 707-2310,,,,75-20 Astoria Blvd.,East Elmhurst,NY,11370,City,,Green Book,
Solange Grey,"Deputy Commissioner, Trials and Litigation","Correction, Department of",DOC,Office of Trials and Litigation,(718) 546-03364,,,,75-20 Astoria Blvd.,East Elmhurst,NY,11370,City,,Green Book,
Keisha Sutton-James,Deputy Borough President,Borough President - Manhattan,,,(212) 669-3877,,,,1 Centre St.,New York,NY,10007,City,,Green Book,
Shaun Abreu,Majority Leader,City Council,NYCC,Officers of the Council,(212) 788-7007,,,,City Hall,New York,NY,10007,City,,Green Book,
Manuel Belliard,"Director, Constituent Services",Borough President - Manhattan,,,(212) 531-1609,,,,1 Centre St.,New York,NY,10007,City,,Green Book,
Ricardo Torres MPA,"Director, Manhattan Regional Office","Health & Mental Hygiene, Department of",DOHMH,Division of Family & Child Health > Bureau of Early Intervention,,,,,42-09 28th St.,Long Island City,NY,11101,City,,Green Book,
Winthrop Roosevelt,"Director, Communications",Borough President - Manhattan,,,(212) 669-8137,,,,1 Centre St.,New York,NY,10007,City,,Green Book,
Joshua Young,"Deputy Commissioner, Management, Analysis and Planning","Correction, Department of",DOC,Office of Management Analysis and Planning,(718) 546-0829,,,,75-20 Astoria Blvd.,East Elmhurst,NY,11370,City,,Green Book,
Kevin Doherty,"Associate Commissioner, Facility and Fleet Administration","Correction, Department of",DOC,Divison of Facility and Fleet Administration,(718) 546-1420,,,,75-20 Astoria Blvd.,East Elmhurst,NY,11370,City,,Green Book,
Caroline Bragdon,"Director, Neighborhood Interventions","Health & Mental Hygiene, Department of",DOHMH,Division of Environmental Health > Bureau of Veterinary and Pest Control Services,,,(646) 364-1799,,22 Cortlandt St.,New York,NY,10007,City,,Green Book,
Renee Noel,Assistant Commissioner,"Health & Mental Hygiene, Department of",DOHMH,Division of Environmental Health > Bureau of Child Care,(646) 632-6157,,,,125 Worth St.,New York,NY,10013,City,,Green Book,
Janice Chisolm,Assistant Commissioner,"Health & Mental Hygiene, Department of",DOHMH,"Division of Mental Hygiene > Bureau of Community Awareness, Action, Response, and Engagement (BCAARE)",(347) 396-7067,,,,42-09 28th St.,Long Island City,NY,11101,City,,Green Book,
Rick Simeone,"Director, Pest Control Services","Health & Mental Hygiene, Department of",DOHMH,Division of Environmental Health > Bureau of Veterinary and Pest Control Services,,,(646) 364-1799,,22 Cortlandt St.,New York,NY,10007,City,,Green Book,
Dorene Terry-Bess,Director of Health Academy,"Health & Mental Hygiene, Department of",DOHMH,Division of Environmental Health > Bureau of Food Safety and Community Sanitation,(646) 364-1047,,,,125 Worth St.,New York,NY,10013,City,,Green Book,
Norma S. Torres,"Director, Veterinary Public Health Services","Health & Mental Hygiene, Department of",DOHMH,Division of Environmental Health > Bureau of Veterinary and Pest Control Services,,,(646) 364-1799,,22 Cortlandt St.,New York,NY,10007,City,,Green Book,
Diane Fung,Assistant Commissioner,"Health & Mental Hygiene, Department of",DOHMH,Division of Environmental Health > Bureau of Environmental Sciences and Engineering,(718) 786-5574,,,,30-30 47th Ave.,Long Island City,NY,11101,City,,Green Book,
"Rebecca Linn-Walton, II",Assistant Commissioner,"Health & Mental Hygiene, Department of",DOHMH,"Division of Mental Hygiene > Bureau of Alcohol & Drug Use Prevention, Care & Treatment",(347) 396-7012,,,,42-09 28th St.,Long Island City,NY,11101,City,,Green Book,
Sarah Parker,"Senior Research & Strategy Officer, Budget Review, Economics & Housing, Environment & Infrastructure","Independent Budget Office, NYC",IBO,,,,,,110 William St.,New York,NY,10038,City,,Green Book,
Michael Moore,Assistant Secretary,"Water Finance Authority, NYC Municipal",,,(212) 356-2517,,,,255 Greenwich St.,New York,NY,10007,City,,Green Book,
Liesl B. Jones,Associate Provost,City University of New York,CUNY,Community Colleges > Borough of Manhattan Community College,(212) 220-8018,,(212) 220-8000,,205 E. 42nd St.,New York,NY,10017,City,,Green Book,
Wai Ting Yu,Assistant Commissioner,"Health & Mental Hygiene, Department of",DOHMH,Division of Finance > Bureau of Budget Administration,(347) 396-6214,,,,42-09 28th St.,Long Island City,NY,11101,City,,Green Book,
Matthew Pascarelli,Assistant Commissioner,Finance,DOF,Administration & Planning > Financial Management,(212) 291-4481,,,,59 Maiden Ln.,New York,NY,10038,City,,Green Book,
Angela Shand,"Director, Contracts & Procurement",Borough President - Staten Island,,,(718) 816-2124,,,,Borough Hall,Staten Island,NY,10301,City,,Green Book,
Karen Wilson-Stevenson,"Vice President, Institutional Advancement",City University of New York,CUNY,Community Colleges > Borough of Manhattan Community College,(212) 220-8021,,(212) 220-8000,,205 E. 42nd St.,New York,NY,10017,City,,Green Book,
"Daniel Master, Esq.",Counsel,Borough President - Staten Island,,,(718) 816-2134,,,,Borough Hall,Staten Island,NY,10301,City,,Green Book,
Asha Harris,"Assistant Commissioner, Urban Park Service","Parks, NYC",,Public Programs and Urban Park Service,(212) 360-1433,,,,"The Arsenal, Central Park, 830 5th Ave. Room 203",New York,NY,10065,City,,Green Book,
Heather DeMauro,Director of Human Resources,Borough President - Staten Island,,,(718) 816-2210,,,,Borough Hall,Staten Island,NY,10301,City,,Green Book,
Lauren Antonelli,"Executive Director, Dining Out NYC",Transportation,DOT,Division of Legal Affairs > Office of Cityscape & Franchises,(212) 839-6409,,(212) 839-6550,,55 Water St.,New York,NY,10041,City,,Green Book,
Marie Carmody La-Francesca,Director of Constituent Services & Capital Budget,Borough President - Staten Island,,,(718) 816-2141,,,,Borough Hall,Staten Island,NY,10301,City,,Green Book,
Ram Raju M.D.,Senior Advisor for Intergovernmental Affairs and Health & Wellness,Borough President - Staten Island,,,(718) 816-2049,,,,Borough Hall,Staten Island,NY,10301,City,,Green Book,
Philip Wasserman,Executive Director,"Water Finance Authority, NYC Municipal",,,(212) 788-4969,,,,255 Greenwich St.,New York,NY,10007,City,,Green Book,
Sia Petropole-Sipp,Special Assistant to the Borough President,Borough President - Staten Island,,,(718) 816-2058,,,,Borough Hall,Staten Island,NY,10301,City,,Green Book,
Vito J. Fossella,President of the Borough,Borough President - Staten Island,,,,,,,Borough Hall,Staten Island,NY,10301,City,,Green Book,
William Beale,Director of Emergency Management and Public Safety,Borough President - Staten Island,,,(718) 816-2062,,,,Borough Hall,Staten Island,NY,10301,City,,Green Book,
Eric Landau,President,Brooklyn Bridge Park Corporation,,,(718) 650-5925,,,,334 Furman St.,Brooklyn,NY,11201,City,,Green Book,
Jeffrey Sandgrund,Chief Operating Officer,Brooklyn Bridge Park Corporation,,,(718) 650-5930,,,,334 Furman St.,Brooklyn,NY,11201,City,,Green Book,
Sarah Krauss,"Chief of Staff & Vice President, Public Affairs",Brooklyn Bridge Park Corporation,,,(718) 650-5926,,,,334 Furman St.,Brooklyn,NY,11201,City,,Green Book,
Brian Linett,Senior Vice President & Controller,Brooklyn Navy Yard Development Corporation,,,(718) 907-5962,,,,"141 Flushing Avenue, Suite 801",Brooklyn,NY,11205,City,,Green Book,
Carmine Stabile,"Senior Vice President, Utilities & Maintenance",Brooklyn Navy Yard Development Corporation,,,(718) 907-5919,,,,"141 Flushing Avenue, Suite 801",Brooklyn,NY,11205,City,,Green Book,
Joseph Colista,"Vice President, Leasing",Brooklyn Navy Yard Development Corporation,,,(929) 337-1205,,,,"141 Flushing Avenue, Suite 801",Brooklyn,NY,11205,City,,Green Book,
Kerry Keegan,"Senior Vice President, Design & Construction",Brooklyn Navy Yard Development Corporation,,,(718) 907-5927,,,,"141 Flushing Avenue, Suite 801",Brooklyn,NY,11205,City,,Green Book,
Lindsay Greene,President & Chief Executive Officer,Brooklyn Navy Yard Development Corporation,,,(718) 907-5908,,,,"141 Flushing Avenue, Suite 801",Brooklyn,NY,11205,City,,Green Book,
Matt Harrison,"Senior Vice President, Development",Brooklyn Navy Yard Development Corporation,,,(718) 907-5983,,,,"141 Flushing Avenue, Suite 801",Brooklyn,NY,11205,City,,Green Book,
Naser Gjeloshi,Executive Vice President & Chief Operating Officer,Brooklyn Navy Yard Development Corporation,,,(718) 907-5902,,,,"141 Flushing Avenue, Suite 801",Brooklyn,NY,11205,City,,Green Book,
Joseph M. Gulotta,"Bureau Chief, Commanding",Police Department,NYPD,Transit Bureau,(718) 610-4650,,(718) 610-4650,,130 Livingston St.,Brooklyn,NY,11201,City,,Green Book,
Paul Kelly,Executive Vice President & General Counsel,Brooklyn Navy Yard Development Corporation,,,(718) 907-5928,,,,"141 Flushing Avenue, Suite 801",Brooklyn,NY,11205,City,,Green Book,
Shani Leibowitz,"Senior Vice President, Development & Planning",Brooklyn Navy Yard Development Corporation,,,(718) 907-5955,,,,"141 Flushing Avenue, Suite 801",Brooklyn,NY,11205,City,,Green Book,
Simone Robinson-Barnett,"Senior Vice President, Property Management",Brooklyn Navy Yard Development Corporation,,,(929) 337-9924,,,,"141 Flushing Avenue, Suite 801",Brooklyn,NY,11205,City,,Green Book,
Wimal Ariyawansa,Executive Vice President & Chief Financial Officer,Brooklyn Navy Yard Development Corporation,,,(212) 907-5981,,,,"141 Flushing Avenue, Suite 801",Brooklyn,NY,11205,City,,Green Book,
David Woloch,"Executive Vice President, External Affairs",Brooklyn Public Library,BPL,,(718) 230-2088,,,,10 Grand Army Plaza,Brooklyn,NY,11238,City,,Green Book,
Karen Sheehan,"Executive Vice President, Finance and Administration",Brooklyn Public Library,BPL,,(718) 230-2407,,,,10 Grand Army Plaza,Brooklyn,NY,11238,City,,Green Book,
Linda E. Johnson,President & CEO,Brooklyn Public Library,BPL,,(718) 230-2162,,,,10 Grand Army Plaza,Brooklyn,NY,11238,City,,Green Book,
Nick Higgins,Chief Librarian,Brooklyn Public Library,BPL,,(718) 230-2745,,,,10 Grand Army Plaza,Brooklyn,NY,11238,City,,Green Book,
Alison Bonfoey,Chief of Staff/Deputy Commissioner of Operations,Business Integrity Commission,BIC,,(212) 437-0533,,,,100 Church St.,New York,NY,10007,City,,Green Book,
David Mandell,Associate Commissioner of Legal Affairs/Deputy General Counsel/Records Access Officer,Business Integrity Commission,BIC,,(212) 437-0574,,,,100 Church St.,New York,NY,10007,City,,Green Book,
Cassandra White,"Deputy Commissioner, Street Homelessness Solutions","Homeless Services, Department of",DHS,DHS Office of Street Homelessness Solutions,(718) 716-7500,,,,33 Beaver St.,New York,NY,10004,City,,Green Book,
Spiros Moustakas,Head of Investigations,Business Integrity Commission,BIC,,(212) 437-0572,,,,100 Church St.,New York,NY,10007,City,,Green Book,
Michael Moore,Assistant Secretary,"Transitional Finance Authority, NYC",TFA,,(212) 356-2517,,,,255 Greenwich St.,New York,NY,10007,City,,Green Book,
Joydeep Roy,Economist At Large,"Independent Budget Office, NYC",IBO,,,,,,110 William St.,New York,NY,10038,City,,Green Book,
Kamillah Hanks,Majority Whip,City Council,NYCC,Officers of the Council,(212) 788-6972,,,,City Hall,New York,NY,10007,City,,Green Book,
(vacant),Dean of Health Sciences and Nursing,City University of New York,CUNY,Community Colleges > Borough of Manhattan Community College,(212) 220-8344,,(212) 220-8000,,205 E. 42nd St.,New York,NY,10017,City,yes,Green Book,
Eric S. Friedman,"Assistant Executive Director, Public Affairs",Campaign Finance Board,CFB,,(212) 409-1770,,,,100 Church St.,New York,NY,10007,City,,Green Book,
Julia Konrad,"Assistant Director, Education","Independent Budget Office, NYC",IBO,,,,,,110 William St.,New York,NY,10038,City,,Green Book,
Laura Neesley,Assistant Treasurer,"Water Finance Authority, NYC Municipal",,,(212) 788-6647,,,,255 Greenwich St.,New York,NY,10007,City,,Green Book,
Sauda Chapman,"Assistant Executive Director, Campaign Finance Administration",Campaign Finance Board,CFB,,(212) 409-1818,,,,100 Church St.,New York,NY,10007,City,,Green Book,
Amar Sondhi,"Interim Chief Information Officer, Information Technology (IT)","Children's Services, Administration for",ACS,,(212) 676-8611,,,,150 William St.,New York,NY,10038,City,,Green Book,
Eden Hauslaib,Chief Accountability Officer,"Children's Services, Administration for",ACS,,(212) 341-0953,,,,150 William St.,New York,NY,10038,City,,Green Book,
James Fey,"Senior Advisor, Investigations","Children's Services, Administration for",ACS,,(212) 341-0947,,,,150 William St.,New York,NY,10038,City,,Green Book,
James Keys,EEO/ADA Officer,"Children's Services, Administration for",ACS,,(212) 442-2356,,,,150 William St.,New York,NY,10038,City,,Green Book,
Janel Quiroz,Executive Scheduler & Executive Assistant to the Commissioner,"Children's Services, Administration for",ACS,,(212) 361-0911,,,,150 William St.,New York,NY,10038,City,,Green Book,
Jennifer Fiellman,"Assistant Commissioner, Audit & Accountability","Children's Services, Administration for",ACS,,(212) 341-8968,,,,150 William St.,New York,NY,10038,City,,Green Book,
Rebecca Jones Gaston,Commissioner,"Children's Services, Administration for",ACS,,(212) 341-0903,,,,150 William St.,New York,NY,10038,City,,governance dataset,Jess Dannhauser
Melissa Hester,"Deputy Commissioner, Human Resources","Children's Services, Administration for",ACS,,(212) 341-9500,,,,150 William St.,New York,NY,10038,City,,Green Book,
Tia Waddy,Chief of Staff,"Children's Services, Administration for",ACS,,(212) 341-2810,,,,150 William St.,New York,NY,10038,City,,Green Book,
Almarie Buddington,Assistant Borough Commissioner,"Children's Services, Administration for",ACS,Division of Child Protection > Child Protective Borough Offices > Bronx,(718) 933-1212,,,,974 Morris Park Ave.,Bronx,NY,10462,City,,Green Book,
Lisa Bolling,Assistant Borough Commissioner,"Children's Services, Administration for",ACS,Division of Child Protection > Child Protective Borough Offices > Bronx,(718) 239-5209,,,,974 Morris Park Ave.,Bronx,NY,10462,City,,Green Book,
Lauren Meller,Borough Chief,"Children's Services, Administration for",ACS,Division of Family Court Legal Services > Bronx Family Court Unit,,,(718) 590-8481,,150 William St.,New York,NY,10038,City,,Green Book,
Joan Cleary,Assistant Commissioner (Brooklyn West),"Children's Services, Administration for",ACS,Division of Child Protection > Child Protective Borough Offices > Brooklyn,(718) 218-6215,,,,185 Marcy Ave.,Brooklyn,NY,11211,City,,Green Book,
Rodney Jackson,Assistant Commissioner,"Children's Services, Administration for",ACS,Division of Child Protection > Child Protective Borough Offices > Brooklyn,(718) 623-4975,,,,185 Marcy Ave.,Brooklyn,NY,11211,City,,Green Book,
Wendy Brown,"Acting Assistant Commissioner, (Brooklyn East)","Children's Services, Administration for",ACS,Division of Child Protection > Child Protective Borough Offices > Brooklyn,(718) 623-4975,,,,185 Marcy Ave.,Brooklyn,NY,11211,City,,Green Book,
Oran Nembhard,Borough Chief,"Children's Services, Administration for",ACS,Division of Family Court Legal Services > Brooklyn Family Court Unit,,,(718) 802-2924,,150 William St.,New York,NY,10038,City,,Green Book,
David Bauer,"Assistant Commissioner, Residential Care","Children's Services, Administration for",ACS,Division of Family Permanency Services > Children Center,(646) 935-1719,,,,492 First Ave.,New York,NY,10016,City,,Green Book,
Antonio McCloud,Interim Assistant Commissioner,"Children's Services, Administration for",ACS,Division of Youth & Family Justice > Crossroads Juvenile Center,(718) 240-3856,,(718) 495-8160,,150 William St.,New York,NY,10038,City,,Green Book,
Lisa Hines Johnson M.A.,Deputy Commissioner,"Children's Services, Administration for",ACS,Division of Administration,(212) 676-0210,,,,150 William St.,New York,NY,10038,City,,Green Book,
Elizabeth Gilroy,Chief Operating Officer,"Children's Services, Administration for",ACS,Division of Child & Family Well Being,(212) 393-5451,,,,150 William St.,New York,NY,10038,City,,Green Book,
Elizabeth Wolkomir,"Deputy Commissioner, Child & Family Well Being","Children's Services, Administration for",ACS,Division of Child & Family Well Being,(212) 393-5100,,,,150 William St.,New York,NY,10038,City,,Green Book,
Rodney Jackson,"Associate Commissioner, Child Protection","Children's Services, Administration for",ACS,Division of Child Protection,(212) 341-2770,,,,150 William St.,New York,NY,10038,City,,Green Book,
Lauren McSwain,"Director, Immigrant Services & Language Affairs","Children's Services, Administration for",ACS,Division of External Affairs,(212) 676-9008,,,,150 William St.,New York,NY,10038,City,,Green Book,
Marisa Kaufman,"Assistant Commissioner, Communications","Children's Services, Administration for",ACS,Division of External Affairs,(212) 341-2689,,,,150 William St.,New York,NY,10038,City,,Green Book,
Michael Wilke,"Director, Marketing","Children's Services, Administration for",ACS,Division of External Affairs,(212) 513-0572,,,,150 William St.,New York,NY,10038,City,,Green Book,
Olanike Alabi,"Director, Community Engagement","Children's Services, Administration for",ACS,Division of External Affairs,(212) 676-6682,,,,150 William St.,New York,NY,10038,City,,Green Book,
Stephanie Gendell,Deputy Commissioner,"Children's Services, Administration for",ACS,Division of External Affairs,(212) 341-3554,,,,150 William St.,New York,NY,10038,City,,Green Book,
(vacant),"Director, Interagency Affairs","Children's Services, Administration for",ACS,Division of External Affairs,(212) 341-3540,,,,150 William St.,New York,NY,10038,City,yes,Green Book,
(vacant),Press Secretary,"Children's Services, Administration for",ACS,Division of External Affairs,(917) 586-5103,,,,150 William St.,New York,NY,10038,City,yes,Green Book,
Alan Sputz,Deputy Commissioner,"Children's Services, Administration for",ACS,Division of Family Court Legal Services,(212) 341-0972,,,,150 William St.,New York,NY,10038,City,,Green Book,
Alane Ruchman,Interim Chief of Staff,"Children's Services, Administration for",ACS,Division of Family Permanency Services,(212) 341-2978,,,,150 William St.,New York,NY,10038,City,,Green Book,
Ina Mendez,Deputy Commissioner,"Children's Services, Administration for",ACS,Division of Family Permanency Services,(212) 341-0387,,,,150 William St.,New York,NY,10038,City,,Green Book,
Margaret Pletnikoff,Chief Operating Officer,"Children's Services, Administration for",ACS,Division of Financial Services,(212) 676-8852,,,,150 William St.,New York,NY,10038,City,,Green Book,
Margaret Pletnikoff,Interim Deputy Commissioner/Chief Financial Officer,"Children's Services, Administration for",ACS,Division of Financial Services,(212) 676-8852,,,,150 William St.,New York,NY,10038,City,,Green Book,
Andrew White,Deputy Commissioner,"Children's Services, Administration for",ACS,"Division of Policy, Planning & Measurement",(212) 341-2690,,,,150 William St.,New York,NY,10038,City,,Green Book,
Jacqueline Martin,Deputy Commissioner,"Children's Services, Administration for",ACS,Division of Preventive Services,(212) 341-9802,,,,150 William St.,New York,NY,10038,City,,Green Book,
Nancy Ginsburg,Deputy Commissioner,"Children's Services, Administration for",ACS,Division of Youth & Family Justice,(212) 341-0958,,,,150 William St.,New York,NY,10038,City,,Green Book,
"Ducoste Lamothe, Jr.",Assistant Commissioner,"Children's Services, Administration for",ACS,Division of Child Protection > Child Protective Borough Offices > Emergency Children Services,(646) 935-1509,(212) 966-8000,,,492 First Ave.,New York,NY,10016,City,,Green Book,
Terryann Thomas,Interim Assistant Commissioner,"Children's Services, Administration for",ACS,Division of Youth & Family Justice > Horizon Juvenile Center,(718) 401-3042,,(718) 292-0065,,150 William St.,New York,NY,10038,City,,Green Book,
Corinne Ross,Assistant Commissioner,"Children's Services, Administration for",ACS,Division of Child Protection > Child Protective Borough Offices > Manhattan,(212) 289-2780,,,,105 W. 125th St.,New York,NY,10027,City,,Green Book,
Peninna Oren,Borough Chief,"Children's Services, Administration for",ACS,Division of Family Court Legal Services > Manhattan Family Court Unit,,,(212) 788-1379,,150 William St.,New York,NY,10038,City,,Green Book,
(vacant),Executive Director,"Children's Services, Administration for",ACS,Division of Youth & Family Justice > Non-Secure Detention,(212) 442-7131,,,(212) 442-8508,150 William St.,New York,NY,10038,City,yes,Green Book,
MaryAnn Ponton,Assistant Commissioner,"Children's Services, Administration for",ACS,Division of Child Protection > Child Protective Borough Offices > Office of Special Investigations,(212) 442-6737,,,,150 William St.,New York,NY,10038,City,,Green Book,
Winette Saunders,First Deputy Commissioner,"Children's Services, Administration for",ACS,Office of the First Deputy Commissioner,(212) 341-9005,,,,150 William St.,New York,NY,10038,City,,Green Book,
Joseph Cardieri,Deputy Commissioner/General Counsel,"Children's Services, Administration for",ACS,Office of the General Counsel,(212) 341-0927,,,,150 William St.,New York,NY,10038,City,,Green Book,
Marsha Kellam,Assistant Commissioner,"Children's Services, Administration for",ACS,Division of Child Protection > Child Protective Borough Offices > Queens,(718) 557-1745,,,,92-31 Union Hall St.,Jamaica,NY,11433,City,,Green Book,
Lisa Rodin,Borough Chief,"Children's Services, Administration for",ACS,Division of Family Court Legal Services > Queens Family Court Unit,,,(718) 725-3000,,150 William St.,New York,NY,10038,City,,Green Book,
Sandra Graydon-Long,Assistant Commissioner,"Children's Services, Administration for",ACS,Division of Child Protection > Child Protective Borough Offices > Staten Island,(718) 720-2833,,,,350 St. Mark's Pl.,Staten Island,NY,10301,City,,Green Book,
Kimberly Jones,Borough Chief,"Children's Services, Administration for",ACS,Division of Family Court Legal Services > Staten Island Family Court Unit,,,(718) 720-6026,,150 William St.,New York,NY,10038,City,,Green Book,
Acela Velazquez,Director of Personnel,City Clerk & Clerk of the Council,,,(212) 669-2207,,,,141 Worth Street,New York,NY,10013,City,,Green Book,
Alisa Fuentes,Deputy City Clerk,City Clerk & Clerk of the Council,,,(212) 669-8898,,,,141 Worth Street,New York,NY,10013,City,,Green Book,
Cynthia Villafane,Commissioner of Deeds & Oath of Office,City Clerk & Clerk of the Council,,,(212) 669-8095,,,,141 Worth Street,New York,NY,10013,City,,Green Book,
Damaris B. Acosta,Deputy City Clerk,City Clerk & Clerk of the Council,,,(212) 669-8898,,,,141 Worth Street,New York,NY,10013,City,,Green Book,
Emmanuel Michalos,"Director, Administration",City Clerk & Clerk of the Council,,,(212) 669-8093,,,,141 Worth Street,New York,NY,10013,City,,Green Book,
Irfan Rivera,Information Technology Manager,City Clerk & Clerk of the Council,,,(212) 669-3600,,,,141 Worth Street,New York,NY,10013,City,,Green Book,
James Mitchell,Marriage Records,City Clerk & Clerk of the Council,,,(212) 669-8090,,,,141 Worth Street,New York,NY,10013,City,,Green Book,
Jamie Lynn Chirichella,"Deputy Counsel, Lobbying Bureau",City Clerk & Clerk of the Council,,,(212) 669-3128,,,,141 Worth Street,New York,NY,10013,City,,Green Book,
Jose L. Gonzalez,Chief of Staff,City Clerk & Clerk of the Council,,,(212) 669-8097,,,,141 Worth Street,New York,NY,10013,City,,Green Book,
Lilia Dwyer,Executive Assistant to the First Deputy,City Clerk & Clerk of the Council,,,(212) 669-8898,,,,141 Worth Street,New York,NY,10013,City,,Green Book,
Michael McSweeney,City Clerk and Clerk of the Council,City Clerk & Clerk of the Council,,,,,,,141 Worth Street,New York,NY,10013,City,,Green Book,
Patrick L. Synmoie,Executive Agency Counsel,City Clerk & Clerk of the Council,,,(212) 669-2610,,,,141 Worth Street,New York,NY,10013,City,,Green Book,
Richard Resk,"Assistant to Counsel, City Council Transcripts",City Clerk & Clerk of the Council,,,(212) 669-3225,,,,141 Worth Street,New York,NY,10013,City,,Green Book,
Theresa Preston,"Marriage License & Ceremony, Amendment to Marriage Records, Certificate of Non-Impediment, Domestic Partnership Registration and Termination, Marriage",City Clerk & Clerk of the Council,,,(212) 669-7212,(212) 669-2208,,,141 Worth Street,New York,NY,10013,City,,Green Book,
Walter Carcione,"Chief Investigator, Lobbying Bureau",City Clerk & Clerk of the Council,,,(212) 669-3093,,,,141 Worth Street,New York,NY,10013,City,,Green Book,
Wendy Lopez,Deputy Chief of Staff/Executive Assistant to the City Clerk,City Clerk & Clerk of the Council,,,(212) 669-8898,,,,141 Worth Street,New York,NY,10013,City,,Green Book,
Shirley J. Saunders,Deputy City Clerk,City Clerk & Clerk of the Council,,Borough Offices of the City Clerk > Bronx > Bronx Supreme Court,,,(718) 590-5307,,851 Grand Concourse,Bronx,NY,10451,City,,Green Book,
Marie R. Lennon,Deputy City Clerk,City Clerk & Clerk of the Council,,Borough Offices of the City Clerk > Brooklyn > Brooklyn Municipal Building,,,(718) 802-4107,,210 Joralemon St.,Brooklyn,NY,11201,City,,Green Book,
Michael McSweeney,City Clerk,City Clerk & Clerk of the Council,,Borough Offices of the City Clerk > Manhattan,,,(212) 669-8898,,141 Worth Street,New York,NY,10013,City,,Green Book,
Helen Sears,Deputy City Clerk,City Clerk & Clerk of the Council,,Borough Offices of the City Clerk > Queens > Queens Borough Hall,,,(718) 286-2829,,120-34 Queens Blvd.,Kew Gardens,NY,11415,City,,Green Book,
Edison Stewart,Deputy City Clerk,City Clerk & Clerk of the Council,,Borough Offices of the City Clerk > Staten Island > Staten Island Borough Hall,,,(718) 816-2290,,10 Richmond Terr.,Staten Island,NY,10301,City,,Green Book,
Carmen De La Rosa,Member of City Council,City Council,NYCC,Members of the Council > Borough of Manhattan > 10th Council District,,,(212) 788-7053,,250 Broadway,New York,NY,10007,City,,Green Book,
Eric Dinowitz,Member of City Council,City Council,NYCC,Members of the Council > Borough of the Bronx > 11th Council District,,,(212) 788-7080,,250 Broadway,New York,NY,10007,City,,Green Book,
Kevin Riley,Member of City Council,City Council,NYCC,Members of the Council > Borough of the Bronx > 12th Council District,,,(212) 788-6873,,250 Broadway,New York,NY,10007,City,,Green Book,
Pierina Ana Sanchez,Member of City Council,City Council,NYCC,Members of the Council > Borough of the Bronx > 14th Council District,,,(212) 788-7074,,250 Broadway,New York,NY,10007,City,,Green Book,
Oswald Feliz,Member of City Council,City Council,NYCC,Members of the Council > Borough of the Bronx > 15th Council District,,,(212) 788-6966,,250 Broadway,New York,NY,10007,City,,Green Book,
Althea Stevens,Member of City Council,City Council,NYCC,Members of the Council > Borough of the Bronx > 16th Council District,,,(212) 788-6856,,250 Broadway,New York,NY,10007,City,,Green Book,
Elizabeth Martinez,"Director, Staten Island Regional Office","Health & Mental Hygiene, Department of",DOHMH,Division of Family & Child Health > Bureau of Early Intervention,,,,,42-09 28th St.,Long Island City,NY,11101,City,,Green Book,
Amanda Farias,Member of City Council,City Council,NYCC,Members of the Council > Borough of the Bronx > 18th Council District,,,(212) 788-6853,,250 Broadway,New York,NY,10007,City,,Green Book,
Vickie Paladino,Member of City Council,City Council,NYCC,Members of the Council > Borough of Queens > 19th Council District,,,(212) 788-7250,,250 Broadway,New York,NY,10007,City,,Green Book,
Christopher Marte,Member of City Council,City Council,NYCC,Members of the Council > Borough of Manhattan > 1st Council District,,,(212) 788-7259,,250 Broadway,New York,NY,10007,City,,Green Book,
Sandra Ung,Member of City Council,City Council,NYCC,Members of the Council > Borough of Queens > 20th Council District,,,(212) 788-7022,,250 Broadway,New York,NY,10007,City,,Green Book,
William Fowler,Press Secretary,"Health & Mental Hygiene, Department of",DOHMH,Office of External Affairs > Communications,(347) 396-4172,,,,42-09 28th St.,Long Island City,NY,11101,City,,Green Book,
Tiffany Caban,Member of City Council,City Council,NYCC,Members of the Council > Borough of Queens > 22nd Council District,,,(212) 788-6963,,250 Broadway,New York,NY,10007,City,,Green Book,
Linda Lee,Member of City Council,City Council,NYCC,Members of the Council > Borough of Queens > 23rd Council District,,,(212) 788-7075,,250 Broadway,New York,NY,10007,City,,Green Book,
James Gennaro,Member of City Council,City Council,NYCC,Members of the Council > Borough of Queens > 24th Council District,,,(212) 788-6956,,250 Broadway,New York,NY,10007,City,,Green Book,
Shekar Krishnan,Member of City Council,City Council,NYCC,Members of the Council > Borough of Queens > 25th Council District,,,(212) 788-7066,,250 Broadway,New York,NY,10007,City,,Green Book,
Julie Won,Member of City Council,City Council,NYCC,Members of the Council > Borough of Queens > 26th Council District,,,(212) 788-7370,,250 Broadway,New York,NY,10007,City,,Green Book,
Nantasha Williams,Member of City Council,City Council,NYCC,Members of the Council > Borough of Queens > 27th Council District,,,(212) 788-7084,,250 Broadway,New York,NY,10007,City,,Green Book,
Lynn Schulman,Member of City Council,City Council,NYCC,Members of the Council > Borough of Queens > 29th Council District,,,(212) 788-6981,,250 Broadway,New York,NY,10007,City,,Green Book,
Tainá Guarda,Chief Outreach and Engagement Officer,"Independent Budget Office, NYC",IBO,,,,,,110 William St.,New York,NY,10038,City,,Green Book,
Selvena Brooks-Powers,Member of City Council,City Council,NYCC,Members of the Council > Borough of Queens > 31st Council District,,,(212) 788-7216,,250 Broadway,New York,NY,10007,City,,Green Book,
Joann Ariola,Member of City Council,City Council,NYCC,Members of the Council > Borough of Queens > 32nd Council District,,,(212) 788-7069,,250 Broadway,New York,NY,10007,City,,Green Book,
Lincoln Restler,Member of City Council,City Council,NYCC,Members of the Council > Borough of Brooklyn > 33rd Council District,,,(212) 788-7348,,250 Broadway,New York,NY,10007,City,,Green Book,
Jennifer Gutierrez,Member of City Council,City Council,NYCC,Members of the Council > Borough of Brooklyn > 34th Council District,,,(212) 788-7095,,250 Broadway,New York,NY,10007,City,,Green Book,
Crystal Hudson,Member of City Council,City Council,NYCC,Members of the Council > Borough of Brooklyn > 35th Council District,,,(212) 788-7081,,250 Broadway,New York,NY,10007,City,,Green Book,
Sandy Nurse,Member of City Council,City Council,NYCC,Members of the Council > Borough of Brooklyn > 37th Council District,,,(212) 788-7284,,250 Broadway,New York,NY,10007,City,,Green Book,
Shahana Hanif,Member of City Council,City Council,NYCC,Members of the Council > Borough of Brooklyn > 39th Council District,,,(212) 788-6969,,250 Broadway,New York,NY,10007,City,,Green Book,
Rita Joseph,Member of City Council,City Council,NYCC,Members of the Council > Borough of Brooklyn > 40th Council District,,,(212) 788-7352,,250 Broadway,New York,NY,10007,City,,Green Book,
Darlene Mealy,Member of City Council,City Council,NYCC,Members of the Council > Borough of Brooklyn > 41st Council District,,,(212) 788-7387,,250 Broadway,New York,NY,10007,City,,Green Book,
Rebecca Kriegman,Chief of Staff/Assistant Commissioner for Policy & Planning,Sanitation,DSNY,,(646) 885-4904,,,,125 Worth St.,New York,NY,10013,City,,Green Book,
Farah Louis,Member of City Council,City Council,NYCC,Members of the Council > Borough of Brooklyn > 45th Council District,,,(212) 788-6859,,250 Broadway,New York,NY,10007,City,,Green Book,
Mercedes Narcisse,Member of City Council,City Council,NYCC,Members of the Council > Borough of Brooklyn > 46th Council District,,,(212) 788-7286,,250 Broadway,New York,NY,10007,City,,Green Book,
Inna Vernikov,Member of City Council,City Council,NYCC,Members of the Council > Borough of Brooklyn > 48th Council District,,,(212) 788-7360,,250 Broadway,New York,NY,10007,City,,Green Book,
Kamilah Hanks,Member of City Council,City Council,NYCC,Members of the Council > Borough of Staten Island > 49th Council District,,,(212) 788-6972,,250 Broadway,New York,NY,10007,City,,Green Book,
Reginald Timothee,"Deputy Commissioner, Support Services",Sanitation,DSNY,Support Services > Motor Equipment,(718) 334-9045,,,,52-07 58th St.,Woodside,NY,11377,City,,Green Book,
Marla Simpson,Special Assistant to the Director,"Independent Budget Office, NYC",IBO,,,,,,110 William St.,New York,NY,10038,City,,Green Book,
Edward Dolan,Senior Policy Advisor,"Independent Budget Office, NYC",IBO,,,,,,110 William St.,New York,NY,10038,City,,Green Book,
David Taylor,Assistant Vice President for Administrative Affairs,City University of New York,CUNY,Community Colleges > Bronx Community College,(718) 289-5598,,(718) 289-5100,(718) 289-6003,205 E. 42nd St.,New York,NY,10017,City,,Green Book,
David Carr,Member of City Council,City Council,NYCC,Members of the Council > Borough of Staten Island > 50th Council District,,,(212) 788-7390,,250 Broadway,New York,NY,10007,City,,Green Book,
Leslie Wolf,"Executive Director, Capital Planning Program",Transportation,DOT,Office of the Executive Deputy Commissioner > Division of Budget & Capital Program Management > Roadway Capital Program Management,(212) 839-4975,,,(212) 839-7770,55 Water St.,New York,NY,10041,City,,Green Book,
John Yates,Assistant Commissioner,"Health & Mental Hygiene, Department of",DOHMH,Division of Mental Hygiene > Bureau of Health Promotion for Justice Impacted Populations,(347) 396-7537,,,,42-09 28th St.,Long Island City,NY,11101,City,,Green Book,
Gale Brewer,Member of City Council,City Council,NYCC,Members of the Council > Borough of Manhattan > 6th Council District,,,(212) 788-6975,,250 Broadway,New York,NY,10007,City,,Green Book,
Shaun Abreu,Member of City Council,City Council,NYCC,Members of the Council > Borough of Manhattan > 7th Council District,,,(212) 788-7007,,250 Broadway,New York,NY,10007,City,,Green Book,
Christopher Benjamin,Assistant Commissioner,"Health & Mental Hygiene, Department of",DOHMH,Division of Administration > Bureau of Human Resources & Labor Relations,(347) 396-2169,,,,42-09 28th St.,Long Island City,NY,11101,City,,Green Book,
Angel Aponte MS,Assistant Commissioner,"Health & Mental Hygiene, Department of",DOHMH,Center for Population Health Data Science > Bureau of Data Technology and Strategy,(347) 396-2425,,,,42-09 28th St.,Long Island City,NY,11101,City,,Green Book,
Sharon Gooding,"Director, Brooklyn Regional Office","Health & Mental Hygiene, Department of",DOHMH,Division of Family & Child Health > Bureau of Early Intervention,,,,,42-09 28th St.,Long Island City,NY,11101,City,,Green Book,
Calaine Hermans-Henry,Assistant Commissioner,"Health & Mental Hygiene, Department of",DOHMH,Division of Administration > Bureau of Workforce Development and Training,(347) 396-2828,,,,42-09 28th St.,Long Island City,NY,11101,City,,Green Book,
Inna Vernikov,Minority Whip,City Council,NYCC,Officers of the Council,(212) 788-7360,,,,City Hall,New York,NY,10007,City,,Green Book,
Raymond Medina,Diversity Officer,"Homeless Services, Department of",DHS,"DSS Offices of Diversity, Equity and Inclusion",(929) 221-7346,,,,33 Beaver St.,New York,NY,10004,City,,Green Book,
Michael Shum,Deputy Commissioner & Chief Information Officer,Environmental Protection,DEP,Office of the Chief Financial Officer > Business Information Technology,(718) 595-4807,,,,59-17 Junction Blvd.,Flushing,NY,11373,City,,Green Book,
Lisa F. Garcia,Commissioner & Chief Climate Officer,Environmental Protection,DEP,,,,,(718) 595-3525,59-17 Junction Blvd.,Flushing,NY,11373,City,,Green Book,
Danielle DeCerbo,"Director, Intergovernmental Affairs",City Planning,DCP,,(212) 720-3494,,,(212) 720-3303,120 Broadway,New York,NY,10271,City,,Green Book,
David Parish,Chief Operating Officer,City Planning,DCP,,(212) 720-3680,,,(212) 720-3303,120 Broadway,New York,NY,10271,City,,Green Book,
Edith Hsu-Chen,Executive Director,City Planning,DCP,,(212) 720-3400,,,(212) 720-3303,120 Broadway,New York,NY,10271,City,,Green Book,
Cary Cheung,"Deputy Commissioner, Budget Administration",Human Resources Administration / Department of Social Services,HRA DSS,DSS Office of Program Performance and Financial Management,(929) 221-6252,,,,150 Greenwich St.,New York,NY,10007,City,,Green Book,
Sabrina Verterano,Executive Advisor,Sanitation,DSNY,,(646) 885-4576,,,,125 Worth St.,New York,NY,10013,City,,Green Book,
Erin Dalton,DSS/HRA Commissioner,"Homeless Services, Department of",DHS,,(929) 221-7315,,,,33 Beaver St.,New York,NY,10004,City,,Green Book,
David Machado,Equal Employment Opportunity Officer,City Planning,DCP,"Capital Planning, Fiscal, Human Capital, IT, Planning Coordination",(212) 720-3414,,,,120 Broadway,New York,NY,10271,City,,Green Book,
Jaclyn Jacobs,"Director, Fiscal",City Planning,DCP,"Capital Planning, Fiscal, Human Capital, IT, Planning Coordination",(212) 720-3239,,,,120 Broadway,New York,NY,10271,City,,Green Book,
Lara Merida,"Senior Director, Community Planning and Civic Engagement",City Planning,DCP,"Capital Planning, Fiscal, Human Capital, IT, Planning Coordination",(212) 720-3246,,,,120 Broadway,New York,NY,10271,City,,Green Book,
Louisa Chafee,Director,"Independent Budget Office, NYC",IBO,,,,,,110 William St.,New York,NY,10038,City,,Green Book,
Ralph Musolimo,Acting Borough Commissioner,"Parks, NYC",,Operations > Operations Borough Offices > Manhattan,(212) 408-0201,,(212) 408-0100,,"The Arsenal, Central Park, 830 5th Ave. Room 203",New York,NY,10065,City,,Green Book,
Varghese Abraham,Chief Information Officer,City Planning,DCP,"Capital Planning, Fiscal, Human Capital, IT, Planning Coordination",(212) 720-3540,,,,120 Broadway,New York,NY,10271,City,,Green Book,
Matthew Brune,Chief Operating Officer,"Homeless Services, Department of",DHS,DSS Office of Operations,(929) 221-6916,,,,33 Beaver St.,New York,NY,10004,City,,Green Book,
Jennifer Bartholomew,FOIL Officer,City Planning,DCP,Public Resources,(212) 720-3213,,(212) 720-3291,(212) 720-3303,120 Broadway,New York,NY,10271,City,,Green Book,
Stacey Charles,"Deputy Commissioner, Customized Assistance Services (CAS)",Human Resources Administration / Department of Social Services,HRA DSS,HRA Office of Special Services,(929) 221-4507,,,,150 Greenwich St.,New York,NY,10007,City,,Green Book,
Kevin L. Williams,Assistant Commissioner,Finance,DOF,Office of Employee Services,,,(212) 291-4749,,66 John St.,New York,NY,10038,City,,Green Book,
Dolly Martinez,Chancellors Chief of Staff & Associate Vice Chancellor for Executive Office,City University of New York,CUNY,,(646) 664-9109,,,,205 E. 42nd St.,New York,NY,10017,City,,Green Book,
(vacant),"Assistant Commissioner, Property Exemptions Administration",Finance,DOF,Property Division,(212) 291-4220,,,,66 John St.,New York,NY,10039,City,yes,Green Book,
Erica Maldonado,Deputy Director of Advance,Borough President - Queens,,,(718) 286-2871,,,,120-55 Queens Blvd.,Kew Gardens,NY,11424,City,,Green Book,
Hector Batista,Executive Vice Chancellor & Chief Operating Officer,City University of New York,CUNY,,(646) 664-9106,,,,205 E. 42nd St.,New York,NY,10017,City,,Green Book,
John A. Buttacavoli,"Assistant Chief, Commanding",Police Department,NYPD,Patrol Borough Staten Island,,,(718) 667-2220,,970 Richmond Ave.,Staten Island,NY,10314,City,,Green Book,
Erin Dalton,DSS Commissioner,Human Resources Administration / Department of Social Services,HRA DSS,,(929) 221-7315,,,,150 Greenwich St.,New York,NY,10007,City,,Green Book,
Rosine Ferdinand,"Executive Deputy Commissioner, Finance","Homeless Services, Department of",DHS,DSS Office of Program Performance and Financial Management,(929) 221-6219,,,,33 Beaver St.,New York,NY,10004,City,,Green Book,
Sherry Moss,"Deputy Commissioner, Vendor Monitoring",Human Resources Administration / Department of Social Services,HRA DSS,DSS Office of Accountability,(929) 252-5045,,,,150 Greenwich St.,New York,NY,10007,City,,Green Book,
Mayssa Choubah,"Deputy Commissioner, Constituent Services",Human Resources Administration / Department of Social Services,HRA DSS,DSS Office of External Affairs,(929) 221-7226,,,,150 Greenwich St.,New York,NY,10007,City,,Green Book,
Anthony E. Munroe,President,City University of New York,CUNY,Community Colleges > Borough of Manhattan Community College,(212) 220-1230,,(212) 220-8000,,205 E. 42nd St.,New York,NY,10017,City,,Green Book,
Anthony Watson,"Executive Director, Manhattan Educational Opportunity Center",City University of New York,CUNY,Community Colleges > Borough of Manhattan Community College,(212) 961-4322,,(212) 220-8000,,205 E. 42nd St.,New York,NY,10017,City,,Green Book,
Douglas Israel,"Director, Government & Community Relations",City University of New York,CUNY,Community Colleges > Borough of Manhattan Community College,(212) 220-8067,,(212) 220-8000,,205 E. 42nd St.,New York,NY,10017,City,,Green Book,
Laura Neesley,Vice President and Treasurer,"Transitional Finance Authority, NYC",TFA,,(212) 788-6647,,,,255 Greenwich St.,New York,NY,10007,City,,Green Book,
Marva Craig,"Vice President, Student Affairs",City University of New York,CUNY,Community Colleges > Borough of Manhattan Community College,(212) 220-8132,,(212) 220-8000,,205 E. 42nd St.,New York,NY,10017,City,,Green Book,
Erin Unger,Special Policy Advisor,"Independent Budget Office, NYC",IBO,,,,,,110 William St.,New York,NY,10038,City,,Green Book,
"Theresa B. Wade, Esq.",Executive Legal Counsel & Labor Designee,City University of New York,CUNY,Community Colleges > Borough of Manhattan Community College,(212) 220-1237,,(212) 220-8000,,205 E. 42nd St.,New York,NY,10017,City,,Green Book,
Michelle Robinson,Assistant Commissioner,"Health & Mental Hygiene, Department of",DOHMH,Division of Environmental Health > Bureau of Food Safety and Community Sanitation,(646) 632-6174,,,,125 Worth St.,New York,NY,10013,City,,Green Book,
Emily Chase,"Assistant Commissioner, Public Programs","Parks, NYC",,Public Programs and Urban Park Service,(212) 360-3301,,,,"The Arsenal, Central Park, 830 5th Ave. Room 203",New York,NY,10065,City,,Green Book,
Bernard J. Gantt,Vice President for Enrollment & Management,City University of New York,CUNY,Community Colleges > Bronx Community College,(718) 289-5515,,(718) 289-5100,(718) 289-6448,205 E. 42nd St.,New York,NY,10017,City,,Green Book,
David W. Levers,"Director, Government Relations & External Affairs",City University of New York,CUNY,Community Colleges > Bronx Community College,(718) 289-5157,,(718) 289-5100,(718) 289-6421,205 E. 42nd St.,New York,NY,10017,City,,Green Book,
Eddy Bayardelle,"Vice President, Advancement, Communications & External Relations",City University of New York,CUNY,Community Colleges > Bronx Community College,(718) 289-5127,,(718) 289-5100,(718) 289-6003,205 E. 42nd St.,New York,NY,10017,City,,Green Book,
Cole Rakow,"Assistant Director, Economics","Independent Budget Office, NYC",IBO,,,,,,110 William St.,New York,NY,10038,City,,Green Book,
Tika Gurung,"Assistant Commissioner, Land Use Review and Property Management",Transportation,DOT,Division of Legal Affairs > Office of Cityscape & Franchises,(212) 839-6989,,(212) 839-6550,,55 Water St.,New York,NY,10041,City,,Green Book,
Janice Zummo,"Associate Dean, Academic Support Services",City University of New York,CUNY,Community Colleges > Borough of Manhattan Community College,(212) 776-6256,,(212) 220-8000,,205 E. 42nd St.,New York,NY,10017,City,,Green Book,
Luisa Martich,Chief Technology Officer,City University of New York,CUNY,Community Colleges > Bronx Community College,(718) 289-5168,,(718) 289-5100,(718) 289-6412,205 E. 42nd St.,New York,NY,10017,City,,Green Book,
Lidya Lednyak M.D.,Acting Deputy Commissioner,"Health & Mental Hygiene, Department of",DOHMH,Division of Family & Child Health,(347) 396-4559,,,,42-09 28th St.,Long Island City,NY,11101,City,,Green Book,
Igor Yaroslavsky,"Associate Commissioner, Budget & Capital Program Management",Transportation,DOT,Office of the Executive Deputy Commissioner > Division of Budget & Capital Program Management,(212) 389-6298,,,(212) 839-9743,55 Water St.,New York,NY,10041,City,,Green Book,
Ralph W. Davis,"Dean, Student Affairs",City University of New York,CUNY,Community Colleges > Borough of Manhattan Community College,(212) 220-8131,,(212) 220-8000,,205 E. 42nd St.,New York,NY,10017,City,,Green Book,
Lisa Velasquez,Deputy Counsel,Transportation,DOT,Division of Legal Affairs > Office of Litigation Services/Records Management,(212) 839-7284,,(212) 839-9840,(212) 839-9747,55 Water St.,New York,NY,10041,City,,Green Book,
Alan Gilbert,"Senior Vice President, Finance & Administration",City University of New York,CUNY,Senior Colleges > Brooklyn College,(718) 951-5116,,(718) 951-5000,,205 E. 42nd St.,New York,NY,10017,City,,Green Book,
Chung Ho Lam P.E.,Assistant Commissioner,Design and Construction,DDC,Infrastructure Division > Design Unit and Coastal Resiliency - Design > Design-Section 1,(718) 391-2076,,,,30-30 Thomson Ave.,Long Island City,NY,11101,City,,Green Book,
Michelle J. Anderson,President,City University of New York,CUNY,Senior Colleges > Brooklyn College,(718) 951-5671,,(718) 951-5000,,205 E. 42nd St.,New York,NY,10017,City,,Green Book,
Iyad Marzouq P.E.,Assistant Commissioner,Design and Construction,DDC,Infrastructure Division > Construction Borough Offices > Manhattan/Pedestrian Ramps Program,(212) 313-3526,,,,40 Worth St.,New York,NY,10013,City,,Green Book,
Salman Macktoom P.E.,Assistant Commissioner,Design and Construction,DDC,Infrastructure Division > Construction Borough Offices > Bronx/North Queens,(718) 391-2041,,,,30-30 Thomson Ave.,Long Island City,NY,11101,City,,Green Book,
"Adrian Llewellyn MPAS, RPA-C","Associate Dean & Director, Physician Assistant Program",City University of New York,CUNY,"Graduate, Honors and Professional Colleges > City University of New York (CUNY) School of Medicine",(212) 650-7745,,(212) 650-7700,,205 E. 42nd St.,New York,NY,10017,City,,Green Book,
Carmen Renee Green M.D.,Dean,City University of New York,CUNY,"Graduate, Honors and Professional Colleges > City University of New York (CUNY) School of Medicine",(212) 650-5275,,(212) 650-7700,,205 E. 42nd St.,New York,NY,10017,City,,Green Book,
Deborah Cohen,Assistant Secretary,"Water Finance Authority, NYC Municipal",,,(212) 788-5880,,,,255 Greenwich St.,New York,NY,10007,City,,Green Book,
"Madiha Akhtar, PhD","Associate Dean, Student Affairs",City University of New York,CUNY,"Graduate, Honors and Professional Colleges > City University of New York (CUNY) School of Medicine",(212) 650-8485,,(212) 650-7700,,205 E. 42nd St.,New York,NY,10017,City,,Green Book,
Richard Egan,Executive Director of Capital Program Engineering,Transportation,DOT,Office of the Executive Deputy Commissioner > Division of Budget & Capital Program Management > Roadway Capital Program Management,,,,,55 Water St.,New York,NY,10041,City,,Green Book,
Victor Schwartz M.D.,"Senior Associate Dean, Student Life and Wellness",City University of New York,CUNY,"Graduate, Honors and Professional Colleges > City University of New York (CUNY) School of Medicine",(212) 650-8731,,(212) 650-7700,,205 E. 42nd St.,New York,NY,10017,City,,Green Book,
Indera Segobind,Chief Administrative Officer,"Independent Budget Office, NYC",IBO,,,,,,110 William St.,New York,NY,10038,City,,Green Book,
Alexander Scott,"Assistant Vice President, Enrollment Management",City University of New York,CUNY,Senior Colleges > College of Staten Island/CUNY,(718) 982-2335,,(718) 982-2000,,205 E. 42nd St.,New York,NY,10017,City,,Green Book,
Amy Stempler,"Associate Dean, Chief Librarian",City University of New York,CUNY,Senior Colleges > College of Staten Island/CUNY,(718) 982-4028,,(718) 982-2000,,205 E. 42nd St.,New York,NY,10017,City,,Green Book,
Carlos Serrano,"Assistant Vice President, Finance & Business Services",City University of New York,CUNY,Senior Colleges > College of Staten Island/CUNY,(718) 982-2460,,(718) 982-2000,,205 E. 42nd St.,New York,NY,10017,City,,Green Book,
Catherine Ferrara JD,Interim Chief Diversity Officer,City University of New York,CUNY,Senior Colleges > College of Staten Island/CUNY,(718) 982-2250,,(718) 982-2000,,205 E. 42nd St.,New York,NY,10017,City,,Green Book,
Hope Berte,"Vice President, Campus Planning & Facilities Management",City University of New York,CUNY,Senior Colleges > College of Staten Island/CUNY,(718) 982-3209,,(718) 982-2000,,205 E. 42nd St.,New York,NY,10017,City,,Green Book,
Berta Lara,"Division Chief, Vendor Support",Comptroller,,Bureau of Accountancy,(212) 669-4865,,,,1 Centre St.,New York,NY,10007,City,,Green Book,
Jennifer Borrero JD,"Vice President, Student & Enrollment Services",City University of New York,CUNY,Senior Colleges > College of Staten Island/CUNY,(718) 982-2335,,(718) 982-2000,,205 E. 42nd St.,New York,NY,10017,City,,Green Book,
Kenneth Gold,"Dean, School of Education",City University of New York,CUNY,Senior Colleges > College of Staten Island/CUNY,(718) 982-3737,,(718) 982-2000,,205 E. 42nd St.,New York,NY,10017,City,,Green Book,
Marcus Tye,"Dean, School of Health Sciences",City University of New York,CUNY,Senior Colleges > College of Staten Island/CUNY,(718) 982-3690,,(718) 982-2000,,205 E. 42nd St.,New York,NY,10017,City,,Green Book,
Michael Cavagnero,"Dean, Science & Technology",City University of New York,CUNY,Senior Colleges > College of Staten Island/CUNY,(718) 982-2430,,(718) 982-2000,,205 E. 42nd St.,New York,NY,10017,City,,Green Book,
Allison Messina,"Assistant Vice President, Workforce Development and Continuing Education",City University of New York,CUNY,Community Colleges > Borough of Manhattan Community College,(212) 346-8449,,(212) 220-8000,,205 E. 42nd St.,New York,NY,10017,City,,Green Book,
Michael Parrish,"Senior Vice President, Academic Affairs/Provost",City University of New York,CUNY,Senior Colleges > College of Staten Island/CUNY,(718) 982-2440,,(718) 982-2000,,205 E. 42nd St.,New York,NY,10017,City,,Green Book,
Patricia Kahn,"Assistant Vice President, Technology Systems",City University of New York,CUNY,Senior Colleges > College of Staten Island/CUNY,(718) 982-2209,,(718) 982-2000,,205 E. 42nd St.,New York,NY,10017,City,,Green Book,
Ralf Peetz,"Associate Provost, Undergraduate Studies Student Success",City University of New York,CUNY,Senior Colleges > College of Staten Island/CUNY,(718) 982-2558,,(718) 982-2000,,205 E. 42nd St.,New York,NY,10017,City,,Green Book,
Robert Wallace JD,"Deputy to the President, Chief of Staff",City University of New York,CUNY,Senior Colleges > College of Staten Island/CUNY,(718) 982-2400,,(718) 982-2000,,205 E. 42nd St.,New York,NY,10017,City,,Green Book,
Robert Wallace JD,Legal Counsel to the President & General Counsel,City University of New York,CUNY,Senior Colleges > College of Staten Island/CUNY,(718) 982-2355,,(718) 982-2000,,205 E. 42nd St.,New York,NY,10017,City,,Green Book,
Sarolta Takacs,"Dean, Humanities & Social Sciences",City University of New York,CUNY,Senior Colleges > College of Staten Island/CUNY,(718) 982-2315,,(718) 982-2000,,205 E. 42nd St.,New York,NY,10017,City,,Green Book,
Susan Holak,"Dean, School of Business",City University of New York,CUNY,Senior Colleges > College of Staten Island/CUNY,(718) 982-2922,,(718) 982-2000,,205 E. 42nd St.,New York,NY,10017,City,,Green Book,
(vacant),"Vice President, Economic Development, Continuing Studies & Government Relations",City University of New York,CUNY,Senior Colleges > College of Staten Island/CUNY,,,(718) 982-2000,,205 E. 42nd St.,New York,NY,10017,City,yes,Green Book,
(vacant),"Vice President, Information Technology & Economic Development",City University of New York,CUNY,Senior Colleges > College of Staten Island/CUNY,(718) 982-2350,,(718) 982-2000,,205 E. 42nd St.,New York,NY,10017,City,yes,Green Book,
(vacant),"Vice President, Institutional Advancement & External Affairs",City University of New York,CUNY,Senior Colleges > College of Staten Island/CUNY,(718) 982-2365,,(718) 982-2000,,205 E. 42nd St.,New York,NY,10017,City,yes,Green Book,
William J. Fritz,President,City University of New York,CUNY,Senior Colleges > College of Staten Island/CUNY,(718) 982-2400,,(718) 982-2000,,205 E. 42nd St.,New York,NY,10017,City,,Green Book,
Sarah Bartlett,Dean,City University of New York,CUNY,"Graduate, Honors and Professional Colleges > Craig Newmark Graduate School of Journalism at CUNY",,,(646) 758-7700,,219 W. 40th St.,New York,NY,10018,City,,Green Book,
Ayman El-Mohandes,Dean,City University of New York,CUNY,"Graduate, Honors and Professional Colleges > CUNY Graduate School of Public Health and Health Policy",,,(646) 364-9600,,55 W. 125th St.,New York,NY,10027,City,,Green Book,
Gregory Mantsios Ph.D,Dean,City University of New York,CUNY,"Graduate, Honors and Professional Colleges > CUNY School of Labor and Urban Studies",,,(646) 313-8300,,25 W. 43rd St.,New York,NY,10036,City,,Green Book,
Ann Cammett,Senior Associate Dean for Academic Affairs,City University of New York,CUNY,"Graduate, Honors and Professional Colleges > CUNY School of Law",(718) 340-4645,,(718) 340-4200,,205 E. 42nd St.,New York,NY,10017,City,,Green Book,
Carolyn Geisel,Associate Dean for Administrative & Financial Services,City University of New York,CUNY,"Graduate, Honors and Professional Colleges > CUNY School of Law",(718) 340-4003,,(718) 340-4200,,205 E. 42nd St.,New York,NY,10017,City,,Green Book,
Cheryl Howard,"Associate Dean, Student Affairs & Director of the Pipeline to Justice Program",City University of New York,CUNY,"Graduate, Honors and Professional Colleges > CUNY School of Law",(718) 340-4487,,(718) 340-4200,,205 E. 42nd St.,New York,NY,10017,City,,Green Book,
Donna Lee,"Senior Associate Dean, Clinical Programs",City University of New York,CUNY,"Graduate, Honors and Professional Colleges > CUNY School of Law",(718) 340-4501,,(718) 340-4200,,205 E. 42nd St.,New York,NY,10017,City,,Green Book,
Mary Lu Bilek,Dean,City University of New York,CUNY,"Graduate, Honors and Professional Colleges > CUNY School of Law",(718) 340-4201,,(718) 340-4200,,205 E. 42nd St.,New York,NY,10017,City,,Green Book,
John Mogulescu,Dean,City University of New York,CUNY,"Graduate, Honors and Professional Colleges > CUNY School of Professional Studies",,,(212) 652-2869,,119 W. 31st St.,New York,NY,10001,City,,Green Book,
Christopher Todd Carozza,Chief Diversity Officer/Title IX Coordinator Compliance & Diversity/Affirmative Action,City University of New York,CUNY,Community Colleges > Fiorello H. La Guardia Community College,(718) 482-5088,,(718) 482-7200,,205 E. 42nd St.,New York,NY,10017,City,,Green Book,
Henry Saltiel,"Vice President, Information Technology",City University of New York,CUNY,Community Colleges > Fiorello H. La Guardia Community College,(718) 482-6120,,(718) 482-7200,,205 E. 42nd St.,New York,NY,10017,City,,Green Book,
Janet Corcoran,"Interim Vice President, Institutional Advancement",City University of New York,CUNY,Community Colleges > Fiorello H. La Guardia Community College,(718) 482-5059,,(718) 482-7200,,205 E. 42nd St.,New York,NY,10017,City,,Green Book,
Kenneth Adams,President,City University of New York,CUNY,Community Colleges > Fiorello H. La Guardia Community College,(718) 482-5050,,(718) 482-7200,,205 E. 42nd St.,New York,NY,10017,City,,Green Book,
Maria Cook,Executive Counsel to the President Labor Designee,City University of New York,CUNY,Community Colleges > Fiorello H. La Guardia Community College,(718) 482-5077,,(718) 482-7200,,205 E. 42nd St.,New York,NY,10017,City,,Green Book,
Nireata Seals,"Interim Vice President, Student Affairs",City University of New York,CUNY,Community Colleges > Fiorello H. La Guardia Community College,(718) 482-5290,,(718) 482-7200,,205 E. 42nd St.,New York,NY,10017,City,,Green Book,
Paul Arcario,"Provost & Senior Vice President, Academic Affairs",City University of New York,CUNY,Community Colleges > Fiorello H. La Guardia Community College,(718) 482-5401,,(718) 482-7200,,205 E. 42nd St.,New York,NY,10017,City,,Green Book,
Shahir Erfan,"Interim Vice President, Adult/Continuing Education",City University of New York,CUNY,Community Colleges > Fiorello H. La Guardia Community College,(718) 482-5301,,(718) 482-7200,,205 E. 42nd St.,New York,NY,10017,City,,Green Book,
Shahir Erfan,"Vice President, Administration",City University of New York,CUNY,Community Colleges > Fiorello H. La Guardia Community College,(718) 482-5501,,(718) 482-7200,,205 E. 42nd St.,New York,NY,10017,City,,Green Book,
Karina S. Smith,"Assistant Commissioner, Community Outreach and Partnerships Development","Parks, NYC",,Public Programs and Urban Park Service,(212) 360-3422,,,,"The Arsenal, Central Park, 830 5th Ave. Room 203",New York,NY,10065,City,,Green Book,
William Klaus,"Assistant Commissioner, Support Services",Sanitation,DSNY,Support Services > Motor Equipment,(718) 334-8998,,,,52-07 58th St.,Woodside,NY,11377,City,,Green Book,
Nantasha Williams,Deputy Speaker,City Council,NYCC,Officers of the Council,(212) 788-7084,,,,City Hall,New York,NY,10007,City,,Green Book,
Jacob Berman,"Assistant Director, Social and Community Services","Independent Budget Office, NYC",IBO,,,,,,110 William St.,New York,NY,10038,City,,Green Book,
Jermaine Wright,"Dean, Student Affairs",City University of New York,CUNY,Senior Colleges > Herbert H. Lehman College,(718) 960-8241,,(718) 960-8000,,205 E. 42nd St.,New York,NY,10017,City,,Green Book,
Lourdes Centeno,"Deputy Commissioner, Communications and Marketing","Homeless Services, Department of",DHS,DSS Office of Strategy,(929) 221-5131,,,,33 Beaver St.,New York,NY,10004,City,,Green Book,
Cindy Teta,"Associate Commissioner, Special Population Support Services","Homeless Services, Department of",DHS,DHS Office of Shelter Operations,(212) 607-5273,,,,33 Beaver St.,New York,NY,10004,City,,Green Book,
Tricia Shimamura,Commissioner,"Parks, NYC",,,(212) 360-1305,,,(212) 360-1345,"The Arsenal, Central Park, 830 5th Ave. Room 203",New York,NY,10065,City,,Green Book,
(vacant),"Dean, Academic Programs & Instruction",City University of New York,CUNY,Community Colleges > Borough of Manhattan Community College,(212) 220-8322,,(212) 220-8000,,205 E. 42nd St.,New York,NY,10017,City,yes,Green Book,
Neil Gagliardi,"Director, Urban Design",Transportation,DOT,Division of Legal Affairs > Office of Cityscape & Franchises,(212) 839-6659,,(212) 839-6550,,55 Water St.,New York,NY,10041,City,,Green Book,
Andrew Polsky,"Dean, Arts & Sciences",City University of New York,CUNY,Senior Colleges > Hunter College,(212) 772-5195,,(212) 772-4000,,205 E. 42nd St.,New York,NY,10017,City,,Green Book,
Carol Robles-Roman,Special Counsel & Dean of Faculty & Staff Relations,City University of New York,CUNY,Senior Colleges > Hunter College,(212) 772-4220,,(212) 772-4000,,205 E. 42nd St.,New York,NY,10017,City,,Green Book,
Eija Ayravainen,"V.P., Student Affairs/Dean of Students",City University of New York,CUNY,Senior Colleges > Hunter College,(212) 772-4878,,(212) 772-4000,,205 E. 42nd St.,New York,NY,10017,City,,Green Book,
Gail McCain,"Dean, School of Nursing",City University of New York,CUNY,Senior Colleges > Hunter College,(212) 481-7596,,(212) 772-4000,,205 E. 42nd St.,New York,NY,10017,City,,Green Book,
Gail McCain,"Dean, Schools of the Health Professions",City University of New York,CUNY,Senior Colleges > Hunter College,(212) 481-4314,,(212) 772-4000,,205 E. 42nd St.,New York,NY,10017,City,,Green Book,
Galia Galansky,"Assistant Vice President, Human Resources",City University of New York,CUNY,Senior Colleges > Hunter College,(212) 772-4451,,(212) 772-4000,(212) 650-3889,205 E. 42nd St.,New York,NY,10017,City,,Green Book,
Jennifer J. Raab,President,City University of New York,CUNY,Senior Colleges > Hunter College,(212) 772-4242,,(212) 772-4000,(212) 772-4724,205 E. 42nd St.,New York,NY,10017,City,,Green Book,
John Rose,"Dean, Diversity & Compliance",City University of New York,CUNY,Senior Colleges > Hunter College,(212) 772-4242,,(212) 772-4000,,205 E. 42nd St.,New York,NY,10017,City,,Green Book,
Joseph Foelsch,"Director, Public Safety",City University of New York,CUNY,Senior Colleges > Hunter College,(212) 772-4521,,(212) 772-4000,,205 E. 42nd St.,New York,NY,10017,City,,Green Book,
Lisa Siegmann,"Director, Campus Schools (Elementary & High School)",City University of New York,CUNY,Senior Colleges > Hunter College,(212) 860-1291,,(212) 772-4000,,205 E. 42nd St.,New York,NY,10017,City,,Green Book,
Livia Cangemi,"Assistant Vice President, Budget & Finance",City University of New York,CUNY,Senior Colleges > Hunter College,(212) 650-3868,,(212) 772-4000,,205 E. 42nd St.,New York,NY,10017,City,,Green Book,
Lon S. Kaufman,Provost,City University of New York,CUNY,Senior Colleges > Hunter College,(212) 722-4150,,(212) 772-4000,,205 E. 42nd St.,New York,NY,10017,City,,Green Book,
Lori Mazor,"Senior Vice President, Administration/Chief Operating Officer",City University of New York,CUNY,Senior Colleges > Hunter College,(212) 772-4460,,(212) 772-4000,,205 E. 42nd St.,New York,NY,10017,City,,Green Book,
Mary Cavanaugh,"Dean, School of Social Work",City University of New York,CUNY,Senior Colleges > Hunter College,(212) 396-7549,,(212) 772-4000,,205 E. 42nd St.,New York,NY,10017,City,,Green Book,
Ryan T. David,Executive Director,Sanitation,DSNY,"The Office of Equity, Diversity & Inclusion",(212) 219-1371,,,,375 Pearl St.,New York,NY,10038,City,,Green Book,
Michael Middleton,"Dean, School of Education",City University of New York,CUNY,Senior Colleges > Hunter College,(212) 772-4622,,(212) 772-4000,,205 E. 42nd St.,New York,NY,10017,City,,Green Book,
Robert DeLuna,"Assistant Vice President, Communications & Marketing",City University of New York,CUNY,Senior Colleges > Hunter College,(212) 396-6533,,(212) 772-4000,,205 E. 42nd St.,New York,NY,10017,City,,Green Book,
Terri Rosen Deutsch,"Assistant Vice President, External Affairs & Advancement",City University of New York,CUNY,Senior Colleges > Hunter College,(212) 772-4546,,(212) 772-4000,,205 E. 42nd St.,New York,NY,10017,City,,Green Book,
(vacant),"Assistant Vice President, Development",City University of New York,CUNY,Senior Colleges > Hunter College,(212) 650-3733,,(212) 772-4000,,205 E. 42nd St.,New York,NY,10017,City,yes,Green Book,
Richard T. Quinn,"Director, Records Management",Transportation,DOT,Division of Legal Affairs > Office of Litigation Services/Records Management,(212) 839-7286,,(212) 839-9840,,55 Water St.,New York,NY,10041,City,,Green Book,
"Joy B. Tolliver, Esq.",Interim Assistant Vice President of Legal Affairs & Compliance and Diversity,City University of New York,CUNY,Community Colleges > Borough of Manhattan Community College,(212) 220-1275,,(212) 220-8000,,205 E. 42nd St.,New York,NY,10017,City,,Green Book,
Erica Bond,"Vice President, Justice Initiatives",City University of New York,CUNY,Senior Colleges > John Jay College of Criminal Justice,(212) 237-8610,,(212) 237-8000,,205 E. 42nd St.,New York,NY,10017,City,,Green Book,
Karol V. Mason,President,City University of New York,CUNY,Senior Colleges > John Jay College of Criminal Justice,(212) 237-8600,,(212) 237-8000,,205 E. 42nd St.,New York,NY,10017,City,,Green Book,
Ketura Parker,"Vice President, Institutional Advancement",City University of New York,CUNY,Senior Colleges > John Jay College of Criminal Justice,(212) 484-1156,,(212) 237-8000,,205 E. 42nd St.,New York,NY,10017,City,,Green Book,
Kira Poplowski,Chief Communications Officer,City University of New York,CUNY,Senior Colleges > John Jay College of Criminal Justice,(212) 237-8003,,(212) 237-8000,,205 E. 42nd St.,New York,NY,10017,City,,Green Book,
Kate DeFazio,Assistant Commissioner,Transportation,DOT,Office of the First Deputy Commissioner > Division of Bridges > Bridge Capital Design & Construction Bureau,(212) 839-4625,,,,55 Water St.,New York,NY,10041,City,,Green Book,
Mindy Bockstein,"Executive Director, External Affairs",City University of New York,CUNY,Senior Colleges > John Jay College of Criminal Justice,(212) 393-6340,,(212) 237-8000,,205 E. 42nd St.,New York,NY,10017,City,,Green Book,
Jacqueline Sherman,General Counsel and Chief Innovation Officer,"Independent Budget Office, NYC",IBO,,,,,,110 William St.,New York,NY,10038,City,,Green Book,
Claudia V. Schrader,President,City University of New York,CUNY,Community Colleges > Kingsborough Community College,(718) 368-5109,,(718) 368-5000,,205 E. 42nd St.,New York,NY,10017,City,,Green Book,
Eduardo Rios,"Vice President, Finance & Administration",City University of New York,CUNY,Community Colleges > Kingsborough Community College,(718) 368-5028,,(718) 368-5000,,205 E. 42nd St.,New York,NY,10017,City,,Green Book,
Edwisimone Rodriguez Dorestant,"Vice President, Workforce Development, Strategic Partnerships & Continuing Education",City University of New York,CUNY,Community Colleges > Kingsborough Community College,(718) 368-5051,,(718) 368-5000,,205 E. 42nd St.,New York,NY,10017,City,,Green Book,
Joanne Russell,"Vice President & Provost, Academic Affairs",City University of New York,CUNY,Community Colleges > Kingsborough Community College,(718) 368-5661,,(718) 368-5000,,205 E. 42nd St.,New York,NY,10017,City,,Green Book,
Johana Rivera,"Vice President, Enrollment Management & Communications",City University of New York,CUNY,Community Colleges > Kingsborough Community College,(718) 368-6646,,(718) 368-5000,,205 E. 42nd St.,New York,NY,10017,City,,Green Book,
Peter M. Cohen,"Vice President, Student Affairs",City University of New York,CUNY,Community Colleges > Kingsborough Community College,(718) 368-5563,,(718) 368-5000,,205 E. 42nd St.,New York,NY,10017,City,,Green Book,
Richard Fox,"Vice President, Institutional Effectiveness & Strategic Planning",City University of New York,CUNY,Community Colleges > Kingsborough Community College,(718) 368-6666,,(718) 368-5000,,205 E. 42nd St.,New York,NY,10017,City,,Green Book,
Tasheka Sutton-Young,Chief of Staff,City University of New York,CUNY,Community Colleges > Kingsborough Community College,(718) 368-5109,,(718) 368-5000,,205 E. 42nd St.,New York,NY,10017,City,,Green Book,
Tasheka Sutton-Young,"Interim Vice President, Institutional Advancement",City University of New York,CUNY,Community Colleges > Kingsborough Community College,(718) 368-4539,,(718) 368-5000,,205 E. 42nd St.,New York,NY,10017,City,,Green Book,
Nathaniel Toth,Chief Financial Officer,Design and Construction,DDC,Finance & Procurement,(718) 391-3312,,,,30-30 Thomson Ave.,Long Island City,NY,11101,City,,Green Book,
Antoinette Coleman,Provost/Senior Vice President,City University of New York,CUNY,Senior Colleges > Medgar Evers College,(718) 270-5010,,(718) 270-5000,,205 E. 42nd St.,New York,NY,10017,City,,Green Book,
Evelyn Castro,"Senior Advisor to the President for Community Engagement and Dean, SPCD",City University of New York,CUNY,Senior Colleges > Medgar Evers College,(718) 270-5000,,(718) 270-5000,,205 E. 42nd St.,New York,NY,10017,City,,Green Book,
Jacqueline Clark,"Senior Vice President, Administration & Finance",City University of New York,CUNY,Senior Colleges > Medgar Evers College,(718) 270-6994,,(718) 270-5000,,205 E. 42nd St.,New York,NY,10017,City,,Green Book,
Dwehline Harris,Agency Chief of Staff/Chief Operations Officer,Design and Construction,DDC,,(718) 391-1581,,,,30-30 Thomson Ave.,Long Island City,NY,11101,City,,Green Book,
Jesse Kane,Senior Vice President for Student Success & Enrollment Management,City University of New York,CUNY,Senior Colleges > Medgar Evers College,(718) 270-6254,,(718) 270-5000,,205 E. 42nd St.,New York,NY,10017,City,,Green Book,
Kimberly D. Whitehead,Senior Vice President for Strategy and Chief of Staff,City University of New York,CUNY,Senior Colleges > Medgar Evers College,(718) 270-5000,,(718) 270-5000,,205 E. 42nd St.,New York,NY,10017,City,,Green Book,
Patricia Ramsey,President,City University of New York,CUNY,Senior Colleges > Medgar Evers College,(718) 270-5000,,(718) 270-5000,,205 E. 42nd St.,New York,NY,10017,City,,Green Book,
"Shirley Irick, Esq.",Interim Special Council to the President,City University of New York,CUNY,Senior Colleges > Medgar Evers College,(718) 270-5000,,(718) 270-5000,,205 E. 42nd St.,New York,NY,10017,City,,Green Book,
Susan Haynes,"Executive Director, Human Resources",City University of New York,CUNY,Senior Colleges > Medgar Evers College,(718) 270-6910,,(718) 270-5000,,205 E. 42nd St.,New York,NY,10017,City,,Green Book,
Angelo Pace,"Assistant Vice President, Budget & Finance",City University of New York,CUNY,Senior Colleges > New York City College of Technology/CityTech,(718) 473-8900,,(718) 260-5400,(718) 473-8990,205 E. 42nd St.,New York,NY,10017,City,,Green Book,
Beth Farryn Levine,"Executive Director, City Tech Foundation",City University of New York,CUNY,Senior Colleges > New York City College of Technology/CityTech,(718) 260-5025,,(718) 260-5400,(718) 254-8524,205 E. 42nd St.,New York,NY,10017,City,,Green Book,
Carol Sonnenblick,Dean/Continuing Education,City University of New York,CUNY,Senior Colleges > New York City College of Technology/CityTech,(718) 552-1180,,(718) 260-5400,(718) 552-1192,205 E. 42nd St.,New York,NY,10017,City,,Green Book,
David Smith,Dean/Professional Studies,City University of New York,CUNY,Senior Colleges > New York City College of Technology/CityTech,(718) 260-5345,,(718) 260-5400,(718) 260-5995,205 E. 42nd St.,New York,NY,10017,City,,Green Book,
Faith Corbett,"Assistant Vice President, Public Affairs & Partnerships",City University of New York,CUNY,Senior Colleges > New York City College of Technology/CityTech,(718) 260-5564,,(718) 260-5400,(718) 260-5406,205 E. 42nd St.,New York,NY,10017,City,,Green Book,
Gerada Shields,Dean/Technology & Design,City University of New York,CUNY,Senior Colleges > New York City College of Technology/CityTech,(718) 260-5525,,(718) 260-5400,(718) 260-5524,205 E. 42nd St.,New York,NY,10017,City,,Green Book,
Gilen Chan,Special Counsel,City University of New York,CUNY,Senior Colleges > New York City College of Technology/CityTech,(718) 260-4981,,(718) 260-5400,(718) 260-4931,205 E. 42nd St.,New York,NY,10017,City,,Green Book,
Justin Vazquez-Poritz,Dean/Liberal Arts & Sciences,City University of New York,CUNY,Senior Colleges > New York City College of Technology/CityTech,(718) 260-5008,,(718) 260-5400,(718) 260-5012,205 E. 42nd St.,New York,NY,10017,City,,Green Book,
Michel Hodge,"Vice President, Enrollment & Student Affairs",City University of New York,CUNY,Senior Colleges > New York City College of Technology/CityTech,(718) 260-4999,,(718) 260-5400,(718) 260-5699,205 E. 42nd St.,New York,NY,10017,City,,Green Book,
Miguel Cairol,"Vice President, Finance & Administration",City University of New York,CUNY,Senior Colleges > New York City College of Technology/CityTech,(718) 260-5600,,(718) 260-5400,(718) 260-5990,205 E. 42nd St.,New York,NY,10017,City,,Green Book,
Natalie Chepurniy,"Director, Communications",City University of New York,CUNY,Senior Colleges > New York City College of Technology/CityTech,(718) 260-5031,,(718) 260-5400,(718) 254-8553,205 E. 42nd St.,New York,NY,10017,City,,Green Book,
Pamela Brown,"Provost/Vice President, Academic Affairs",City University of New York,CUNY,Senior Colleges > New York City College of Technology/CityTech,(718) 260-5560,,(718) 260-5400,(718) 260-5542,205 E. 42nd St.,New York,NY,10017,City,,Green Book,
Patricia Cody,Diversity Officer & Title IX Officer,City University of New York,CUNY,Senior Colleges > New York City College of Technology/CityTech,(718) 260-4985,,(718) 260-5400,(718) 260-4931,205 E. 42nd St.,New York,NY,10017,City,,Green Book,
Reginald Blake,Associate Provost,City University of New York,CUNY,Senior Colleges > New York City College of Technology/CityTech,(718) 260-5560,,(718) 260-5400,(718) 260-5542,205 E. 42nd St.,New York,NY,10017,City,,Green Book,
Rita Uddin,Chief Information Officer,City University of New York,CUNY,Senior Colleges > New York City College of Technology/CityTech,(718) 260-5610,,(718) 260-5400,(718) 260-5624,205 E. 42nd St.,New York,NY,10017,City,,Green Book,
Russell K. Hotzler,President,City University of New York,CUNY,Senior Colleges > New York City College of Technology/CityTech,(718) 260-5400,,(718) 260-5400,(718) 260-5406,205 E. 42nd St.,New York,NY,10017,City,,Green Book,
Sandra Gordon,"Executive Director, Instructional Staff Relations",City University of New York,CUNY,Senior Colleges > New York City College of Technology/CityTech,(718) 260-5353,,(718) 260-5400,(718) 260-5354,205 E. 42nd St.,New York,NY,10017,City,,Green Book,
Stephen M. Soiffer,Special Assistant to the President/Institutional Advancement,City University of New York,CUNY,Senior Colleges > New York City College of Technology/CityTech,(718) 260-5992,,(718) 260-5400,(718) 260-5406,205 E. 42nd St.,New York,NY,10017,City,,Green Book,
(vacant),Dean of Students,City University of New York,CUNY,Senior Colleges > New York City College of Technology/CityTech,(718) 260-5430,,(718) 260-5400,(718) 260-5351,205 E. 42nd St.,New York,NY,10017,City,yes,Green Book,
Victor D. Humphrey,"Director, HR",City University of New York,CUNY,Senior Colleges > New York City College of Technology/CityTech,(718) 473-8701,,(718) 260-5400,(718) 473-8769,205 E. 42nd St.,New York,NY,10017,City,,Green Book,
Vincent Roach,"Assistant Vice President, Enrollment Management",City University of New York,CUNY,Senior Colleges > New York City College of Technology/CityTech,(718) 260-5671,,(718) 260-5400,,205 E. 42nd St.,New York,NY,10017,City,,Green Book,
Wayne Robinson,Executive Director/Business Operations,City University of New York,CUNY,Senior Colleges > New York City College of Technology/CityTech,(718) 473-8900,,(718) 260-5400,(718) 473-8997,205 E. 42nd St.,New York,NY,10017,City,,Green Book,
Adam Rockman,"Vice President, Student Affairs",City University of New York,CUNY,Senior Colleges > Queens College,(718) 997-5500,,(718) 997-5000,,205 E. 42nd St.,New York,NY,10017,City,,Green Book,
"Alicia Alvero, PhD.","Associate Provost, Research & Faculty Affairs",City University of New York,CUNY,Senior Colleges > Queens College,(718) 997-5902,,(718) 997-5000,,205 E. 42nd St.,New York,NY,10017,City,,Green Book,
"Beth A. LaManna, PhD.","Director, Public Safety",City University of New York,CUNY,Senior Colleges > Queens College,(718) 997-4443,,(718) 997-5000,,205 E. 42nd St.,New York,NY,10017,City,,Green Book,
Dan Weinstein,"Dean, Math & Natural Sciences",City University of New York,CUNY,Senior Colleges > Queens College,(718) 997-4105,,(718) 997-5000,,205 E. 42nd St.,New York,NY,10017,City,,Green Book,
Dana Fusco,"Interim Dean, Education",City University of New York,CUNY,Senior Colleges > Queens College,(718) 997-5220,,(718) 997-5000,,205 E. 42nd St.,New York,NY,10017,City,,Green Book,
"Elizabeth Hendrey, PhD","Provost & Vice President, Academic Affairs",City University of New York,CUNY,Senior Colleges > Queens College,(718) 997-5900,,(718) 997-5000,,205 E. 42nd St.,New York,NY,10017,City,,Green Book,
Frank H. Wu,President,City University of New York,CUNY,Senior Colleges > Queens College,(718) 997-5550,,(718) 997-5000,,205 E. 42nd St.,New York,NY,10017,City,,Green Book,
Jay Hershenson,"Vice President, Communications & Marketing & Senior Advisor to the President",City University of New York,CUNY,Senior Colleges > Queens College,(718) 997-5648,,(718) 997-5000,,205 E. 42nd St.,New York,NY,10017,City,,Green Book,
Jeff Rosenstock,"Assistant Vice President, Government Relations & External Affairs",City University of New York,CUNY,Senior Colleges > Queens College,(718) 997-4995,,(718) 997-5000,,205 E. 42nd St.,New York,NY,10017,City,,Green Book,
Kate Pechenkina,"Interim Dean, Social Sciences",City University of New York,CUNY,Senior Colleges > Queens College,(718) 997-5210,,(718) 997-5000,,205 E. 42nd St.,New York,NY,10017,City,,Green Book,
Laurie Dorf,"Vice President, Institutional Advancement & Alumni Relations, Executive Director, QC Foundation",City University of New York,CUNY,Senior Colleges > Queens College,(718) 997-3920,,(718) 997-5000,,205 E. 42nd St.,New York,NY,10017,City,,Green Book,
Meghan Moorewilk,Chief of Staff,City University of New York,CUNY,Senior Colleges > Queens College,(718) 997-5646,,(718) 997-5000,,205 E. 42nd St.,New York,NY,10017,City,,Green Book,
Richard Alvarez,"Vice President, Enrollment & Retention",City University of New York,CUNY,Senior Colleges > Queens College,(718) 997-5929,,(718) 997-5000,,205 E. 42nd St.,New York,NY,10017,City,,Green Book,
Sandra Curko,General Counsel to the President & Chief of Staff,City University of New York,CUNY,Senior Colleges > Queens College,(718) 997-5725,,(718) 997-5000,,205 E. 42nd St.,New York,NY,10017,City,,Green Book,
(vacant),"Deputy Chief of Staff & Director, Strategic Initiatives",City University of New York,CUNY,Senior Colleges > Queens College,(718) 997-5646,,(718) 997-5000,,205 E. 42nd St.,New York,NY,10017,City,yes,Green Book,
(vacant),"Director, Compliance & Diversity",City University of New York,CUNY,Senior Colleges > Queens College,(718) 997-5888,,(718) 997-5000,,205 E. 42nd St.,New York,NY,10017,City,yes,Green Book,
William Keller,"Vice President, Finance & Administration",City University of New York,CUNY,Senior Colleges > Queens College,(718) 997-5557,,(718) 997-5000,,205 E. 42nd St.,New York,NY,10017,City,,Green Book,
"William McClure, PhD.","Dean, Arts & Humanities",City University of New York,CUNY,Senior Colleges > Queens College,(718) 997-5790,,(718) 997-5000,,205 E. 42nd St.,New York,NY,10017,City,,Green Book,
Briar Kerr,"Vice President, Student Affairs",City University of New York,CUNY,Community Colleges > Queensborough Community College,(718) 631-6351,,(718) 631-6262,,205 E. 42nd St.,New York,NY,10017,City,,Green Book,
Christine Mangino,President,City University of New York,CUNY,Community Colleges > Queensborough Community College,(718) 631-6222,,(718) 631-6262,(718) 281-5588,205 E. 42nd St.,New York,NY,10017,City,,Green Book,
Elaine Ioannou,Executive Assistant,City University of New York,CUNY,Community Colleges > Queensborough Community College,(718) 631-6222,,(718) 631-6262,,205 E. 42nd St.,New York,NY,10017,City,,Green Book,
Josephine Pantaleo,"Affirmative Action & Compliance Officer, Chief Diversity Officer",City University of New York,CUNY,Community Colleges > Queensborough Community College,(718) 631-6391,,(718) 631-6262,,205 E. 42nd St.,New York,NY,10017,City,,Green Book,
Liza Larios,"Dean, Human Resources & Labor Relations",City University of New York,CUNY,Community Colleges > Queensborough Community College,(718) 631-6356,,(718) 631-6262,,205 E. 42nd St.,New York,NY,10017,City,,Green Book,
Sandra Palmer,"Provost & Sr. Vice President, Academic Affairs",City University of New York,CUNY,Community Colleges > Queensborough Community College,(718) 631-6344,,(718) 631-6262,,205 E. 42nd St.,New York,NY,10017,City,,Green Book,
Sherri Newcomb,Sr. Vice President & Chief Operating Officer,City University of New York,CUNY,Community Colleges > Queensborough Community College,(718) 631-6221,,(718) 631-6262,,205 E. 42nd St.,New York,NY,10017,City,,Green Book,
Stephen Di Dio,"Vice President, Marketing & Communications",City University of New York,CUNY,Community Colleges > Queensborough Community College,(718) 631-6044,,(718) 631-6262,,205 E. 42nd St.,New York,NY,10017,City,,Green Book,
William Faulkner,"Vice President, Finance & Administration",City University of New York,CUNY,Community Colleges > Queensborough Community College,(718) 631-6244,,(718) 631-6262,,205 E. 42nd St.,New York,NY,10017,City,,Green Book,
Christina Latouf,"Vice President, Communications, External Relations & Economic Development",City University of New York,CUNY,Senior Colleges > The Bernard M. Baruch College,(646) 660-6114,,(646) 312-1000,,205 E. 42nd St.,New York,NY,10017,City,,Green Book,
David Shanton,"Vice President, College Advancement",City University of New York,CUNY,Senior Colleges > The Bernard M. Baruch College,(646) 660-6065,,(646) 312-1000,,205 E. 42nd St.,New York,NY,10017,City,,Green Book,
Katharine Cobb,"Vice President, Administration & Finance",City University of New York,CUNY,Senior Colleges > The Bernard M. Baruch College,(646) 660-6660,,(646) 312-1000,,205 E. 42nd St.,New York,NY,10017,City,,Green Book,
Kenya Lee,Chief of Staff,City University of New York,CUNY,Senior Colleges > The Bernard M. Baruch College,(646) 312-3322,,(646) 312-1000,,205 E. 42nd St.,New York,NY,10017,City,,Green Book,
Linda Essig,"Provost & Senior Vice President, Academic Affairs",City University of New York,CUNY,Senior Colleges > The Bernard M. Baruch College,(646) 660-6500,,(646) 312-1000,,205 E. 42nd St.,New York,NY,10017,City,,Green Book,
Mary Gorman,"Vice President, Student Enrollment Management & Strategic Academic Initiatives",City University of New York,CUNY,Senior Colleges > The Bernard M. Baruch College,(646) 312-4585,,(646) 312-1000,,205 E. 42nd St.,New York,NY,10017,City,,Green Book,
S. David Wu,President,City University of New York,CUNY,Senior Colleges > The Bernard M. Baruch College,(646) 312-3310,,(646) 312-1000,,205 E. 42nd St.,New York,NY,10017,City,,Green Book,
Celia P. Lloyd,"Vice President, Student Affairs",City University of New York,CUNY,Senior Colleges > The City College,(212) 650-5426,,(212) 650-7000,,205 E. 42nd St.,New York,NY,10017,City,,Green Book,
Dee Dee Mozeleski,"Senior Advisor to the Pres., V.P., Institutional Advancement, Communications, & External Relations",City University of New York,CUNY,Senior Colleges > The City College,(212) 650-7125,,(212) 650-7000,,205 E. 42nd St.,New York,NY,10017,City,,Green Book,
Felix Lam,Vice President/Chief Financial Officer,City University of New York,CUNY,Senior Colleges > The City College,(212) 650-7401,,(212) 650-7000,,205 E. 42nd St.,New York,NY,10017,City,,Green Book,
Kenneth Ihrer,"Vice President, Operations & CIO, Information Technology",City University of New York,CUNY,Senior Colleges > The City College,(212) 650-6836,,(212) 650-7000,,205 E. 42nd St.,New York,NY,10017,City,,Green Book,
Paul Occhiogrosso,Office of the Executive Counsel to the President/Executive Counsel to the President,City University of New York,CUNY,Senior Colleges > The City College,(212) 650-8276,,(212) 650-7000,,205 E. 42nd St.,New York,NY,10017,City,,Green Book,
Tony Liss,"Provost/Vice President, Academic Affairs",City University of New York,CUNY,Senior Colleges > The City College,(212) 650-6638,,(212) 650-7000,,205 E. 42nd St.,New York,NY,10017,City,,Green Book,
Vincent G. Boudreau,President,City University of New York,CUNY,Senior Colleges > The City College,(212) 650-7285,,(212) 650-7000,(212) 650-7680,205 E. 42nd St.,New York,NY,10017,City,,Green Book,
Brian Peterson,"Interim Sr. Vice President, Finance & Administration",City University of New York,CUNY,"Graduate, Honors and Professional Colleges > The Graduate Center (CUNY)",(212) 817-7600,,(212) 817-7000,,205 E. 42nd St.,New York,NY,10017,City,,Green Book,
David Olan,Associate Provost/Dean for Academic Affairs,City University of New York,CUNY,"Graduate, Honors and Professional Colleges > The Graduate Center (CUNY)",(212) 817-7280,,(212) 817-7000,,205 E. 42nd St.,New York,NY,10017,City,,Green Book,
Elaine Montilla,"Assistant Vice President, Information Technology & Chief Information Officer",City University of New York,CUNY,"Graduate, Honors and Professional Colleges > The Graduate Center (CUNY)",(212) 817-7351,,(212) 817-7000,,205 E. 42nd St.,New York,NY,10017,City,,Green Book,
Jay Golan,"Vice President, Institutional Advancement & Executive Director for the Graduate Center Foundation",City University of New York,CUNY,"Graduate, Honors and Professional Colleges > The Graduate Center (CUNY)",(212) 817-7130,,(212) 817-7000,,205 E. 42nd St.,New York,NY,10017,City,,Green Book,
Josh Brumberg,Dean of Sciences,City University of New York,CUNY,"Graduate, Honors and Professional Colleges > The Graduate Center (CUNY)",(212) 817-7242,,(212) 817-7000,,205 E. 42nd St.,New York,NY,10017,City,,Green Book,
Julia Wrigley,Interim Provost/Senior Vice President,City University of New York,CUNY,"Graduate, Honors and Professional Colleges > The Graduate Center (CUNY)",(212) 817-7200,,(212) 817-7000,,205 E. 42nd St.,New York,NY,10017,City,,Green Book,
Kimberly McBryan,Chief of Staff to the President,City University of New York,CUNY,"Graduate, Honors and Professional Colleges > The Graduate Center (CUNY)",(212) 817-7207,,(212) 817-7000,,205 E. 42nd St.,New York,NY,10017,City,,Green Book,
Lynette Phillips,Legal Counsel & Labor Designee,City University of New York,CUNY,"Graduate, Honors and Professional Colleges > The Graduate Center (CUNY)",(212) 817-7103,,(212) 817-7000,,205 E. 42nd St.,New York,NY,10017,City,,Green Book,
Matthew G. Schoengood,"Vice President, Student Affairs",City University of New York,CUNY,"Graduate, Honors and Professional Colleges > The Graduate Center (CUNY)",(212) 817-7400,,(212) 817-7000,,205 E. 42nd St.,New York,NY,10017,City,,Green Book,
Santhosh Chemban,Engineering Audit Officer,Design and Construction,DDC,Engineering Audit Office,(718) 391-1176,,,,30-30 Thomson Ave.,Long Island City,NY,11101,City,,Green Book,
Pinar Ozgu,Interim Vice President for Institutional Equity & Human Resources,City University of New York,CUNY,"Graduate, Honors and Professional Colleges > The Graduate Center (CUNY)",(212) 817-7101,,(212) 817-7000,,205 E. 42nd St.,New York,NY,10017,City,,Green Book,
Robin L. Garrell,President,City University of New York,CUNY,"Graduate, Honors and Professional Colleges > The Graduate Center (CUNY)",(212) 817-7107,,(212) 817-7000,,205 E. 42nd St.,New York,NY,10017,City,,Green Book,
Wendy DeMarco Fuentes,"Interim Vice President, Communications & Public Affairs",City University of New York,CUNY,"Graduate, Honors and Professional Colleges > The Graduate Center (CUNY)",(212) 817-7179,,(212) 817-7000,,205 E. 42nd St.,New York,NY,10017,City,,Green Book,
Berenecea Johnson Eanes Ph.D.,President,City University of New York,CUNY,Senior Colleges > York College,(718) 262-2350,,(718) 262-2000,(718) 262-2352,205 E. 42nd St.,New York,NY,10017,City,,Green Book,
Claudio Lindow,Acting Chief Information Officer,City University of New York,CUNY,Senior Colleges > York College,(718) 262-2351,,(718) 262-2000,,205 E. 42nd St.,New York,NY,10017,City,,Green Book,
Dana Trimboli,Chief of Staff,City University of New York,CUNY,Senior Colleges > York College,(718) 262-2350,,(718) 262-2000,,205 E. 42nd St.,New York,NY,10017,City,,Green Book,
Donna Chrico,"Dean, School of Arts & Sciences",City University of New York,CUNY,Senior Colleges > York College,(718) 262-2780,,(718) 262-2000,,205 E. 42nd St.,New York,NY,10017,City,,Green Book,
Earl Simons,"Director, Government & Community Relations",City University of New York,CUNY,Senior Colleges > York College,(718) 262-3795,,(718) 262-2000,,205 E. 42nd St.,New York,NY,10017,City,,Green Book,
La Toro Yates,"Interim Vice President, Student Development",City University of New York,CUNY,Senior Colleges > York College,(718) 262-2412,,(718) 262-2000,,205 E. 42nd St.,New York,NY,10017,City,,Green Book,
Maureen Becker,"Dean, School of Health & Behavioral Sciences",City University of New York,CUNY,Senior Colleges > York College,(718) 262-2698,,(718) 262-2000,,205 E. 42nd St.,New York,NY,10017,City,,Green Book,
"Russell Platzek, Esq.","Director, Compliance Programs & Legal Affairs",City University of New York,CUNY,Senior Colleges > York College,(718) 262-2140,,(718) 262-2000,,205 E. 42nd St.,New York,NY,10017,City,,Green Book,
Sabrina Johnson,"Acting Director, Faculty & Staff Relations",City University of New York,CUNY,Senior Colleges > York College,(718) 262-2719,,(718) 262-2000,,205 E. 42nd St.,New York,NY,10017,City,,Green Book,
(vacant),"Dean, School of Business & Information Systems",City University of New York,CUNY,Senior Colleges > York College,(718) 262-2804,,(718) 262-2000,,205 E. 42nd St.,New York,NY,10017,City,yes,Green Book,
(vacant),"Executive Director, Facilities & Administrative Affairs/CFO",City University of New York,CUNY,Senior Colleges > York College,(718) 262-2332,,(718) 262-2000,,205 E. 42nd St.,New York,NY,10017,City,yes,Green Book,
(vacant),"Provost & Vice President, Academic Affairs",City University of New York,CUNY,Senior Colleges > York College,(718) 262-2780,,(718) 262-2000,,205 E. 42nd St.,New York,NY,10017,City,yes,Green Book,
(vacant),Vice President for Institutional Advancement,City University of New York,CUNY,Senior Colleges > York College,(718) 262-5191,,(718) 262-2000,,205 E. 42nd St.,New York,NY,10017,City,yes,Green Book,
(vacant),"Vice President, Administrative Affairs",City University of New York,CUNY,Senior Colleges > York College,(718) 262-2332,,(718) 262-2000,,205 E. 42nd St.,New York,NY,10017,City,yes,Green Book,
Beatriz Fritschler,"Deputy Commissioner, Strategic Partnerships","Homeless Services, Department of",DHS,DSS Office of Strategy,(929) 221-7326,,,,33 Beaver St.,New York,NY,10004,City,,Green Book,
Margaret Nelson,"Deputy Commissioner, Urban Park Service & Public Programs","Parks, NYC",,Public Programs and Urban Park Service,(212) 360-1395,,,,"The Arsenal, Central Park, 830 5th Ave. Room 203",New York,NY,10065,City,,Green Book,
(vacant),"Assistant Vice President, Institutional Effectiveness and Strategic Planning",City University of New York,CUNY,Community Colleges > Borough of Manhattan Community College,(212) 220-8332,,(212) 220-8000,,205 E. 42nd St.,New York,NY,10017,City,yes,Green Book,
Belinda French,"Director, Diversity & Inclusion/EEO Officer",Citywide Administrative Services,DCAS,,(212) 386-0297,,,,1 Centre St.,New York,NY,10007,City,,Green Book,
Richard Jones P.E.,Chief Engineer,Design and Construction,DDC,Infrastructure Division > Engineering Services,(718) 391-1417,,,,30-30 Thomson Ave.,Long Island City,NY,11101,City,,Green Book,
Jeffrey Margolies,Associate Commissioner,Design and Construction,DDC,Office of Communications & Policy,(718) 391-1593,,,,30-30 Thomson Ave.,Long Island City,NY,11101,City,,Green Book,
"Silvia Montalban, Esq.","Chief, Citywide Equity & Inclusion Officer",Citywide Administrative Services,DCAS,Citywide Equity & Inclusion,(212) 386-0255,,,,1 Centre St.,New York,NY,10007,City,,Green Book,
Keith T. Kerman,"Deputy Commissioner, Fleet Management",Citywide Administrative Services,DCAS,Citywide Fleet Management,(212) 386-0239,,,,1 Centre St.,New York,NY,10007,City,,Green Book,
Adam Alweiss P.E.,Assistant Commissioner,Design and Construction,DDC,Infrastructure Division > Construction Borough Offices > Staten Island,(718) 391-5030,,,,101 Tyrellan Ave.,Staten Island,NY,10309,City,,Green Book,
Bobby Isaac,Assistant Commissioner,Design and Construction,DDC,Infrastructure Division > Coastal Resiliency - Construction,(718) 391-1553,,,,30-30 Thomson Ave.,Long Island City,NY,11101,City,,Green Book,
Harold Holzer,Borough Historian,Borough Historians,,Manhattan,,,(212) 669-8089,,1 Centre St.,New York,NY,10007,City,,Green Book,
Brian Chang,"Assistant Commissioner, Energy Supply",Citywide Administrative Services,DCAS,Energy Management,(212) 386-0369,,,,1 Centre St.,New York,NY,10007,City,,Green Book,
Annie Gurvis,Interim Chief of Staff,"Housing Authority, NYC",NYCHA,,(212) 306-3467,,,,90 Church St.,New York,NY,10007,City,,Green Book,
Neelesh Shah,"Assistant Commissioner, Technology",Citywide Administrative Services,DCAS,Information Technology,(212) 386-6178,,,,1 Centre St.,New York,NY,10007,City,,Green Book,
Nitin Patel,"Deputy Commissioner, Chief Information Officer",Citywide Administrative Services,DCAS,Information Technology,(212) 386-6175,,,,1 Centre St.,New York,NY,10007,City,,Green Book,
Pavani Allam,"Assistant Commissioner, Business Support",Citywide Administrative Services,DCAS,Information Technology,(212) 386-6177,,,,1 Centre St.,New York,NY,10007,City,,Green Book,
Claudia Dillon,Vice President and EEO Officer,"Housing Authority, NYC",NYCHA,,(212) 306-8787,,,,90 Church St.,New York,NY,10007,City,,Green Book,
Naushad Khan,Chief Information Officer,"Independent Budget Office, NYC",IBO,,,,,,110 William St.,New York,NY,10038,City,,Green Book,
Amanda M. Wismans,General Counsel,"Civil Service Commission, City",CCSC,,(212) 615-8902,,,,1 Centre St.,New York,NY,10007,City,,Green Book,
Joan Richards,"Director, Administration, Secretary of the Commission","Civil Service Commission, City",CCSC,,(212) 615-8901,,,,1 Centre St.,New York,NY,10007,City,,Green Book,
"Andre Applewhite, Esq.","Chief Prosecutor, Administrative Prosecution Unit",Civilian Complaint Review Board,CCRB,,(212) 912-2059,,,,100 Church St.,New York,NY,10007,City,,Green Book,
Jeanine Marie,"Deputy Executive Director, Administration",Civilian Complaint Review Board,CCRB,,(212) 912-2092,,,,100 Church St.,New York,NY,10007,City,,Green Book,
"Jonathan Darche, Esq.",Executive Director,Civilian Complaint Review Board,CCRB,,(212) 912-2097,,,,100 Church St.,New York,NY,10007,City,,Green Book,
"Matthew Kadushin, Esq.",General Counsel,Civilian Complaint Review Board,CCRB,,(212) 912-2013,,,,100 Church St.,New York,NY,10007,City,,Green Book,
Mercer 'Monte' Givhan,"Chief, Investigations",Civilian Complaint Review Board,CCRB,,(212) 912-2082,,,,100 Church St.,New York,NY,10007,City,,Green Book,
Yojaira Alvarez,Senior Advisor to the Executive Director/Director of Outreach & Intergovernmental Affairs,Civilian Complaint Review Board,CCRB,,(212) 912-7275,,,,100 Church St.,New York,NY,10007,City,,Green Book,
Karine C.M. Spencer,Director of Representation,"Collective Bargaining, Office of",OCB,,(212) 306-7176,,,,100 Gold St.,New York,NY,10038,City,,Green Book,
Monu Singh,"Deputy Chair, Dispute Resolution","Collective Bargaining, Office of",OCB,,(212) 306-7170,,,,100 Gold St.,New York,NY,10038,City,,Green Book,
Steven Star,"Deputy Chair, General Counsel","Collective Bargaining, Office of",OCB,,(212) 306-7180,,,,100 Gold St.,New York,NY,10038,City,,Green Book,
Zeeshan Anwar,Chief Information Officer,Design and Construction,DDC,Technology and Innovation,(718) 391-3388,,,,30-30 Thomson Ave.,Long Island City,NY,11101,City,,Green Book,
Diane Jones Randall,Equal Employment Officer,Comptroller,,,(212) 669-3692,,,,1 Centre St.,New York,NY,10007,City,,Green Book,
Justina K. Rivera,General Counsel,Comptroller,,,(212) 669-1169,,,,1 Centre St.,New York,NY,10007,City,,Green Book,
Rachel Goodman,Chief of Staff,Comptroller,,,(212) 669-2054,,,,1 Centre St.,New York,NY,10007,City,,Green Book,
Katrina Stauffer,Secretary,Comptroller,,Audit Committee of the City of New York,(212) 669-7861,,,,1 Centre St.,New York,NY,10007,City,,Green Book,
Carmen Chan,"Division Chief, Debt",Comptroller,,Bureau of Accountancy,(212) 669-7609,,,,1 Centre St.,New York,NY,10007,City,,Green Book,
Jacqueline Thompson,Deputy Comptroller/Chief Accountant,Comptroller,,Bureau of Accountancy,(212) 669-8947,,,,1 Centre St.,New York,NY,10007,City,,Green Book,
Jessica Sanchez,"Division Chief, Capital and Technical Professional Standards",Comptroller,,Bureau of Accountancy,(212) 669-3613,,,,1 Centre St.,New York,NY,10007,City,,Green Book,
Katrina Stauffer,Bureau Chief,Comptroller,,Bureau of Accountancy,(212) 669-7861,,,,1 Centre St.,New York,NY,10007,City,,Green Book,
Marina Verba,"Division Chief, Bank Reconciliation",Comptroller,,Bureau of Accountancy,(212) 669-7601,,,,1 Centre St.,New York,NY,10007,City,,Green Book,
(vacant),Corporate Secretary,"Housing Authority, NYC",NYCHA,,(212) 306-6003,,,,90 Church St.,New York,NY,10007,City,yes,Green Book,
(vacant),Assistant Commissioner,Design and Construction,DDC,Infrastructure Division > Design Unit and Coastal Resiliency - Design > Design-Section 3,,,,,30-30 Thomson Ave.,Long Island City,NY,11101,City,yes,Green Book,
Natasha Walker,"Division Chief, Fiscal Services",Comptroller,,Bureau of Accountancy,(212) 669-7405,,,,1 Centre St.,New York,NY,10007,City,,Green Book,
(vacant),Assistant Bureau Chief,Comptroller,,Bureau of Accountancy,,,,,1 Centre St.,New York,NY,10007,City,yes,Green Book,
Veronika Musheyeva,"Division Chief, Accounting Compliance",Comptroller,,Bureau of Accountancy,(212) 669-8224,,,,1 Centre St.,New York,NY,10007,City,,Green Book,
Amanpreet Singh,Director of Human Resources,Comptroller,,Bureau of Administration,(212) 669-7579,,,,1 Centre St.,New York,NY,10007,City,,Green Book,
Nichola Hammond,"Associate Commissioner, Family Transitional Services","Homeless Services, Department of",DHS,DHS Office of Shelter Operations,(212) 361-0651,,,,33 Beaver St.,New York,NY,10004,City,,Green Book,
Catherina Francis-Grey,"Division Chief, Vouchering",Comptroller,,Bureau of Administration,(212) 669-7386,,,,1 Centre St.,New York,NY,10007,City,,Green Book,
Erin N. Villari,Deputy Comptroller,Comptroller,,Bureau of Administration,(212) 669-2223,,,,1 Centre St.,New York,NY,10007,City,,Green Book,
Jason Brunson,"Director, Facilities",Comptroller,,Bureau of Administration,(212) 669-4772,,,,1 Centre St.,New York,NY,10007,City,,Green Book,
Jean Jones,Assistant Comptroller for Employment Services,Comptroller,,Bureau of Administration,(212) 669-3732,,,,1 Centre St.,New York,NY,10007,City,,Green Book,
John Katsorhis,Agency Chief Contracting Officer (ACCO),Comptroller,,Bureau of Administration,(212) 669-1904,,,,1 Centre St.,New York,NY,10007,City,,Green Book,
Lisa Kaufer,Executive Director,Comptroller,,Bureau of Administration,(212) 669-3476,,,,1 Centre St.,New York,NY,10007,City,,Green Book,
Nicole Dupree,Director of Compensation and Compliance,Comptroller,,Bureau of Administration,(212) 669-7830,,,,1 Centre St.,New York,NY,10007,City,,Green Book,
Sayeed Chawdhury,"Director, Support Services (Mailroom and Print Shop)",Comptroller,,Bureau of Administration,(212) 669-7408,,,,1 Centre St.,New York,NY,10007,City,,Green Book,
Richard Lindemulder,"Deputy Commissioner, Strategic Engagement",Human Resources Administration / Department of Social Services,HRA DSS,DSS Office of Information Technology Services,(646) 522-2756,,,,150 Greenwich St.,New York,NY,10007,City,,Green Book,
Edward Berman,Chief Risk Officer,Comptroller,,Bureau of Asset Management,(212) 669-3449,,,,1 Centre St.,New York,NY,10007,City,,Green Book,
Eneasz Kadziela,Deputy CIO,Comptroller,,Bureau of Asset Management,(212) 669-8183,,,,1 Centre St.,New York,NY,10007,City,,Green Book,
John Adler,Chief ESG Officer,Comptroller,,Bureau of Asset Management,(212) 669-2044,,,,1 Centre St.,New York,NY,10007,City,,Green Book,
John Dorsa,Chief Pension Officer,Comptroller,,Bureau of Asset Management,(212) 669-3185,,,,1 Centre St.,New York,NY,10007,City,,Green Book,
Kate Visconti,"Chief of Staff, Office of the CIO",Comptroller,,Bureau of Asset Management,(212) 669-4889,,,,1 Centre St.,New York,NY,10007,City,,Green Book,
Michael Garland,"Assistant Comptroller, Corporate Governance & Responsible Investment",Comptroller,,Bureau of Asset Management,(212) 669-2517,,,,1 Centre St.,New York,NY,10007,City,,Green Book,
Petya Nikolova,Deputy CIO,Comptroller,,Bureau of Asset Management,(212) 669-4823,,,,1 Centre St.,New York,NY,10007,City,,Green Book,
Shachi Bhatt,Chief Compliance Officer,Comptroller,,Bureau of Asset Management,(212) 669-3651,,,,1 Centre St.,New York,NY,10007,City,,Green Book,
Steven Meier,"Deputy Comptroller, Asset Management & Chief Investment Office",Comptroller,,Bureau of Asset Management,(212) 669-3257,,,,1 Centre St.,New York,NY,10007,City,,Green Book,
Taffi Ayodele,"Director of Diversity, Equity, and Inclusion and Emerging Manager Services",Comptroller,,Bureau of Asset Management,(212) 669-7212,,,,1 Centre St.,New York,NY,10007,City,,Green Book,
Claire Pozniak,Special Advisor to the Deputy Comptroller,Comptroller,,Bureau of Audit,(212) 669-2843,,,,1 Centre St.,New York,NY,10007,City,,Green Book,
Edward Carey,"Assistant Comptroller, Management Audit",Comptroller,,Bureau of Audit,(212) 669-8837,,,,1 Centre St.,New York,NY,10007,City,,Green Book,
Andrew Sklar,Deputy Press Secretary,"Housing Authority, NYC",NYCHA,,(332) 257-8166,,,,90 Church St.,New York,NY,10007,City,,Green Book,
Margiann Bernabeo,"Director, Quality Assurance",Comptroller,,Bureau of Audit,(212) 669-7593,,,,1 Centre St.,New York,NY,10007,City,,Green Book,
Maryanne Mullany,Executive Director of Special Audit Projects,Comptroller,,Bureau of Audit,(212) 669-8144,,,,1 Centre St.,New York,NY,10007,City,,Green Book,
Maura Hayes-Chaffe,Deputy Comptroller,Comptroller,,Bureau of Audit,(212) 669-8459,,,,1 Centre St.,New York,NY,10007,City,,Green Book,
(vacant),"Director, Information Systems/Security Audit",Comptroller,,Bureau of Audit,(212) 669-3731,,,,1 Centre St.,New York,NY,10007,City,yes,Green Book,
(vacant),"Director, Research & Investigation",Comptroller,,Bureau of Audit,,,,,1 Centre St.,New York,NY,10007,City,yes,Green Book,
Irina Livshits,"Division Chief, Financial Analysis",Comptroller,,Bureau of Budget,(212) 669-3703,,,,1 Centre St.,New York,NY,10007,City,,Green Book,
Jonathan Siegel,"Chief Economist, Economic Analysis",Comptroller,,Bureau of Budget,(212) 669-3178,,,,1 Centre St.,New York,NY,10007,City,,Green Book,
Krista Olson,Deputy Comptroller,Comptroller,,Bureau of Budget,(212) 669-2490,,,,1 Centre St.,New York,NY,10007,City,,Green Book,
Krzysztof Haranczyk,Director of Budget Analysis and Research,Comptroller,,Bureau of Budget,(212) 669-4584,,,,1 Centre St.,New York,NY,10007,City,,Green Book,
Charlette Hamamgian,"Deputy Comptroller, Contracts and Procurement",Comptroller,,Bureau of Contract Administration,(212) 669-4126,,(212) 669-2323,,1 Centre St.,New York,NY,10007,City,,Green Book,
Daphnie Agami,Senior Advisor and Counsel to the Deputy Comptroller,Comptroller,,Bureau of Contract Administration,(212) 669-2082,,(212) 669-2323,,1 Centre St.,New York,NY,10007,City,,Green Book,
Kayona Wall,Director of Client Services,Comptroller,,Bureau of Contract Administration,(212) 669-3785,,(212) 669-2323,,1 Centre St.,New York,NY,10007,City,,Green Book,
Kerri Nagorski,Director of Procurement Policy and Partnerships,Comptroller,,Bureau of Contract Administration,(212) 669-3772,,(212) 669-2323,,1 Centre St.,New York,NY,10007,City,,Green Book,
Michael DAmbrosio,Assistant Comptroller,Comptroller,,Bureau of Contract Administration,(212) 669-3742,,(212) 669-2323,,1 Centre St.,New York,NY,10007,City,,Green Book,
Sonia Feliciano,"Division Chief, Contract Registration",Comptroller,,Bureau of Contract Administration,(212) 669-8502,,(212) 669-2323,,1 Centre St.,New York,NY,10007,City,,Green Book,
Tony Maldonado,"Senior Vice President, Supply Chain Management","Housing Authority, NYC",NYCHA,Administration,(212) 306-4418,,,,90 Church St.,New York,NY,10007,City,,Green Book,
Oliver Osterwind,Vice President for Project Management,"Housing Authority, NYC",NYCHA,Asset and Capital Management,(718) 730-8232,,,,90 Church St.,New York,NY,10007,City,,Green Book,
Chirag Patel,Vice President for Program Management,"Housing Authority, NYC",NYCHA,Asset and Capital Management,(718) 730-8205,,,,90 Church St.,New York,NY,10007,City,,Green Book,
Edward Sokolowski,"Executive Director, Systems Development & Program Management Office",Comptroller,,Bureau of Information Systems and Technology,(212) 669-7456,,,,1 Centre St.,New York,NY,10007,City,,Green Book,
Joseth Ishman,"Deputy CIO, Operations Network Services and Chief Information Security Officer",Comptroller,,Bureau of Information Systems and Technology,(212) 669-4565,,,,1 Centre St.,New York,NY,10007,City,,Green Book,
Ron Katz,"Executive Director, Technology Support & Business Continuity",Comptroller,,Bureau of Information Systems and Technology,(212) 669-4704,,,,1 Centre St.,New York,NY,10007,City,,Green Book,
Stephen Giannotti,"Deputy CIO, Applications & Development",Comptroller,,Bureau of Information Systems and Technology,(212) 669-4483,,,,1 Centre St.,New York,NY,10007,City,,Green Book,
Troy Chen,"Executive Director, Applications Development and Web Administration",Comptroller,,Bureau of Information Systems and Technology,(212) 669-4763,,,,1 Centre St.,New York,NY,10007,City,,Green Book,
Constantine P. Kokkoris,Assistant Comptroller,Comptroller,,Bureau of Labor Law,(212) 669-2519,,,,1 Centre St.,New York,NY,10007,City,,Green Book,
Eduardo Perez,"Director, Outreach",Comptroller,,Bureau of Labor Law,(212) 669-8942,,,,1 Centre St.,New York,NY,10007,City,,Green Book,
Francisco Gonzalez,"Director, Investigations",Comptroller,,Bureau of Labor Law,(212) 669-3698,,,,1 Centre St.,New York,NY,10007,City,,Green Book,
Geoff Lieber,Executive Agency Counsel,Comptroller,,Bureau of Labor Law,(212) 669-3930,,,,1 Centre St.,New York,NY,10007,City,,Green Book,
Paul Brumlik,"Director, Classifications",Comptroller,,Bureau of Labor Law,(212) 669-2161,,,,1 Centre St.,New York,NY,10007,City,,Green Book,
Stuart Rimmer,"Director, Audits",Comptroller,,Bureau of Labor Law,(212) 669-2914,,,,1 Centre St.,New York,NY,10007,City,,Green Book,
Seunghwan Kim,"Assistant Comptroller, Law & Adjustment",Comptroller,,Bureau of Law and Adjustment,(212) 669-7214,,,,1 Centre St.,New York,NY,10007,City,,Green Book,
Aliya Latif,"Director, Strategic Partnerships & Special Events",Comptroller,,Bureau of Public Affairs,(212) 669-4983,,,,1 Centre St.,New York,NY,10007,City,,Green Book,
Antirson R. Ortiz,"Director, Community Action Center",Comptroller,,Bureau of Public Affairs,(212) 669-3683,,,,1 Centre St.,New York,NY,10007,City,,Green Book,
Megan Flynn,Bureau Chief,Comptroller,,Bureau of Public Affairs,(212) 669-3683,,,,1 Centre St.,New York,NY,10007,City,,Green Book,
Ricky Da Costa,Deputy Comptroller,Comptroller,,Bureau of Public Affairs,(212) 669-3894,,,,1 Centre St.,New York,NY,10007,City,,Green Book,
William Giron,"Director, Intergovernmental Affairs",Comptroller,,Bureau of Public Affairs,(212) 669-3546,,,,1 Centre St.,New York,NY,10007,City,,Green Book,
Marjorie Henning,Deputy Comptroller,Comptroller,,Bureau of Public Finance,(212) 669-8334,,,,1 Centre St.,New York,NY,10007,City,,Green Book,
Timothy Martin,Assistant Comptroller for Public Finance,Comptroller,,Bureau of Public Finance,(212) 669-3968,,,,1 Centre St.,New York,NY,10007,City,,Green Book,
Annie Levers,Assistant Comptroller,Comptroller,,Bureau of Public Policy,(212) 669-7101,,,,1 Centre St.,New York,NY,10007,City,,Green Book,
Claudia Henriquez,Director of Workers Rights,Comptroller,,Bureau of Worker's Rights,(212) 669-7858,,,,1 Centre St.,New York,NY,10007,City,,Green Book,
Sadye L. Campoamor,Chief Equity Officer,Comptroller,,Chief Equity Officer,(212) 669-7746,,,,1 Centre St.,New York,NY,10007,City,,Green Book,
Katherine Reilly,"Director, Settlements and Adjudications",Comptroller,,"Bureau of Law and Adjustment > Commercial, Real Estate, Property Damage, & Affirmative Claims Settlement & Adjudication",(212) 669-4393,,,,1 Centre St.,New York,NY,10007,City,,Green Book,
Lynell Canagata,"Director, Litigation",Comptroller,,Bureau of Law and Adjustment > Court Settlement Division,(212) 669-3589,,,,1 Centre St.,New York,NY,10007,City,,Green Book,
Aramis Constantinescu,Electrical,Comptroller,,Bureau of Engineering > Division Chiefs,(212) 669-2128,,,,1 Centre St.,New York,NY,10007,City,,Green Book,
Rafeek Shaker,Civil Mechanical Claims,Comptroller,,Bureau of Engineering > Division Chiefs,(212) 669-2196,,,,1 Centre St.,New York,NY,10007,City,,Green Book,
Scott McNevin,Heavy Construction,Comptroller,,Bureau of Engineering > Division Chiefs,(212) 669-2216,,,,1 Centre St.,New York,NY,10007,City,,Green Book,
Suresh Ceyyur,General/Buildings,Comptroller,,Bureau of Engineering > Division Chiefs,(212) 669-2153,,,,1 Centre St.,New York,NY,10007,City,,Green Book,
Tyrone Morrison,Torts,Comptroller,,Bureau of Engineering > Division Chiefs,(212) 669-4697,,,,1 Centre St.,New York,NY,10007,City,,Green Book,
Betsy Maldonado,Personal Injury Liability Claims,Comptroller,,Bureau of Law and Adjustment > Division Chiefs,(212) 669-2105,,,,1 Centre St.,New York,NY,10007,City,,Green Book,
Diana Rojas,No-Fault Division,Comptroller,,Bureau of Law and Adjustment > Division Chiefs,(212) 669-4670,,,,1 Centre St.,New York,NY,10007,City,,Green Book,
James Keneally,Law Division (Non-Tort),Comptroller,,Bureau of Law and Adjustment > Division Chiefs,(212) 669-4740,,,,1 Centre St.,New York,NY,10007,City,,Green Book,
Johnny Thomas,Claims Support,Comptroller,,Bureau of Law and Adjustment > Division Chiefs,(212) 669-4118,,,,1 Centre St.,New York,NY,10007,City,,Green Book,
Judith Brusgard,Property Damage,Comptroller,,Bureau of Law and Adjustment > Division Chiefs,(212) 669-8771,,,,1 Centre St.,New York,NY,10007,City,,Green Book,
Mary Ellen Courtney,Affirmative Claims/Quality Control,Comptroller,,Bureau of Law and Adjustment > Division Chiefs,(212) 669-4729,,,,1 Centre St.,New York,NY,10007,City,,Green Book,
Francesco Brindisi,Executive Deputy Comptroller for Budget and Finance,Comptroller,,Executive Deputy Comptrollers,(212) 669-4210,,,,1 Centre St.,New York,NY,10007,City,,Green Book,
Sandra Abeles,Executive Deputy Comptroller for Management and Operations,Comptroller,,Executive Deputy Comptrollers,(212) 669-2357,,,,1 Centre St.,New York,NY,10007,City,,Green Book,
Brittania Stewart,"Associate General Counsel, Chief Records Access Officer",Comptroller,,General Counsel/Legal Affairs,(212) 669-2053,,,,1 Centre St.,New York,NY,10007,City,,Green Book,
Irina Tumova,Deputy General Counsel,Comptroller,,General Counsel/Legal Affairs,(212) 669-4782,,,,1 Centre St.,New York,NY,10007,City,,Green Book,
Jorge Martinez,"Deputy General Counsel, Ethics Officer",Comptroller,,General Counsel/Legal Affairs,(212) 669-2377,,,,1 Centre St.,New York,NY,10007,City,,Green Book,
Justina K. Rivera,General Counsel,Comptroller,,General Counsel/Legal Affairs,(212) 669-1169,,,,1 Centre St.,New York,NY,10007,City,,Green Book,
Lauren B. Jacobson,First Deputy General Counsel,Comptroller,,General Counsel/Legal Affairs,(212) 669-3367,,,,1 Centre St.,New York,NY,10007,City,,Green Book,
R. Josh Bliss,Deputy General Counsel,Comptroller,,General Counsel/Legal Affairs,(212) 669-4631,,,,1 Centre St.,New York,NY,10007,City,,Green Book,
(vacant),Records Management Liaison,Comptroller,,General Counsel/Legal Affairs,,,,,1 Centre St.,New York,NY,10007,City,yes,Green Book,
Chloe Chik,Press Secretary,Comptroller,,Press Office/Communications,(212) 669-2033,,,,1 Centre St.,New York,NY,10007,City,,Green Book,
(vacant),Vice President for IT Service Management,"Housing Authority, NYC",NYCHA,Information Technology,(212) 306-3813,,,,90 Church St.,New York,NY,10007,City,yes,Green Book,
Adam Karp,"Director, Tort Claims",Comptroller,,Bureau of Law and Adjustment > Tort Settlement Division,(212) 669-1806,,,,1 Centre St.,New York,NY,10007,City,,Green Book,
Michele Basic,Vice President of Comprehensive Modernization,"Housing Authority, NYC",NYCHA,Asset and Capital Management,(212) 306-8563,,,,90 Church St.,New York,NY,10007,City,,Green Book,
Alexander Kipp,"Director, Education & Engagement",Conflicts of Interest Board,COIB,,(212) 437-0770,,,,2 Lafayette St.,New York,NY,10007,City,,Green Book,
Carolyn Lisa Miller,Executive Director/Counsel,Conflicts of Interest Board,COIB,,(212) 437-0710,,,,2 Lafayette St.,New York,NY,10007,City,,Green Book,
Christopher M. Hammer,Deputy General Counsel,Conflicts of Interest Board,COIB,,(212) 437-0721,,,,2 Lafayette St.,New York,NY,10007,City,,Green Book,
Derick Yu,"Director, IT",Conflicts of Interest Board,COIB,,(212) 437-0760,,,,2 Lafayette St.,New York,NY,10007,City,,Green Book,
Ethan A. Carrier,General Counsel,Conflicts of Interest Board,COIB,,(212) 437-0720,,,,2 Lafayette St.,New York,NY,10007,City,,Green Book,
Jeffrey Tremblay,"Director, Enforcement",Conflicts of Interest Board,COIB,,(212) 437-0740,,,,2 Lafayette St.,New York,NY,10007,City,,Green Book,
Katherine Miller,"Director, Annual Disclosure & Special Counsel",Conflicts of Interest Board,COIB,,(212) 437-0730,,,,2 Lafayette St.,New York,NY,10007,City,,Green Book,
Tasnia Karim,"Director, Administration",Conflicts of Interest Board,COIB,,(212) 437-0750,,,,2 Lafayette St.,New York,NY,10007,City,,Green Book,
Howard Singer,Deputy Chief of Staff,"Correction, Department of",DOC,,(718) 546-0810,,,,75-20 Astoria Blvd.,East Elmhurst,NY,11370,City,,Green Book,
Stanley Richards,Commissioner,"Correction, Department of",DOC,,(718) 546-0890,,,,75-20 Astoria Blvd.,East Elmhurst,NY,11370,City,,governance dataset,Lynelle Maginley-Liddie
Kay Amer,First Deputy County Clerk,County Clerk,,County Clerk - Bronx County,(718) 618-3361,,(718) 618-3300,,851 Grand Concourse,Bronx,NY,10451,County,,Green Book,
Reginald O. Jackman,Second Deputy County Clerk,County Clerk,,County Clerk - Bronx County,(718) 618-3358,,(718) 618-3300,,851 Grand Concourse,Bronx,NY,10451,County,,Green Book,
Teresa Torres,Administrator,County Clerk,,County Clerk - Bronx County,(718) 618-3337,,(718) 618-3300,,851 Grand Concourse,Bronx,NY,10451,County,,Green Book,
Scott Bryant,Vice President for Strategic Services,"Housing Authority, NYC",NYCHA,Asset and Capital Management,(718) 730-8296,,,,90 Church St.,New York,NY,10007,City,,Green Book,
"Manuel J. Tavarez, Esq.",Administrator,County Clerk,,County Clerk - New York County,(646) 386-5950,,(646) 386-5956,,60 Centre St.,New York,NY,10007,County,,Green Book,
Milton A. Tingling,County Clerk,County Clerk,,County Clerk - New York County,,,(646) 386-5956,,60 Centre St.,New York,NY,10007,County,,Green Book,
(vacant),Chief Deputy County Clerk,County Clerk,,County Clerk - New York County,(646) 386-5955,,(646) 386-5956,,60 Centre St.,New York,NY,10007,County,yes,Green Book,
(vacant),Counsel,County Clerk,,County Clerk - New York County,(646) 386-5947,,(646) 386-5956,,60 Centre St.,New York,NY,10007,County,yes,Green Book,
(vacant),Executive Assistant,County Clerk,,County Clerk - New York County,(646) 386-5955,,(646) 386-5956,,60 Centre St.,New York,NY,10007,County,yes,Green Book,
Audrey Pheffer,"Queens County Clerk, Clerk of the Supreme Court, Commissioner of Jurors",County Clerk,,County Clerk - Queens County,,,(718) 298-0601,,88-11 Sutphin Blvd.,Jamaica,NY,11435,County,,Green Book,
Emma Drop,Chief Clerk,County Clerk,,County Clerk - New York County > Court and Record Division,(646) 386-5932,,,,60 Centre St.,New York,NY,10007,County,,Green Book,
(vacant),"Chief Clerk, Judgments",County Clerk,,County Clerk - New York County > Court and Record Division,(646) 386-5942,,,,60 Centre St.,New York,NY,10007,County,yes,Green Book,
Kay Amer,First Deputy County Clerk,County Clerk,,County Clerk - Bronx County > Division of Jurors,(718) 618-3361,,(718) 618-3360,,851 Grand Concourse,Bronx,NY,10451,County,,Green Book,
Reginald Jackman,Second Deputy County Clerk,County Clerk,,County Clerk - Bronx County > Division of Jurors,(718) 618-3358,,(718) 618-3360,,851 Grand Concourse,Bronx,NY,10451,County,,Green Book,
Joseph Parris,Supervising Clerk,County Clerk,,County Clerk - New York County > Division of Jurors,(646) 386-5985,,(646) 386-5969,,60 Centre St.,New York,NY,10007,County,,Green Book,
(vacant),Deputy County Clerk in Charge,County Clerk,,County Clerk - New York County > Division of Jurors,(646) 386-5991,,(646) 386-5969,,60 Centre St.,New York,NY,10007,County,yes,Green Book,
Georgiana Okoroji,Senior Vice President for Financial Planning and Analysis,"Housing Authority, NYC",NYCHA,Finance,(212) 306-6538,,,,90 Church St.,New York,NY,10007,City,,Green Book,
Ah-Yat Lee,Vice President and Controller,"Housing Authority, NYC",NYCHA,Finance,(212) 306-6880,,,,90 Church St.,New York,NY,10007,City,,Green Book,
Tischelle George,"Vice President, Learning & Development","Housing Authority, NYC",NYCHA,Operations,(718) 707-7863,,,,90 Church St.,New York,NY,10007,City,,Green Book,
Siobhan Watson,Vice President for Sustainability,"Housing Authority, NYC",NYCHA,Asset and Capital Management,(718) 730-8299,,,,90 Church St.,New York,NY,10007,City,,Green Book,
Daniel Greene,Executive Vice President for Property Management Operations,"Housing Authority, NYC",NYCHA,Operations,(646) 370-9396,,,,90 Church St.,New York,NY,10007,City,,Green Book,
Kathleen Corradi,"Senior Vice President for Resident Services, Partnerships and Initiatives","Housing Authority, NYC",NYCHA,"Resident Services, Partnerships & Initiatives",(212) 306-3276,,,,90 Church St.,New York,NY,10007,City,,Green Book,
Joseph Van Nostrand,Archivist in Charge,County Clerk,,County Clerk - New York County > Division of Old Records,(646) 386-5395,,(646) 386-5395,,31 Chambers St.,New York,NY,10007,County,,Green Book,
Alton Murray,Deputy Commissioner,Cultural Affairs,DCLA,,(212) 298-8725,,,,31 Chambers St.,New York,NY,10007,City,,Green Book,
Andrew Burmeister,"Assistant Commissioner, Capital Projects",Cultural Affairs,DCLA,,(212) 298-8724,,,,31 Chambers St.,New York,NY,10007,City,,Green Book,
Cynthia Ingram,"Sr. Director, Human Resources & Administration/EEO Officer",Cultural Affairs,DCLA,,(212) 298-8767,,,,31 Chambers St.,New York,NY,10007,City,,Green Book,
Daniel Contafio,"Director, Information Technology",Cultural Affairs,DCLA,,(212) 298-8756,,,,31 Chambers St.,New York,NY,10007,City,,Green Book,
Lance Polivy,General Counsel,Cultural Affairs,DCLA,,(212) 298-8727,,,,31 Chambers St.,New York,NY,10007,City,,Green Book,
Diya Vij,Commissioner,Cultural Affairs,DCLA,,(212) 298-8768,,,,31 Chambers St.,New York,NY,10007,City,,governance dataset,Laurie Cumbo
Michael Krevet,Chief of Staff,Cultural Affairs,DCLA,,(212) 298-8720,,,,31 Chambers St.,New York,NY,10007,City,,Green Book,
Phillippa Shao,"Director, Finance",Cultural Affairs,DCLA,,(212) 298-8709,,,,31 Chambers St.,New York,NY,10007,City,,Green Book,
Ryan Max,"Director, External Affairs",Cultural Affairs,DCLA,,(212) 298-8721,,,,31 Chambers St.,New York,NY,10007,City,,Green Book,
Sei Young Kim,Agency Chief Contracting Officer,Cultural Affairs,DCLA,,(212) 298-8705,,,,31 Chambers St.,New York,NY,10007,City,,Green Book,
Tara Sansone,"Executive Director, Materials for the Arts",Cultural Affairs,DCLA,,(718) 729-2029,,,(718) 729-2823,31 Chambers St.,New York,NY,10007,City,,Green Book,
Ellen V. Futter,President,Cultural Affairs,DCLA,Cultural Institutions Group > American Museum of Natural History,,,(212) 769-5100,,31 Chambers St.,New York,NY,10007,City,,Green Book,
Gary D. Hermalyn,Executive Director,Cultural Affairs,DCLA,Cultural Institutions Group > Bronx County Historical Society,,,(718) 881-8900,,31 Chambers St.,New York,NY,10007,City,,Green Book,
Klaudio Rodriguez,Acting Executive Director,Cultural Affairs,DCLA,Cultural Institutions Group > Bronx Museum of the Arts,,,(718) 681-6000,,1040 Grand Concourse,Bronx,NY,10456,City,,Green Book,
David Binder,Artistic Director,Cultural Affairs,DCLA,Cultural Institutions Group > Brooklyn Academy of Music,,,(718) 636-4100,,30 Lafayette Ave.,Brooklyn,NY,11217,City,,Green Book,
Joseph V. Melillo,Executive Producer,Cultural Affairs,DCLA,Cultural Institutions Group > Brooklyn Academy of Music,,,(718) 636-4100,,30 Lafayette Ave.,Brooklyn,NY,11217,City,,Green Book,
Katy Clark,President,Cultural Affairs,DCLA,Cultural Institutions Group > Brooklyn Academy of Music,,,(718) 636-4100,,30 Lafayette Ave.,Brooklyn,NY,11217,City,,Green Book,
Scot Medbury,President,Cultural Affairs,DCLA,Cultural Institutions Group > Brooklyn Botanic Garden,,,(718) 623-7200,,1000 Washington Ave.,Brooklyn,NY,11225,City,,Green Book,
Stephanie Wilchfort,President,Cultural Affairs,DCLA,Cultural Institutions Group > Brooklyn Children's Museum,,,(718) 735-4400,,31 Chambers St.,New York,NY,10007,City,,Green Book,
Anne Pasternak,Director,Cultural Affairs,DCLA,Cultural Institutions Group > Brooklyn Museum,,,(718) 638-5000,,31 Chambers St.,New York,NY,10007,City,,Green Book,
Clive Gillinson,Executive & Artistic Director,Cultural Affairs,DCLA,Cultural Institutions Group > Carnegie Hall,,,(212) 247-7800,,31 Chambers St.,New York,NY,10007,City,,Green Book,
Craig Piper,Director of City Zoos & Director of Central Park Zoo,Cultural Affairs,DCLA,Cultural Institutions Group > Central Park Zoo,,,(212) 439-6500,,830 Fifth Ave.,New York,NY,10021,City,,Green Book,
David Thiele,Director,Cultural Affairs,DCLA,Cultural Institutions Group > David H. Koch Theater (formerly New York State Theater),,,(212) 870-5500,,20 Lincoln Center,New York,NY,10023,City,,Green Book,
Patrick Charpenel,Director,Cultural Affairs,DCLA,Cultural Institutions Group > El Museo Del Barrio,,,(212) 831-7272,,1230 Fifth Ave.,New York,NY,10029,City,,Green Book,
Ellen Kodadek,Executive & Artistic Director,Cultural Affairs,DCLA,Cultural Institutions Group > Flushing Town Hall(Flushing Council On Culture & The Arts),,,(718) 463-7700,,137-35 Northern Blvd.,Flushing,NY,11354,City,,Green Book,
Cathy Hung,Director,Cultural Affairs,DCLA,Cultural Institutions Group > Jamaica Center for Arts & Learning,,,(718) 658-7400,,161-04 Jamaica Ave.,Jamaica,NY,11432,City,,Green Book,
Russell Granet,Interim President,Cultural Affairs,DCLA,"Cultural Institutions Group > Lincoln Center for the Performing Arts, Inc.",,,(212) 875-5000,,70 Lincoln Center,New York,NY,10023,City,,Green Book,
Daniel H. Weiss,President,Cultural Affairs,DCLA,Cultural Institutions Group > Metropolitan Museum of Art,,,(212) 535-7710,,1000 Fifth Ave.,New York,NY,10028,City,,Green Book,
Jose Ortiz,Director,Cultural Affairs,DCLA,Cultural Institutions Group > MoMA P.S.1,,,(718) 784-2084,,31 Chambers St.,New York,NY,10007,City,,Green Book,
Jack Kliger,Interim Director,Cultural Affairs,DCLA,Cultural Institutions Group > Museum of Jewish Heritage(A Living Memorial to the Holocaust),,,(646) 437-4202,,36 Battery Place,New York,NY,10280,City,,Green Book,
Whitney W. Donhauser,Director,Cultural Affairs,DCLA,Cultural Institutions Group > Museum of the City of New York,,,(212) 534-1672,,1220 Fifth Ave.,New York,NY,10029,City,,Green Book,
Carl Goodman,Director,Cultural Affairs,DCLA,Cultural Institutions Group > Museum of the Moving Image,,,(718) 784-0077,,36-01 35th Ave.,Astoria,NY,11106,City,,Green Book,
Carrie Rebora Barratt,President & CEO,Cultural Affairs,DCLA,Cultural Institutions Group > New York Botanical Garden,,,(718) 817-8700,,31 Chambers St.,New York,NY,10007,City,,Green Book,
Katherine Brown,Executive Director,Cultural Affairs,DCLA,Cultural Institutions Group > David H. Koch Theater (formerly New York State Theater) > New York City Ballet,,,,,20 Lincoln Center,New York,NY,10023,City,,Green Book,
Arlene Shuler,President & Executive Director,Cultural Affairs,DCLA,Cultural Institutions Group > New York City Center,,,(212) 247-0430,,130 W. 56th St.,New York,NY,10019,City,,Green Book,
Margaret Honey,President & CEO,Cultural Affairs,DCLA,Cultural Institutions Group > New York Hall of Science,,,(718) 699-0005,,31 Chambers St.,New York,NY,10007,City,,Green Book,
Denise McClean,Director,Cultural Affairs,DCLA,Cultural Institutions Group > Prospect Park Zoo,,,(718) 399-7339,,31 Chambers St.,New York,NY,10007,City,,Green Book,
Oskar Eustis,Artistic Director,Cultural Affairs,DCLA,Cultural Institutions Group > Public Theater (Shakespeare in the Park/Delacorte Theater),,,(212) 539-8500,,31 Chambers St.,New York,NY,10007,City,,Green Book,
Patrick Willingham,Executive Director,Cultural Affairs,DCLA,Cultural Institutions Group > Public Theater (Shakespeare in the Park/Delacorte Theater),,,(212) 539-8500,,31 Chambers St.,New York,NY,10007,City,,Green Book,
Susan Lacerte,Executive Director,Cultural Affairs,DCLA,Cultural Institutions Group > Queens Botanical Garden,,,(718) 886-3800,,31 Chambers St.,New York,NY,10007,City,,Green Book,
Sally Tallant,Executive Director,Cultural Affairs,DCLA,Cultural Institutions Group > Queens Museum,,,(718) 592-9700,,31 Chambers St.,New York,NY,10007,City,,Green Book,
Taryn Sacramone,Executive Director,Cultural Affairs,DCLA,Cultural Institutions Group > Queens Theatre In The Park,,,(718) 760-0064,,31 Chambers St.,New York,NY,10007,City,,Green Book,
Scott Silver,Facility Director & Curator of Animals,Cultural Affairs,DCLA,Cultural Institutions Group > Queens Zoo,,,(718) 271-1500,,31 Chambers St.,New York,NY,10007,City,,Green Book,
Aileen Fuchs,President & CEO,Cultural Affairs,DCLA,Cultural Institutions Group > Snug Harbor Cultural Center & Botanical Garden,,,(718) 425-3504,,31 Chambers St.,New York,NY,10007,City,,Green Book,
Dina R. Rosenthal,Executive Director,Cultural Affairs,DCLA,Cultural Institutions Group > Staten Island Children's Museum,,,(718) 273-2060,,31 Chambers St.,New York,NY,10007,City,,Green Book,
Jessica Phillips,Executive Director,Cultural Affairs,DCLA,Cultural Institutions Group > Staten Island Historical Society,,,(718) 351-1611,,31 Chambers St.,New York,NY,10007,City,,Green Book,
Janice Monger,President & CEO,Cultural Affairs,DCLA,Cultural Institutions Group > Staten Island Museum,,,(718) 727-1135,,31 Chambers St.,New York,NY,10007,City,,Green Book,
Kenneth Mitchell,Director,Cultural Affairs,DCLA,Cultural Institutions Group > Staten Island Zoo,,,(718) 442-3100,,614 Broadway,Staten Island,NY,10310,City,,Green Book,
Thelma Golden,Director & Chief Curator,Cultural Affairs,DCLA,Cultural Institutions Group > Studio Museum In Harlem,,,(212) 864-4500,,31 Chambers St.,New York,NY,10007,City,,Green Book,
Karen Meyerhoff,Executive Director,Cultural Affairs,DCLA,Cultural Institutions Group > Wave Hill,,,(718) 549-3200,,31 Chambers St.,New York,NY,10007,City,,Green Book,
George J. Silver,Deputy Chief Administrative Judge,Deputy Chief Administrative Judge for the New York City Courts,,,,,,,111 Centre St.,New York,NY,10013,Courts,,Green Book,
Linda Dunlap-Miller,Chief of Staff,Deputy Chief Administrative Judge for the New York City Courts,,,,,,,111 Centre St.,New York,NY,10013,Courts,,Green Book,
Bruce Jordan,Chief Homelessness Prevention Officer,Human Resources Administration / Department of Social Services,HRA DSS,HRA Office of Homelessness Prevention Administration,(929) 221-5188,,,,150 Greenwich St.,New York,NY,10007,City,,Green Book,
Erenisse Tavarez,"Vice President for PHO, Manhattan","Housing Authority, NYC",NYCHA,Property Management Departments,(917) 206-3500,,,,90 Church St.,New York,NY,10007,City,,Green Book,
Keith Grossman,Executive Vice President for Operations Support Services,"Housing Authority, NYC",NYCHA,Operations,(718) 707-7833,,,,90 Church St.,New York,NY,10007,City,,Green Book,
DAndra Van Heusen-Thomas,"Vice President, Resident Services","Housing Authority, NYC",NYCHA,"Resident Services, Partnerships & Initiatives",(212) 306-3518,,,,90 Church St.,New York,NY,10007,City,,Green Book,
Jonathan Gouveia,Executive Vice President and Chief Real Estate Officer,"Housing Authority, NYC",NYCHA,Real Estate,(212) 306-4049,,,,90 Church St.,New York,NY,10007,City,,Green Book,
Richard Johns,Chief Program Performance & Financial Management Officer,"Homeless Services, Department of",DHS,DSS Office of Program Performance and Financial Management,(929) 221-7347,,,,33 Beaver St.,New York,NY,10004,City,,Green Book,
Jimmy Santana,"Vice President for PHO, Brooklyn","Housing Authority, NYC",NYCHA,Property Management Departments,(718) 491-6807,,,,90 Church St.,New York,NY,10007,City,,Green Book,
Dalela Harrison,Equal Employment Opportunity Officer,Design and Construction,DDC,Equal Employment Opportunity Office,(718) 391-1776,,,,30-30 Thomson Ave.,Long Island City,NY,11101,City,,Green Book,
(vacant),Executive Vice President & Chief Information Officer,"Housing Authority, NYC",NYCHA,Information Technology,(212) 306-8537,,,,90 Church St.,New York,NY,10007,City,yes,Green Book,
Leroy Williams,Vice President for Special Projects,"Housing Authority, NYC",NYCHA,"Resident Services, Partnerships & Initiatives",(212) 306-3400,,,,90 Church St.,New York,NY,10007,City,,Green Book,
Shaan Mavani,Chief Asset and Capital Management Officer,"Housing Authority, NYC",NYCHA,Asset and Capital Management,(212) 306-4038,,,,90 Church St.,New York,NY,10007,City,,Green Book,
Aden Munassar,Director of Strategic Partnerships,"Housing Authority, NYC",NYCHA,Asset and Capital Management,(212) 306-3621,,,,90 Church St.,New York,NY,10007,City,,Green Book,
Shin Kim,Interim Chief Procurement Officer,"Housing Authority, NYC",NYCHA,Procurement,(212) 306-3528,,,,90 Church St.,New York,NY,10007,City,,Green Book,
"David Varoli, Esq.","Deputy Commissioner, General Counsel",Design and Construction,DDC,Law Division,(718) 391-1721,,,(718) 391-1894,30-30 Thomson Ave.,Long Island City,NY,11101,City,,Green Book,
(vacant),Cybersecurity and Risk Management Chief Information Security Officer,"Housing Authority, NYC",NYCHA,Information Technology,(212) 306-8578,,,,90 Church St.,New York,NY,10007,City,yes,Green Book,
Neagia Drew,"Vice President for PHO, Queens/SI","Housing Authority, NYC",NYCHA,Property Management Departments,(718) 553-4761,,,,90 Church St.,New York,NY,10007,City,,Green Book,
Gillian Haskins,Vice President of Portfolio Oversight,"Housing Authority, NYC",NYCHA,Real Estate,(212) 306-6959,,,,90 Church St.,New York,NY,10007,City,,Green Book,
Luis Sanchez P.E.,Associate Commissioner,Design and Construction,DDC,Infrastructure Division > Program Management,(718) 391-3163,,,,30-30 Thomson Ave.,Long Island City,NY,11101,City,,Green Book,
Shin Kim,Deputy Chief Administration Officer,"Housing Authority, NYC",NYCHA,Administration,(212) 306-3526,,,,90 Church St.,New York,NY,10007,City,,Green Book,
Erin Villari,Chief Administration Officer,"Housing Authority, NYC",NYCHA,Administration,(212) 306-8786,,,,90 Church St.,New York,NY,10007,City,,Green Book,
(vacant),"Deputy Commissioner, Mental Health",Human Resources Administration / Department of Social Services,HRA DSS,DSS Office of the Medical Director,,,,,150 Greenwich St.,New York,NY,10007,City,yes,Green Book,
Ben Rivera,Executive Assistant District Attorney,District Attorney,,District Attorney - Bronx County,(718) 838-7304,,(718) 590-2000,,198 E. 161st St.,Bronx,NY,10451,County,,Green Book,
Dahianna Castillo,Chief Financial Officer,District Attorney,,District Attorney - Bronx County,(718) 590-2161,,(718) 590-2000,,198 E. 161st St.,Bronx,NY,10451,County,,Green Book,
Darcel D. Clark,District Attorney,District Attorney,,District Attorney - Bronx County,,,(718) 590-2000,,198 E. 161st St.,Bronx,NY,10451,County,,Green Book,
Derek Lynton,Chief Assistant District Attorney,District Attorney,,District Attorney - Bronx County,(718) 838-6647,,(718) 590-2000,,198 E. 161st St.,Bronx,NY,10451,County,,Green Book,
Gina Mignola,Deputy General Counsel,District Attorney,,District Attorney - Bronx County,(718) 838-7199,,(718) 590-2000,,198 E. 161st St.,Bronx,NY,10451,County,,Green Book,
Joseph Muroff,Special Victims Division Chief,District Attorney,,District Attorney - Bronx County,(718) 838-7345,,(718) 590-2000,,198 E. 161st St.,Bronx,NY,10451,County,,Green Book,
Julian B. O'Connor,General Counsel,District Attorney,,District Attorney - Bronx County,(718) 838-7456,,(718) 590-2000,,198 E. 161st St.,Bronx,NY,10451,County,,Green Book,
Kerry Chicon,Strategic Enforcement & Intragovernmental Relations,District Attorney,,District Attorney - Bronx County,(718) 664-2298,,(718) 590-2000,,198 E. 161st St.,Bronx,NY,10451,County,,Green Book,
Odalys Alonso,Chief of Staff,District Attorney,,District Attorney - Bronx County,(718) 590-2177,,(718) 590-2000,,198 E. 161st St.,Bronx,NY,10451,County,,Green Book,
Theresa Gottlieb,Trial Division Chief,District Attorney,,District Attorney - Bronx County,(718) 838-7301,,(718) 590-2000,,198 E. 161st St.,Bronx,NY,10451,County,,Green Book,
Wanda Perez-Maldonado,Investigations Division Chief,District Attorney,,District Attorney - Bronx County,(718) 590-2422,,(718) 590-2000,,198 E. 161st St.,Bronx,NY,10451,County,,Green Book,
Anjella Babayeva,"Deputy Commissioner, Audit & Quality Assurance Services","Homeless Services, Department of",DHS,DSS Office of Program Accountability,(929) 221-6953,,,,33 Beaver St.,New York,NY,10004,City,,Green Book,
Eric Gonzalez,District Attorney,District Attorney,,District Attorney - Kings County,,,(718) 250-2000,,350 Jay St.,Brooklyn,NY,11201,County,,Green Book,
Joseph P. Alexis,Chief of Trials,District Attorney,,District Attorney - Kings County,,,(718) 250-2000,,350 Jay St.,Brooklyn,NY,11201,County,,Green Book,
Nancy Hoppock,Chief Assistant D.A.,District Attorney,,District Attorney - Kings County,,,(718) 250-2000,,350 Jay St.,Brooklyn,NY,11201,County,,Green Book,
Patricia McNeill,Executive ADA for the Investigations Division,District Attorney,,District Attorney - Kings County,,,(718) 250-2000,,350 Jay St.,Brooklyn,NY,11201,County,,Green Book,
"Alvin Bragg, Jr.",District Attorney,District Attorney,,District Attorney - New York County,,,(212) 335-9000,,1 Hogan Pl.,New York,NY,10013,County,,Green Book,
Brian Crow,Executive Assistant District Attorney for Policy,District Attorney,,District Attorney - New York County,(212) 335-9662,,(212) 335-9000,,1 Hogan Pl.,New York,NY,10013,County,,Green Book,
Chanterelle Sung,Chief of Strategic Operations,District Attorney,,District Attorney - New York County,(212) 335-9669,,(212) 335-9000,,1 Hogan Pl.,New York,NY,10013,County,,Green Book,
Dalveer Kaur,"Chief Diversity, Equity and Inclusion Officer",District Attorney,,District Attorney - New York County,(212) 335-4156,,(212) 335-9000,,1 Hogan Pl.,New York,NY,10013,County,,Green Book,
Danielle Filson,Director of Communications,District Attorney,,District Attorney - New York County,(212) 335-9685,,(212) 335-9000,,1 Hogan Pl.,New York,NY,10013,County,,Green Book,
Gloria Garcia,First Assistant District Attorney,District Attorney,,District Attorney - New York County,(212) 335-9590,,(212) 335-9000,,1 Hogan Pl.,New York,NY,10013,County,,Green Book,
Jordan Stockdale,Chief of Staff,District Attorney,,District Attorney - New York County,(212) 335-9668,,(212) 335-9000,,1 Hogan Pl.,New York,NY,10013,County,,Green Book,
Leslie Dubeck,General Counsel,District Attorney,,District Attorney - New York County,(212) 335-9661,,(212) 335-9000,,1 Hogan Pl.,New York,NY,10013,County,,Green Book,
Marilyn Bauza,Executive Secretary for the District Attorney,District Attorney,,District Attorney - New York County,(212) 335-9977,,(212) 335-9000,,1 Hogan Pl.,New York,NY,10013,County,,Green Book,
Meg Reiss,Chief Assistant District Attorney,District Attorney,,District Attorney - New York County,(212) 335-9665,,(212) 335-9000,,1 Hogan Pl.,New York,NY,10013,County,,Green Book,
Wayne McKenzie,Executive ADA and Chief of the Pathways to Safety Division,District Attorney,,District Attorney - New York County,(212) 335-3049,,(212) 335-9000,,1 Hogan Pl.,New York,NY,10013,County,,Green Book,
Wesley Gibson,Chief Operating Officer,District Attorney,,District Attorney - New York County,(212) 335-9671,,(212) 335-9000,,1 Hogan Pl.,New York,NY,10013,County,,Green Book,
"Sofia Zuberbuhler RLA, ENV SP",Assistant Commissioner,Design and Construction,DDC,Infrastructure Division > Design Unit and Coastal Resiliency - Design > Design-Section 6,(718) 391-2525,,,,30-30 Thomson Ave.,Long Island City,NY,11101,City,,Green Book,
How Sheen Pau P.E.,Associate Commissioner,Design and Construction,DDC,Infrastructure Division > Design Unit and Coastal Resiliency - Design,(718) 391-2093,,,,30-30 Thomson Ave.,Long Island City,NY,11101,City,,Green Book,
(vacant),Assistant Commissioner,Design and Construction,DDC,Infrastructure Division > Construction Borough Offices > Brooklyn,,,,,30-30 Thomson Ave.,Long Island City,NY,11101,City,yes,Green Book,
Jacqueline R. Duckfield,"Director, Administration",District Attorney,,District Attorney - Queens County,(718) 286-6318,,(718) 286-6000,,125-01 Queens Blvd.,Kew Gardens,NY,11415,County,,Green Book,
Jennifer L. Naiburg,Chief Assistant District Attorney,District Attorney,,District Attorney - Queens County,(718) 286-6523,,(718) 286-6000,,125-01 Queens Blvd.,Kew Gardens,NY,11415,County,,Green Book,
John M. Castellano,Counsel to the District Attorney,District Attorney,,District Attorney - Queens County,(718) 286-5801,,(718) 286-6000,,125-01 Queens Blvd.,Kew Gardens,NY,11415,County,,Green Book,
Johnnette G. Traill,"Executive Assistant District Attorney, Appeals & Special Litigation",District Attorney,,District Attorney - Queens County,(718) 286-5862,,(718) 286-6000,,125-01 Queens Blvd.,Kew Gardens,NY,11415,County,,Green Book,
Joyce A. Smith,"Executive Assistant District Attorney, Special Prosecutions",District Attorney,,District Attorney - Queens County,(718) 286-5950,,(718) 286-6000,,125-01 Queens Blvd.,Kew Gardens,NY,11415,County,,Green Book,
Kristen A. Kane,Director of Intergovernmental Affairs,District Attorney,,District Attorney - Queens County,(718) 286-5966,,(718) 286-6000,,125-01 Queens Blvd.,Kew Gardens,NY,11415,County,,Green Book,
Melinda Katz,District Attorney,District Attorney,,District Attorney - Queens County,,,(718) 286-6000,,125-01 Queens Blvd.,Kew Gardens,NY,11415,County,,Green Book,
Pishoy B. Yacoub,"Executive Assistant District Attorney, Supreme Court Trials",District Attorney,,District Attorney - Queens County,(718) 286-6203,,(718) 286-6000,,125-01 Queens Blvd.,Kew Gardens,NY,11415,County,,Green Book,
Shawn Clark,"Executive Assistant District Attorney, Major Crimes",District Attorney,,District Attorney - Queens County,(718) 286-5905,,(718) 286-6000,,125-01 Queens Blvd.,Kew Gardens,NY,11415,County,,Green Book,
Theresa M. Shanahan,"Executive Assistant District Attorney, Criminal Practice & Policy",District Attorney,,District Attorney - Queens County,(718) 286-6732,,(718) 286-6000,,125-01 Queens Blvd.,Kew Gardens,NY,11415,County,,Green Book,
Adam Silberlight,"Chief, Trials Bureau",District Attorney,,District Attorney - Richmond County,(718) 556-7094,,(718) 876-6300,,130 Stuyvesant Pl.,Staten Island,NY,10301,County,,Green Book,
Amanda Wexler,"Clinical Director, Diversion & Victim Services",District Attorney,,District Attorney - Richmond County,(718) 556-7113,,(718) 876-6300,,130 Stuyvesant Pl.,Staten Island,NY,10301,County,,Green Book,
Andrew Crawford,"Director, Community Partnerships & Intergovernmental Affairs",District Attorney,,District Attorney - Richmond County,(718) 876-5663,,(718) 876-6300,,130 Stuyvesant Pl.,Staten Island,NY,10301,County,,Green Book,
Antonia Assenso,"Unit Chief, Juvenile Justice",District Attorney,,District Attorney - Richmond County,(718) 556-7101,,(718) 876-6300,,130 Stuyvesant Pl.,Staten Island,NY,10301,County,,Green Book,
Ashleigh J. Owens,Chief of Staff,District Attorney,,District Attorney - Richmond County,(718) 556-4065,,(718) 876-6300,,130 Stuyvesant Pl.,Staten Island,NY,10301,County,,Green Book,
Darren Albanese,"Chief, Criminal Court Bureau",District Attorney,,District Attorney - Richmond County,(718) 556-3881,,(718) 876-6300,,130 Stuyvesant Pl.,Staten Island,NY,10301,County,,Green Book,
David Nilsen,Chief Investigator,District Attorney,,District Attorney - Richmond County,(718) 556-7166,,(718) 876-6300,,130 Stuyvesant Pl.,Staten Island,NY,10301,County,,Green Book,
Euna Park,"Chief, Immigrant Affairs Unit",District Attorney,,District Attorney - Richmond County,(718) 556-7066,,(718) 876-6300,,130 Stuyvesant Pl.,Staten Island,NY,10301,County,,Green Book,
Jane Grinberg,"Unit Chief, Animal Cruelty",District Attorney,,District Attorney - Richmond County,(718) 556-7062,,(718) 876-6300,,130 Stuyvesant Pl.,Staten Island,NY,10301,County,,Green Book,
Jason Cohen,"Unit Chief, Alternatives to Incarceration",District Attorney,,District Attorney - Richmond County,(718) 556-7063,,(718) 876-6300,,130 Stuyvesant Pl.,Staten Island,NY,10301,County,,Green Book,
Jeffrey Curiale,"Chief, Economic Crimes Bureau",District Attorney,,District Attorney - Richmond County,(718) 556-7082,,(718) 876-6300,,130 Stuyvesant Pl.,Staten Island,NY,10301,County,,Green Book,
Jevet Johnson,"Chief, Special Victims Bureau",District Attorney,,District Attorney - Richmond County,(718) 556-7060,,(718) 876-6300,,130 Stuyvesant Pl.,Staten Island,NY,10301,County,,Green Book,
Kate Malloy,"Unit Chief, Gangs & Guns",District Attorney,,District Attorney - Richmond County,(718) 556-7096,,(718) 876-6300,,130 Stuyvesant Pl.,Staten Island,NY,10301,County,,Green Book,
Mark Palladino,"Chief, Trials Division",District Attorney,,District Attorney - Richmond County,(718) 556-7110,,(718) 876-6300,,130 Stuyvesant Pl.,Staten Island,NY,10301,County,,Green Book,
Michael E. McMahon,District Attorney,District Attorney,,District Attorney - Richmond County,,,(718) 876-6300,,130 Stuyvesant Pl.,Staten Island,NY,10301,County,,Green Book,
Michele Molfetta,"Chief, Narcotics & Investigations Bureau",District Attorney,,District Attorney - Richmond County,(718) 556-7180,,(718) 876-6300,,130 Stuyvesant Pl.,Staten Island,NY,10301,County,,Green Book,
Monique Jones,"Director, Operations",District Attorney,,District Attorney - Richmond County,(718) 556-7170,,(718) 876-6300,,130 Stuyvesant Pl.,Staten Island,NY,10301,County,,Green Book,
Morrie Kleinbart,"Chief, Appeals Bureau",District Attorney,,District Attorney - Richmond County,(718) 556-7010,,(718) 876-6300,,130 Stuyvesant Pl.,Staten Island,NY,10301,County,,Green Book,
Rhiannon LaTour,"Unit Chief, Elder Abuse",District Attorney,,District Attorney - Richmond County,(718) 556-7009,,(718) 876-6300,,130 Stuyvesant Pl.,Staten Island,NY,10301,County,,Green Book,
Ryan Lavis,"Director, Communications",District Attorney,,District Attorney - Richmond County,(718) 556-7150,,(718) 876-6300,,130 Stuyvesant Pl.,Staten Island,NY,10301,County,,Green Book,
Sean Brannigan,"Director, Administration",District Attorney,,District Attorney - Richmond County,(718) 556-7033,,(718) 876-6300,,130 Stuyvesant Pl.,Staten Island,NY,10301,County,,Green Book,
Thomas C. Ridges,"Executive Assistant District Attorney, Investigations",District Attorney,,District Attorney - Richmond County,(718) 556-7075,,(718) 876-6300,,130 Stuyvesant Pl.,Staten Island,NY,10301,County,,Green Book,
Tiana Stowers-Pearson,"Director, Strategic Projects & Initiatives",District Attorney,,District Attorney - Richmond County,(718) 556-7045,,(718) 876-6300,,130 Stuyvesant Pl.,Staten Island,NY,10301,County,,Green Book,
Timothy J. Koller,Chief Assistant District Attorney,District Attorney,,District Attorney - Richmond County,(718) 556-7090,,(718) 876-6300,,130 Stuyvesant Pl.,Staten Island,NY,10301,County,,Green Book,
Tuesday Muller-Mondi,"Chief, Special Victims Division",District Attorney,,District Attorney - Richmond County,(718) 556-7013,,(718) 876-6300,,130 Stuyvesant Pl.,Staten Island,NY,10301,County,,Green Book,
Victoria Levin,"Chief, Domestic Violence Bureau",District Attorney,,District Attorney - Richmond County,(718) 556-4064,,(718) 876-6300,,130 Stuyvesant Pl.,Staten Island,NY,10301,County,,Green Book,
Wanda DeOliveira,"Executive Assistant District Attorney, Litigation",District Attorney,,District Attorney - Richmond County,(718) 556-7130,,(718) 876-6300,,130 Stuyvesant Pl.,Staten Island,NY,10301,County,,Green Book,
Anthony Shorris,President & CEO,"Economic Development Corporation, NYC",NYCEDC,,(212) 312-3500,,,,One Liberty Plaza,New York,NY,10006,City,,governance dataset,Andrew Kimball
Cecilia Kushner,"Executive Vice President, Planning","Economic Development Corporation, NYC",NYCEDC,,(212) 312-4217,,,,One Liberty Plaza,New York,NY,10006,City,,Green Book,
Fred D'Ascoli,Chief Financial Officer,"Economic Development Corporation, NYC",NYCEDC,,(212) 312-3625,,,,One Liberty Plaza,New York,NY,10006,City,,Green Book,
Hester Muis,"Executive Vice President, Real Estate Transaction Services","Economic Development Corporation, NYC",NYCEDC,,(212) 312-3883,,,,One Liberty Plaza,New York,NY,10006,City,,Green Book,
Jamie Horton,"Vice President, Special Projects","Economic Development Corporation, NYC",NYCEDC,,(212) 312-3856,,,,One Liberty Plaza,New York,NY,10006,City,,Green Book,
Joshua Kraus,"Director, Project Implementation","Economic Development Corporation, NYC",NYCEDC,,(212) 312-3713,,,,One Liberty Plaza,New York,NY,10006,City,,Green Book,
Kelly Gu,"Vice President, Strategy","Economic Development Corporation, NYC",NYCEDC,,(212) 312-3704,,,,One Liberty Plaza,New York,NY,10006,City,,Green Book,
Lindsay Greene,Chief Strategy Officer,"Economic Development Corporation, NYC",NYCEDC,,(212) 312-3552,,,,One Liberty Plaza,New York,NY,10006,City,,Green Book,
Lydia Downing,"Executive Vice President, External Affairs","Economic Development Corporation, NYC",NYCEDC,,(212) 312-4281,,,,One Liberty Plaza,New York,NY,10006,City,,Green Book,
Margaret Anadu,Chair,"Economic Development Corporation, NYC",NYCEDC,,,,,,One Liberty Plaza,New York,NY,10006,City,,Green Book,
Meredith J. Jones,General Counsel,"Economic Development Corporation, NYC",NYCEDC,,(212) 312-3563,,,,One Liberty Plaza,New York,NY,10006,City,,Green Book,
Chantell Griffith,Special Assistant to the Chancellor,Education,,,(212) 374-0200,,,,52 Chambers St.,New York,NY,10007,City,,Green Book,
Edie Sharp,Chief Strategy Officer,Education,,,(212) 374-5548,,,,52 Chambers St.,New York,NY,10007,City,,Green Book,
Elizabeth Gillroy,Senior Advisor for State & Citywide Policy,Education,,,(212) 374-0314,,,,52 Chambers St.,New York,NY,10007,City,,Green Book,
Juan Rosales,Special Assistant to the Chancellor,Education,,,(212) 374-6675,,,,52 Chambers St.,New York,NY,10007,City,,Green Book,
Nancy Baez,Executive Secretary to the Chancellor,Education,,,(212) 374-5493,,,,52 Chambers St.,New York,NY,10007,City,,Green Book,
Xavier Edwards,Executive Assistant to the Chancellor,Education,,,(212) 374-0226,,,,52 Chambers St.,New York,NY,10007,City,,Green Book,
Adrienne Austin,"Acting, Deputy Chancellor",Education,,"Division of Community Empowerment, Partnerships & Communications",(212) 374-2486,,,,52 Chambers St.,New York,NY,10007,City,,Green Book,
Kate Blumm,"Executive Director, Communications",Education,,"Division of Community Empowerment, Partnerships & Communications",(212) 374-6088,,,,52 Chambers St.,New York,NY,10007,City,,Green Book,
Miranda Barbot,"Press Secretary, Press Office",Education,,"Division of Community Empowerment, Partnerships & Communications",(212) 374-0625,,,,52 Chambers St.,New York,NY,10007,City,,Green Book,
Roberto Perez,"Senior Executive Director, External Affairs",Education,,"Division of Community Empowerment, Partnerships & Communications",(212) 374-5477,,,,52 Chambers St.,New York,NY,10007,City,,Green Book,
Josh Wallack,Deputy Chancellor,Education,,Division of Early Childhood & Enrollment,(212) 374-5406,,,,52 Chambers St.,New York,NY,10007,City,,Green Book,
LaShawn Robinson,Deputy Chancellor,Education,,Division of School Climate & Wellness,(212) 374-5103,,,,52 Chambers St.,New York,NY,10007,City,,Green Book,
Karin Goldmark,Deputy Chancellor,Education,,Division of School Planning & Development,(212) 374-0385,,,,52 Chambers St.,New York,NY,10007,City,,Green Book,
Xanthe Jory,Chief Policy & Planning Officer,Education,,Division of Early Childhood & Enrollment > Early Childhood,(212) 374-2329,,,,52 Chambers St.,New York,NY,10007,City,,Green Book,
Sarah Kleinhandler,Chief Enrollment Officer,Education,,Division of Early Childhood & Enrollment > Enrollment,(212) 374-6776,,,,52 Chambers St.,New York,NY,10007,City,,Green Book,
Linda Chen,Chief Academic Officer,Education,,Office of the Chief Academic Officer,(212) 374-2483,,,,52 Chambers St.,New York,NY,10007,City,,Green Book,
Ursulina Ramirez,Chief Operating Officer,Education,,Office of the Chief Operating Officer,(212) 374-5485,,,,52 Chambers St.,New York,NY,10007,City,,Green Book,
Howard Friedman,General Counsel,Education,,Office of the General Counsel,(212) 374-3440,,,(212) 374-5588,52 Chambers St.,New York,NY,10007,City,,Green Book,
Joseph Baranello,"Privacy & Records Access Unit, Deputy Counsel",Education,,Office of the General Counsel,(212) 374-3437,,,,52 Chambers St.,New York,NY,10007,City,,Green Book,
Laura Brantley,Office of Equal Opportunity & Diversity Management,Education,,Office of the General Counsel,(718) 935-2427,,,,52 Chambers St.,New York,NY,10007,City,,Green Book,
Julie Shapiro,Chief Executive Officer,Education,,The FUND for Public Schools,(917) 603-9189,,,,52 Chambers St.,New York,NY,10007,City,,Green Book,
Lauren Gray,"Senior Vice President for Quality Assurance, Safety & Technical Programs","Housing Authority, NYC",NYCHA,Operations,(718) 707-7788,,,,90 Church St.,New York,NY,10007,City,,Green Book,
Robin Yudkovitz,"Senior Vice President, Human Resources","Housing Authority, NYC",NYCHA,Administration,(212) 306-3866,,,,90 Church St.,New York,NY,10007,City,,Green Book,
Jeanne M. Victor,Executive Director,Equal Employment Practices Commission,EEPC,,(212) 615-8933,,,,253 Broadway,New York,NY,10007,City,,governance dataset,"Jimmy Pan, Esq."
Shanna Castillo,"Vice President, Partnerships & Initiatives","Housing Authority, NYC",NYCHA,"Resident Services, Partnerships & Initiatives",(212) 306-3670,,,,90 Church St.,New York,NY,10007,City,,Green Book,
Rema Davis-Bynoe,"Assistant Commissioner, Operations",Design and Construction,DDC,Operations,(718) 391-2722,,,,30-30 Thomson Ave.,Long Island City,NY,11101,City,,Green Book,
Thomas Wynne P.E.,Deputy Commissioner,Design and Construction,DDC,Infrastructure Division,(718) 391-1155,,,,30-30 Thomson Ave.,Long Island City,NY,11101,City,,Green Book,
"Joseph Crupi PE, LEED AP",Deputy Commissioner,Design and Construction,DDC,Public Buildings Division,(718) 391-1207,,,,30-30 Thomson Ave.,Long Island City,NY,11101,City,,Green Book,
Adwait Das,Assistant Commissioner,Design and Construction,DDC,Infrastructure Division > Construction Borough Offices > South Queens/Southeast Queens,(718) 391-2045,,,,30-30 Thomson Ave.,Long Island City,NY,11101,City,,Green Book,
Shenel Etheridge,Senior Executive Assistant to the Commissioner,Design and Construction,DDC,,(718) 391-2610,,,,30-30 Thomson Ave.,Long Island City,NY,11101,City,,Green Book,
Ali Mallick P.E.,"Associate Commissioner, Construction Management",Design and Construction,DDC,Infrastructure Division > Construction,(718) 391-1463,,,,30-30 Thomson Ave.,Long Island City,NY,11101,City,,Green Book,
Lindsey Berkhahn P.E.,Assistant Commissioner,Design and Construction,DDC,Infrastructure Division > Design Unit and Coastal Resiliency - Design > Design-Section 2,(718) 391-1043,,,,30-30 Thomson Ave.,Long Island City,NY,11101,City,,Green Book,
Paul Ochoa,Acting Commissioner,Design and Construction,DDC,,(718) 391-1636,,,(718) 391-1893,30-30 Thomson Ave.,Long Island City,NY,11101,City,,governance dataset,Eduardo del Valle P.E.
Thu-Loan Dinh P.E.,Assistant Commissioner,Design and Construction,DDC,Infrastructure Division > Design Unit and Coastal Resiliency - Design > Design-Section 5 and Coastal Resiliency - Design,(718) 391-1050,,,,30-30 Thomson Ave.,Long Island City,NY,11101,City,,Green Book,
Joe Lione P.E.,Associate Commissioner,Design and Construction,DDC,Infrastructure Division > Coastal Resiliency - Construction,(718) 391-1635,,,,30-30 Thomson Ave.,Long Island City,NY,11101,City,,Green Book,
Jorge Tua P.E.,Assistant Commissioner,Design and Construction,DDC,Infrastructure Division > Design Unit and Coastal Resiliency - Design > Design-Section 4,(718) 391-2101,,,,30-30 Thomson Ave.,Long Island City,NY,11101,City,,Green Book,
Lourdes Mendez,"Deputy Commissioner, Placement Division","Homeless Services, Department of",DHS,"DHS Office of Shelter Intake, Assessment & Operational Capacity",(212) 607-5308,,,,33 Beaver St.,New York,NY,10004,City,,Green Book,
Gregorio Morales,"Deputy Commissioner, Supplemental Nutrition Assistance Program (SNAP)",Human Resources Administration / Department of Social Services,HRA DSS,HRA Office of Programs,(929) 221-6954,,,,150 Greenwich St.,New York,NY,10007,City,,Green Book,
Neha Sharma,"Assistant Deputy Commissioner, Press Relations and Communications",Human Resources Administration / Department of Social Services,HRA DSS,DSS Office of Strategy,(929) 221-6632,,,,150 Greenwich St.,New York,NY,10007,City,,Green Book,
Audrey M. Diop,"Managing Executive Director, Citywide Health Insurance Access","Homeless Services, Department of",DHS,DSS Office of the Chief Medical Director,(929) 221-6774,,,,33 Beaver St.,New York,NY,10004,City,,Green Book,
(vacant),"Deputy Commissioner, Cash and Emergency Assistance",Human Resources Administration / Department of Social Services,HRA DSS,HRA Office of Programs,,,,,150 Greenwich St.,New York,NY,10007,City,yes,Green Book,
Jeremy Resnick,DSS Chief of Staff,"Homeless Services, Department of",DHS,,(929) 221-5277,,,,33 Beaver St.,New York,NY,10004,City,,Green Book,
Tara Pistilli,HRA Chief of Staff,Human Resources Administration / Department of Social Services,HRA DSS,HRA Executive Office,(929) 221-5183,,,,150 Greenwich St.,New York,NY,10007,City,,Green Book,
Sathish Nigaiah,"Chief Info Security Officer/Deputy Commissioner, Data Security Management","Homeless Services, Department of",DHS,DSS Office of Program Accountability,(929) 252-2545,,,,33 Beaver St.,New York,NY,10004,City,,Green Book,
Karl Snyder,"Deputy Commissioner, Performance Management and Data Analytics","Homeless Services, Department of",DHS,DSS Office of Program Performance and Financial Management,(929) 221-7043,,,,33 Beaver St.,New York,NY,10004,City,,Green Book,
(vacant),Senior Advisor to DSS First Deputy Commissioner,Human Resources Administration / Department of Social Services,HRA DSS,DSS Office of the First Deputy Commissioner,(929) 221-6393,,,,150 Greenwich St.,New York,NY,10007,City,yes,Green Book,
Nancy Silvestri,EEO Officer,"Emergency Management, NYC",NYCEM,,(718) 422-8402,,,,165 Cadman Plaza East,Brooklyn,NY,11201,City,,Green Book,
Press Line,,"Emergency Management, NYC",NYCEM,,(718) 422-4888,,,,165 Cadman Plaza East,Brooklyn,NY,11201,City,,Green Book,
Dara Jaffee,Assistant Commissioner,Finance,DOF,General Counsel > Legal Affairs Division,(212) 748-7216,,,,375 Pearl St.,New York,NY,10038,City,,Green Book,
John Grimm,"Deputy Commissioner, Logistics","Emergency Management, NYC",NYCEM,Bureaus and ASOs > External Affairs Bureau,(718) 422-4838,,,,165 Cadman Plaza East,Brooklyn,NY,11201,City,,Green Book,
Sonja Orgias,Chief Counsel,"Emergency Management, NYC",NYCEM,Bureaus and ASOs > Office of the Chief Counsel,(718) 422-8953,,,,165 Cadman Plaza East,Brooklyn,NY,11201,City,,Green Book,
Althea Samuels,"Director, Procurement/ACCO","Emergency Management, NYC",NYCEM,Bureaus and ASOs > Office of the Chief Financial Officer,(718) 422-8466,,,,165 Cadman Plaza East,Brooklyn,NY,11201,City,,Green Book,
Christopher Blanco,Chief Financial Officer,"Emergency Management, NYC",NYCEM,Bureaus and ASOs > Office of the Chief Financial Officer,(718) 422-3048,,,,165 Cadman Plaza East,Brooklyn,NY,11201,City,,Green Book,
Henry Jackson,Chief Operating Officer,"Emergency Management, NYC",NYCEM,Bureaus and ASOs > Office of the Chief Operating Officer,(718) 422-4611,,,,165 Cadman Plaza East,Brooklyn,NY,11201,City,,Green Book,
Jacob Cooper,"Deputy Commissioner, Readiness","Emergency Management, NYC",NYCEM,Bureaus and ASOs > Readiness Bureau,(718) 422-4898,,,,165 Cadman Plaza East,Brooklyn,NY,11201,City,,Green Book,
Heather Rioter,"Deputy Commissioner, Planning and Resilience","Emergency Management, NYC",NYCEM,Bureaus and ASOs > Risk Reduction and Recovery Bureau,(718) 422-8906,,,,165 Cadman Plaza East,Brooklyn,NY,11201,City,,Green Book,
Suresh Chinnakoytia,"Deputy Commissioner, Enterprise Solutions Engineering",Human Resources Administration / Department of Social Services,HRA DSS,DSS Office of Information Technology Services,(929) 221-4498,,,,150 Greenwich St.,New York,NY,10007,City,,Green Book,
Robert Payne,Chief Operating Officer,"Employees Retirement System Board of Trustees, NYC",NYCERS,,(347) 643-3377,,,,335 Adams St.,Brooklyn,NY,11201,City,,Green Book,
Danielle Barrett,Equal Employment Opportunity Officer,Environmental Protection,DEP,,(718) 595-3432,,,,59-17 Junction Blvd.,Flushing,NY,11373,City,,Green Book,
(vacant),"Assistant Commissioner, Community Affairs",Taxi & Limousine Commission,TLC,Office of Policy & External Affairs,(212) 676-1094,,,,33 Beaver St.,New York,NY,10004,City,yes,Green Book,
Frank Kugler RA,"Associate Commissioner, Capital Planning",Design and Construction,DDC,Public Buildings Division > Capital Planning,(718) 391-1584,,,,30-30 Thomson Ave.,Long Island City,NY,11101,City,,Green Book,
Joseph Vaicels,Acting Agency Chief Contracting Officer (ACCO) & Assistant Commissioner,Environmental Protection,DEP,Office of the Chief Financial Officer > Agency Chief Contracting Office,(718) 595-4290,,,,59-17 Junction Blvd.,Flushing,NY,11373,City,,Green Book,
Edwin Caraballo,"Acting Assistant Commissioner, Enforcement",Taxi & Limousine Commission,TLC,Uniformed Services Bureau,(718) 267-4528,,(718) 267-4500,,24-55 B.Q.E. West Service Rd.,Woodside,NY,11377,City,,Green Book,
Ana Barrio,Deputy Commissioner,Environmental Protection,DEP,Bureau of Engineering Design & Construction,(718) 595-3966,,,,59-17 Junction Blvd.,Flushing,NY,11373,City,,Green Book,
Elissa Stein Cushman,General Counsel & Deputy Commissioner,Environmental Protection,DEP,Bureau of Legal Affairs,(718) 595-6711,,,,59-17 Junction Blvd.,Flushing,NY,11373,City,,Green Book,
Frank J. Milazzo,"Chief, DEP Police",Environmental Protection,DEP,Bureau of Police & Security,(845) 334-7505,,(845) 334-7505,,59-17 Junction Blvd.,Flushing,NY,11373,City,,Green Book,
Beth DeFalco,Deputy Commissioner,Environmental Protection,DEP,Bureau of Public Affairs & Communications,(718) 595-5211,,(718) 595-6600,,59-17 Junction Blvd.,Flushing,NY,11373,City,,Green Book,
Colette Samman,"Deputy Commissioner, Office of Emergency Management","Homeless Services, Department of",DHS,DSS Office of Operations,(929) 252-3068,,,,33 Beaver St.,New York,NY,10004,City,,Green Book,
Shanny Spraus-Reinhardt,Executive Vice President & Chief Impact Officer,Brooklyn Navy Yard Development Corporation,,,(718) 907-5984,,,,"141 Flushing Avenue, Suite 801",Brooklyn,NY,11205,City,,Green Book,
Angela Licata,Deputy Commissioner,Environmental Protection,DEP,Bureau of Sustainability,(718) 595-4398,,,,59-17 Junction Blvd.,Flushing,NY,11373,City,,Green Book,
Subhash Tuladhar,Associate Commissioner,Design and Construction,DDC,Project Controls Division,(718) 391-1555,,,,30-30 Thomson Ave.,Long Island City,NY,11101,City,,Green Book,
Marah Rhoades,"Deputy Commissioner, Community Outreach",Human Resources Administration / Department of Social Services,HRA DSS,DSS Office of Strategy,(929) 221-7204,,,,150 Greenwich St.,New York,NY,10007,City,,Green Book,
Mark Neal,Chief People Officer,"Homeless Services, Department of",DHS,DSS Office of the Chief People Officer,(929) 221-5488,,,,33 Beaver St.,New York,NY,10004,City,,Green Book,
Sue Dennis,Director,Environmental Protection,DEP,Office of the Chief Financial Officer > Facilities Management Construction,(718) 595-4385,,,,59-17 Junction Blvd.,Flushing,NY,11373,City,,Green Book,
"Johnny T. Vassar Jr., Esq.",Director,Environmental Protection,DEP,Labor Relations & Discipline,(718) 595-4168,,,,59-17 Junction Blvd.,Flushing,NY,11373,City,,Green Book,
Aristides Georgelis PE,Engineering Audit Officer (EAO) Director,Environmental Protection,DEP,Office of the Chief Financial Officer > Office of Engineering Audit,(718) 595-7450,,,,59-17 Junction Blvd.,Flushing,NY,11373,City,,Green Book,
Zoe Ann Campbell,Deputy Commissioner,Environmental Protection,DEP,Labor Relations & Discipline > Organizational Development & Human Resources,(718) 595-3411,,,,59-17 Junction Blvd.,Flushing,NY,11373,City,,Green Book,
Samar Qandil,Director,Environmental Protection,DEP,Office of the Chief Financial Officer > Records & Archives Management,(212) 490-4171,,,,420 E. 38th St.,New York,NY,10016,City,,Green Book,
Omar Nazem,Treasurer,Environmental Protection,DEP,Office of the Chief Financial Officer > The Water Board,(718) 595-3591,,(718) 595-3594,,59-17 Junction Blvd.,Flushing,NY,11373,City,,Green Book,
Frances Pardus-Abbadessa,"Executive Deputy Commissioner, Office of Child Support Services (OCSS)",Human Resources Administration / Department of Social Services,HRA DSS,HRA Office of Programs,(929) 221-4587,(888) 208-4485,,,150 Greenwich St.,New York,NY,10007,City,,Green Book,
Monalisa Mathieu,"Assistant Commissioner, Human Resources",Taxi & Limousine Commission,TLC,"Office of Operations, People and Innovation",(212) 676-1108,,,,33 Beaver St.,New York,NY,10004,City,,Green Book,
Juan Paez,Deputy Clerk,Family Court of the State of New York - City of New York,,Bronx County Family Court,,,(718) 618-2098,,900 Sheridan Avenue,Bronx,NY,10451,Courts,,Green Book,
Steve Byrnes,Clerk of Court,Family Court of the State of New York - City of New York,,Bronx County Family Court,,,(718) 618-2098,,900 Sheridan Avenue,Bronx,NY,10451,Courts,,Green Book,
Anne-Marie Jolly,Administrative Judge,Family Court of the State of New York - City of New York,,Family Court Administration,,,(646) 386-5190,,60 Lafayette St.,New York,NY,10013,Courts,,Green Book,
Eugene W. Hurley,Chief Clerk,Family Court of the State of New York - City of New York,,Family Court Administration,,,(646) 386-5190,,60 Lafayette St.,New York,NY,10013,Courts,,Green Book,
(vacant),Chief Family Court Magistrate,Family Court of the State of New York - City of New York,,Family Court Administration,,,(646) 386-5190,,60 Lafayette St.,New York,NY,10013,Courts,yes,Green Book,
Dionne Lowery,Clerk of Court,Family Court of the State of New York - City of New York,,Kings County Family Court,,,(347) 401-9600,,330 Jay St.,Brooklyn,NY,11201,Courts,,Green Book,
John Coakley,Deputy Clerk,Family Court of the State of New York - City of New York,,Kings County Family Court,,,(347) 401-9600,,330 Jay St.,Brooklyn,NY,11201,Courts,,Green Book,
Brian Kelly,Clerk of Court,Family Court of the State of New York - City of New York,,New York County Family Court,,,(646) 386-5206,,60 Lafayette St.,New York,NY,10013,Courts,,Green Book,
(vacant),Deputy Clerk,Family Court of the State of New York - City of New York,,New York County Family Court,,,(646) 386-5206,,60 Lafayette St.,New York,NY,10013,Courts,yes,Green Book,
Aileen Kelly,Deputy Clerk,Family Court of the State of New York - City of New York,,Queens County Family Court,,,(718) 298-0197,,151-20 Jamaica Ave.,Jamaica,NY,11432,Courts,,Green Book,
Robert Ratanski,Clerk of Court,Family Court of the State of New York - City of New York,,Queens County Family Court,,,(718) 298-0197,,151-20 Jamaica Ave.,Jamaica,NY,11432,Courts,,Green Book,
Brian Hilbert,Clerk of Court,Family Court of the State of New York - City of New York,,Richmond Family Court,,,(718) 675-8860,,100 Richmond Terr.,Staten Island,NY,10301,Courts,,Green Book,
Nancy Valentin-Rivera,Deputy Clerk,Family Court of the State of New York - City of New York,,Richmond Family Court,,,(718) 675-8860,,100 Richmond Terr.,Staten Island,NY,10301,Courts,,Green Book,
Danielle DeBellis,Chief of Staff,Finance,DOF,,(212) 602-7024,,,,1 Centre St.,New York,NY,10007,City,,Green Book,
Jeffrey Shear,First Deputy Commissioner,Finance,DOF,,(212) 602-7022,,,,1 Centre St.,New York,NY,10007,City,,Green Book,
LuQuan Loyd,"Director, Constituent Services",Borough President - Queens,,Units,(718) 286-2620,,,,120-55 Queens Blvd.,Kew Gardens,NY,11424,City,,Green Book,
Sherry Moss,"Deputy Commissioner, Vendor Monitoring","Homeless Services, Department of",DHS,DSS Office of Program Accountability,(929) 252-5045,,,,33 Beaver St.,New York,NY,10004,City,,Green Book,
"Starling Keene RA, Associate DBIA","Associate Commissioner, Architecture & Engineering",Design and Construction,DDC,Public Buildings Division > Architecture & Engineering,(718) 391-1115,,,,30-30 Thomson Ave.,Long Island City,NY,11101,City,,Green Book,
Jacqueline James,Deputy Commissioner & Chief Financial Officer,Finance,DOF,Administration & Planning,(212) 602-7020,,,,1 Centre St.,New York,NY,10007,City,,Green Book,
Joshua Mathew,Senior Director,Finance,DOF,Customer Operations Division > Borough Business Centers,,,,,66 John St.,New York,NY,10038,City,,Green Book,
Shakuntala Jewram,"Deputy Commissioner, Revenue Management &amp; Development","Homeless Services, Department of",DHS,DSS Office of Program Performance and Financial Management,(929) 221-6215,,,,33 Beaver St.,New York,NY,10004,City,,Green Book,
Michele Ahearn,"Deputy Commissioner, Enforcement Operations",Human Resources Administration / Department of Social Services,HRA DSS,HRA Office of Programs,(929) 221-4363,,,,150 Greenwich St.,New York,NY,10007,City,,Green Book,
Annette Hill,Deputy Commissioner,Finance,DOF,Customer Operations Division,(212) 602-7003,,,,1 Centre St.,New York,NY,10007,City,,Green Book,
William Marshall,EEO Officer,Finance,DOF,EEO Office,(212) 748-2854,,,,375 Pearl St.,New York,NY,10038,City,,Green Book,
Richard Johns,Chief Program Performance & Financial Management Officer,Human Resources Administration / Department of Social Services,HRA DSS,DSS Office of Program Performance and Financial Management,(929) 221-7347,,,,150 Greenwich St.,New York,NY,10007,City,,Green Book,
Michael Smilowitz,General Counsel,Finance,DOF,General Counsel,(212) 748-7215,,,,1 Centre St.,New York,NY,10007,City,,Green Book,
Colette McCain Jacques,Assistant Commissioner,Finance,DOF,"Customer Operations Division > Land Records, City Register",(212) 291-4714,,,,66 John St.,New York,NY,10038,City,,Green Book,
Ari Lieberman,Department Advocate,Finance,DOF,General Counsel > Legal Affairs Division,(212) 748-6904,,,,375 Pearl St.,New York,NY,10038,City,,Green Book,
Sheryl M. Montour,Records Access Officer,Finance,DOF,General Counsel > Legal Affairs Division,(212) 748-7242,,,,375 Pearl St.,New York,NY,10038,City,,Green Book,
Mayssa Choubah,"Deputy Commissioner, Constituent Services","Homeless Services, Department of",DHS,DSS Office of External Affairs,,,,,33 Beaver St.,New York,NY,10004,City,,Green Book,
Ellery Gillette,"Associate Commissioner, Capacity Planning & Development","Homeless Services, Department of",DHS,DHS Office of Capacity Planning and Development,(212) 361-0572,,,,33 Beaver St.,New York,NY,10004,City,,Green Book,
Tina Alzadon,"Deputy Commissioner, Capacity Planning & Development","Homeless Services, Department of",DHS,DHS Office of Capacity Planning and Development,(212) 487-3292,,,,33 Beaver St.,New York,NY,10004,City,,Green Book,
Xiomara Farquhar,"Deputy Commissioner, HIV/AIDS Services Administration (HASA)",Human Resources Administration / Department of Social Services,HRA DSS,HRA Office of Special Services,(929) 252-2120,,,,150 Greenwich St.,New York,NY,10007,City,,Green Book,
Agnes Rusin,Assistant Commissioner,Finance,DOF,"Customer Operations Division > Payments, Billings and Refunds",,,,,66 John St.,New York,NY,10038,City,,Green Book,
Carmela Quintos,"Assistant Commissioner, Property Valuation & Tax Mapping",Finance,DOF,Property Division,(212) 291-4876,,,,66 John St.,New York,NY,10039,City,,Green Book,
Timothy Sheares,Deputy Commissioner,Finance,DOF,Property Division,(212) 291-4886,,,,66 John St.,New York,NY,10039,City,,Green Book,
Kevin McGinn,Police Commissioner Designee,Civilian Complaint Review Board,CCRB,,,,,,100 Church St.,New York,NY,10007,City,,Green Book,
Athina McBean,"Deputy Commissioner, Equal Employment Opportunity & Access Community & Engagement","Homeless Services, Department of",DHS,"DSS Offices of Diversity, Equity and Inclusion",(929) 221-5139,,,,33 Beaver St.,New York,NY,10004,City,,Green Book,
Mary Christine Jackman,Assistant Commissioner,Finance,DOF,Customer Operations Division > Treasury,(212) 291-4840,,,,66 John St.,New York,NY,10038,City,,Green Book,
Neil Matthew,Executive Director,Financial Information Services Agency,FISA,,(212) 857-7301,,,(212) 857-1106,5 Manhattan West,New York,NY,10001,City,,Green Book,
Andrea Glick,First Deputy Executive Director,Financial Information Services Agency,FISA,Administration,(212) 742-5900,,,,5 Manhattan West,New York,NY,10001,City,,Green Book,
Kenny Minaya,Commissioner,Small Business Services,SBS,,(212) 513-6350,,,,One Liberty Plaza,New York,NY,10006,City,,Green Book,
Bryan Ahn,Deputy Executive Director,Financial Information Services Agency,FISA,HR/Payroll Systems,(212) 857-1495,,,,5 Manhattan West,New York,NY,10001,City,,Green Book,
Maureen A. Murphy,General Counsel,Financial Information Services Agency,FISA,Legal,(212) 857-1120,,,,5 Manhattan West,New York,NY,10001,City,,Green Book,
Odette Rivera,Executive Assistant,Financial Information Services Agency,FISA,Operations,(212) 857-1103,,,,5 Manhattan West,New York,NY,10001,City,,Green Book,
Peter Reddy,First Deputy Executive Director,Financial Information Services Agency,FISA,Operations,(212) 857-1541,,,,5 Manhattan West,New York,NY,10001,City,,Green Book,
Joyce Duverce,"Senior Vice President, Impact & Partnerships",Brooklyn Navy Yard Development Corporation,,,(347) 987-3922,,,,"141 Flushing Avenue, Suite 801",Brooklyn,NY,11205,City,,Green Book,
(vacant),"Associate Commissioner, Capital Program Delivery",Design and Construction,DDC,Public Buildings Division > Capital Program Delivery,,,,,30-30 Thomson Ave.,Long Island City,NY,11101,City,yes,Green Book,
Midori Valdivia,Acting Commissioner/Chair,Taxi & Limousine Commission,TLC,,(212) 676-1003,,,(212) 676-1100,33 Beaver St.,New York,NY,10004,City,,governance dataset,Evan Hines
Richard Lee,Commissioner,Finance,DOF,,(212) 602-7005,,,(212) 669-2275,1 Centre St.,New York,NY,10007,City,,Green Book,
Helen Foster,"Deputy Commissioner, HR Services",Human Resources Administration / Department of Social Services,HRA DSS,DSS Office of the Chief People Officer,(929) 221-5568,,,,150 Greenwich St.,New York,NY,10007,City,,Green Book,
Allison Gill-Lambert,General Counsel,"Homeless Services, Department of",DHS,DSS Office of Legal Affairs,(929) 221-7327,,,,33 Beaver St.,New York,NY,10004,City,,Green Book,
Denise DePrima,"Deputy Commissioner, Labor Relations",Human Resources Administration / Department of Social Services,HRA DSS,DSS Office of the Chief People Officer,(929) 221-5674,,,,150 Greenwich St.,New York,NY,10007,City,,Green Book,
Adam C. Waitzman,"Deputy Commissioner, Procedures","Homeless Services, Department of",DHS,DSS Office of Legal Affairs,(929) 221-6858,,,,33 Beaver St.,New York,NY,10004,City,,Green Book,
(vacant),Deputy Chief Legal Affairs Officer,Human Resources Administration / Department of Social Services,HRA DSS,DSS Office of Legal Affairs,(929) 221-6812,,,,150 Greenwich St.,New York,NY,10007,City,yes,Green Book,
Angela Johnson,Deputy Chief Information Officer,"Homeless Services, Department of",DHS,DSS Office of Information Technology Services,(929) 221-5976,,,,33 Beaver St.,New York,NY,10004,City,,Green Book,
Jamar Hooks,Deputy Commissioner,Human Resources Administration / Department of Social Services,HRA DSS,DSS Office of Strategy > Intergovernmental and Legislative Affairs,(929) 221-6681,,,,150 Greenwich St.,New York,NY,10007,City,,Green Book,
(vacant),Assistant Commissioner,Finance,DOF,Customer Operations Division > Collections,(212) 291-4433,,,,59 Maiden Ln.,New York,NY,10038,City,yes,Green Book,
(vacant),Chief of Staff,City Planning,DCP,,(212) 720-3238,,,(212) 720-3303,120 Broadway,New York,NY,10271,City,yes,Green Book,
Maite Junco,"Senior Vice Chancellor, Communications & Marketing",City University of New York,CUNY,,(646) 664-9318,,,,205 E. 42nd St.,New York,NY,10017,City,,Green Book,
Mohamed Attalia,"Vice Chancellor for Facilities Planning, Construction & Management",City University of New York,CUNY,,(646) 664-2605,,,,205 E. 42nd St.,New York,NY,10017,City,,Green Book,
Ilana Maier,"Vice President, Communications","Housing Development Corporation, NYC",HDC,,,,,,120 Broadway,New York,NY,10271,City,,Green Book,
Sasha Owen,Senior Vice Chancellor for Strategy and Policy Implementaton,City University of New York,CUNY,,(646) 664-9108,,,,205 E. 42nd St.,New York,NY,10017,City,,Green Book,
Kenneth Godiner,"Senior Vice Chancellor for Budget, Finance & Labor Relations and Chief Financial Officer",City University of New York,CUNY,,(646) 664-3014,,,,205 E. 42nd St.,New York,NY,10017,City,,Green Book,
Christopher Gonzalez,Chief Strategy Officer,"Homeless Services, Department of",DHS,DSS Office of Strategy,(929) 221-5890,,,,33 Beaver St.,New York,NY,10004,City,,Green Book,
Eusebio Formoso,Vice Chancellor for Information Technology and University Chief Information Officer,City University of New York,CUNY,,(646) 664-2365,,,,205 E. 42nd St.,New York,NY,10017,City,,Green Book,
Daniel Garodnick,Director,City Planning,DCP,,(212) 720-3200,,,(212) 720-3303,120 Broadway,New York,NY,10271,City,,governance dataset,Sideya Sherman
Denita Williams,"Executive Deputy Commissioner, Human Resources Solutions","Homeless Services, Department of",DHS,DSS Office of the Chief People Officer,(929) 221-5876,,,,33 Beaver St.,New York,NY,10004,City,,Green Book,
Alicia Glen,Chair,"Governors Island, Trust for",,,,,,,10 South St.,New York,NY,10004,City,,Green Book,
Chris Tepper,Chief Development Officer,"Governors Island, Trust for",,,(212) 440-2215,,,,10 South St.,New York,NY,10004,City,,Green Book,
Clare Newman,President & Chief Executive Officer,"Governors Island, Trust for",,,(212) 440-2200,,,,10 South St.,New York,NY,10004,City,,Green Book,
Marni Friedlander,General Counsel,"Governors Island, Trust for",,,(212) 440-2222,,,,10 South St.,New York,NY,10004,City,,Green Book,
Willa Padgett,Chief Financial Officer,"Governors Island, Trust for",,,(212) 440-2227,,,,10 South St.,New York,NY,10004,City,,Green Book,
Marcel Van Ooyen,President & CEO,GrowNYC,,,(212) 788-7900,,,,100 Gold St.,New York,NY,10038,City,,Green Book,
Clinton Daggan,Inspector General for the Department of Health and Mental Hygiene,"Health & Mental Hygiene, Department of",DOHMH,,(212) 825-5483,,,,42-09 28th St.,Long Island City,NY,11101,City,,Green Book,
"Michelle Morse MD, MPH",Chief Medical Officer,"Health & Mental Hygiene, Department of",DOHMH,,(347) 396-4844,,,,42-09 28th St.,Long Island City,NY,11101,City,,Green Book,
Jeff Hunter,Assistant Commissioner,"Health & Mental Hygiene, Department of",DOHMH,Division of Environmental Health > Bureau of Administration,(646) 632-6520,,,,125 Worth St.,New York,NY,10013,City,,Green Book,
Kerri Calderone,"Director, DOHMH Permits & Licensing","Health & Mental Hygiene, Department of",DOHMH,Division of Environmental Health > Bureau of Administration,(646) 632-6636,,,,125 Worth St.,New York,NY,10013,City,,Green Book,
Cassiopeia Toner,Assistant Commissioner,"Health & Mental Hygiene, Department of",DOHMH,Division of Mental Hygiene > Bureau of Administration,(347) 396-4128,,,,42-09 28th St.,Long Island City,NY,11101,City,,Green Book,
Aaron Belisle,Assistant Commissioner,"Health & Mental Hygiene, Department of",DOHMH,Office of Emergency Preparedness and Response > Bureau of Agency Preparedness & Response,(347) 396-2794,,,,42-09 28th St.,Long Island City,NY,11101,City,,Green Book,
"Sara Packman CPA, MBA",Assistant Commissioner,"Health & Mental Hygiene, Department of",DOHMH,Chief Operating Officer/ Executive Deputy Commissioner > Bureau of Audit Services,(347) 396-6679,,,,42-09 28th St.,Long Island City,NY,11101,City,,Green Book,
Anita Reyes,Assistant Commissioner,"Health & Mental Hygiene, Department of",DOHMH,Center for Health Equity & Community Wellness > Bureau of Bronx Neighborhood Health,(718) 508-0630,,,,42-09 28th St.,Long Island City,NY,11101,City,,Green Book,
"Zahriah McNatt DrPH, MHSA",Assistant Commissioner,"Health & Mental Hygiene, Department of",DOHMH,Center for Health Equity & Community Wellness > Bureau of Brooklyn Neighborhood Health,(718) 637-5316,,,,42-09 28th St.,Long Island City,NY,11101,City,,Green Book,
Anne Lopes,Interim Vice Chancellor for Academics and Faculty Affairs,City University of New York,CUNY,,(646) 664-9110,,,,205 E. 42nd St.,New York,NY,10017,City,,Green Book,
Althea Jackson,"Director, New York State Child Care Service Operations","Health & Mental Hygiene, Department of",DOHMH,Division of Environmental Health > Bureau of Child Care,(646) 632-6155,,,,125 Worth St.,New York,NY,10013,City,,Green Book,
Anita Richichi,"Director, Administration & Strategic Planning","Health & Mental Hygiene, Department of",DOHMH,Division of Environmental Health > Bureau of Child Care,(646) 632-6144,,,,125 Worth St.,New York,NY,10013,City,,Green Book,
Marnie Davidoff,Assistant Commissioner,"Health & Mental Hygiene, Department of",DOHMH,"Division of Mental Hygiene > Bureau of Children, Youth, Families and Developmental Disabilities",(347) 396-7071,,,,42-09 28th St.,Long Island City,NY,11101,City,,Green Book,
Kim Kessler JD,Assistant Commissioner,"Health & Mental Hygiene, Department of",DOHMH,Center for Health Equity & Community Wellness > Bureau of Chronic Disease Prevention,(347) 396-4678,,,,42-09 28th St.,Long Island City,NY,11101,City,,Green Book,
Darrin Taylor MPA,Assistant Commissioner,"Health & Mental Hygiene, Department of",DOHMH,Division of Disease Control > Bureau of Division Management and Systems Coordination,(347) 396-4175,,,,42-09 28th St.,Long Island City,NY,11101,City,,Green Book,
Agatha Guadagno MS. Ed,"Director, Queens Regional Office","Health & Mental Hygiene, Department of",DOHMH,Division of Family & Child Health > Bureau of Early Intervention,,,,,42-09 28th St.,Long Island City,NY,11101,City,,Green Book,
"Alicia Calev MA, MBA","Director, Bronx Regional Office","Health & Mental Hygiene, Department of",DOHMH,Division of Family & Child Health > Bureau of Early Intervention,,,,,42-09 28th St.,Long Island City,NY,11101,City,,Green Book,
"Lidiya Lednyak MA, JD",Assistant Commissioner,"Health & Mental Hygiene, Department of",DOHMH,Division of Family & Child Health > Bureau of Early Intervention,(347) 396-6868,,,,42-09 28th St.,Long Island City,NY,11101,City,,Green Book,
Joseph Pilewski,"Deputy Commissioner, General Support Services","Homeless Services, Department of",DHS,DSS Office of Operations,(929) 252-2795,,,,33 Beaver St.,New York,NY,10004,City,,Green Book,
Matthew Brune,Chief Operations Officer,Human Resources Administration / Department of Social Services,HRA DSS,DSS Office of Operations,(929) 221-6916,,,,150 Greenwich St.,New York,NY,10007,City,,Green Book,
Reesa Henderson,Acting DHS Administrator,"Homeless Services, Department of",DHS,DHS Executive Office,(212) 607-6202,,,,33 Beaver St.,New York,NY,10004,City,,Green Book,
David Starr MIA,Assistant Commissioner,"Health & Mental Hygiene, Department of",DOHMH,Office of Emergency Preparedness and Response > Bureau of Emergency Field Operations,(347) 396-2706,,,,42-09 28th St.,Long Island City,NY,11101,City,,Green Book,
"Mark K. Su MD, MPH","Director, NYC Poison Center","Health & Mental Hygiene, Department of",DOHMH,Division of Environmental Health > Bureau of Environmental Disease and Injury Prevention,(800) 222-1222,(212) 764-7667,,,125 Worth St.,New York,NY,10013,City,,Green Book,
Carolyn Olson,Assistant Commissioner,"Health & Mental Hygiene, Department of",DOHMH,Division of Environmental Health > Bureau of Environmental Surveillance and Policy,(646) 632-6544,,,,125 Worth St.,New York,NY,10013,City,,Green Book,
"Duncan Maru MD, PhD",Assistant Commissioner,"Health & Mental Hygiene, Department of",DOHMH,Center for Health Equity & Community Wellness > Bureau of Equitable Health Systems,(347) 396-4895,,,,42-09 28th St.,Long Island City,NY,11101,City,,Green Book,
Sheila Benjamin,Assistant Commissioner,"Health & Mental Hygiene, Department of",DOHMH,Division of Administration > Bureau of Facilities Planning & Administrative Services,(347) 396-6753,,,,42-09 28th St.,Long Island City,NY,11101,City,,Green Book,
Wei Xia,Assistant Commissioner,"Health & Mental Hygiene, Department of",DOHMH,Division of Finance > Bureau of Finance Administration & Planning,(347) 396-6220,,,,42-09 28th St.,Long Island City,NY,11101,City,,Green Book,
Magda Desdunes,"Ombudsperson, Food Safety Inspections","Health & Mental Hygiene, Department of",DOHMH,Division of Environmental Health > Bureau of Food Safety and Community Sanitation,(646) 632-6253,,,,125 Worth St.,New York,NY,10013,City,,Green Book,
Dermot Smyth,Vice Chancellor for Government Affairs,City University of New York,CUNY,,(646) 664-3004,,,,205 E. 42nd St.,New York,NY,10017,City,,Green Book,
"Sarah Braunstein, PhD",Assistant Commissioner,"Health & Mental Hygiene, Department of",DOHMH,"Division of Disease Control > Bureau of Hepatitis, HIV, and STI",(347) 396-7760,,,,42-09 28th St.,Long Island City,NY,11101,City,,Green Book,
Lauren Andersen,Vice Chancellor for Career Engagement and Industry Partnerships,City University of New York,CUNY,,(646) 664-3536,,,,205 E. 42nd St.,New York,NY,10017,City,,Green Book,
Reine T. Sarmiento,Vice Chancellor for Enrollment Management,City University of New York,CUNY,,(646) 664-2876,,,,205 E. 42nd St.,New York,NY,10017,City,,Green Book,
Jamie Neckles,Assistant Commissioner,"Health & Mental Hygiene, Department of",DOHMH,Division of Mental Hygiene > Bureau of Mental Health,(347) 396-7095,,,,42-09 28th St.,Long Island City,NY,11101,City,,Green Book,
John M. Beatty MPA,Assistant Commissioner,"Health & Mental Hygiene, Department of",DOHMH,Division of Administration > Bureau of Operations,(347) 396-6459,,,,42-09 28th St.,Long Island City,NY,11101,City,,Green Book,
Joaquin Aracena MA,"Assistant Commissioner, Public Health Clinics","Health & Mental Hygiene, Department of",DOHMH,Division of Disease Control > Bureau of Public Health Clinics,(347) 396-2540,,,,42-09 28th St.,Long Island City,NY,11101,City,,Green Book,
Rachel Stephenson,Chief Transformation Officer,City University of New York,CUNY,,(646) 664-8001,,,,205 E. 42nd St.,New York,NY,10017,City,,Green Book,
G. Joanne Yarde,Assistant Commissioner & Controller,"Health & Mental Hygiene, Department of",DOHMH,Division of Finance > Bureau of the Controller,(347) 396-6417,,,,42-09 28th St.,Long Island City,NY,11101,City,,Green Book,
Derek Davis,Senior Vice Chancellor for Legal Affairs and General Counsel,City University of New York - Board of Trustees,,,(646) 664-9210,,,,205 E. 42nd St.,New York,NY,10017,City,,Green Book,
"Joseph Burzynski MD, MPH",Assistant Commissioner,"Health & Mental Hygiene, Department of",DOHMH,Division of Disease Control > Bureau of Tuberculosis Control,(718) 786-5510,,,,42-09 28th St.,Long Island City,NY,11101,City,,Green Book,
"Mario Merlino MS, MPH",Assistant Commissioner,"Health & Mental Hygiene, Department of",DOHMH,Division of Environmental Health > Bureau of Veterinary and Pest Control Services,(646) 364-1740,,(646) 364-1799,,22 Cortlandt St.,New York,NY,10007,City,,Green Book,
Denise B. Maybank,Vice Chancellor for Student Affairs & Enrollment Management,City University of New York,CUNY,,(646) 664-2918,,,,205 E. 42nd St.,New York,NY,10017,City,,Green Book,
"Michelle Morse MD, MPH",Deputy Commissioner,"Health & Mental Hygiene, Department of",DOHMH,Center for Health Equity & Community Wellness,(347) 396-4844,,,,42-09 28th St.,Long Island City,NY,11101,City,,Green Book,
Emiko Otsubo MSW,Chief Operating Officer/ Executive Deputy Commissioner,"Health & Mental Hygiene, Department of",DOHMH,Chief Operating Officer/ Executive Deputy Commissioner,(347) 396-4071,,,,42-09 28th St.,Long Island City,NY,11101,City,,Green Book,
Todd Michael Galitz,Vice Chancellor for University Advancement,City University of New York,CUNY,,(646) 664-3207,,,,205 E. 42nd St.,New York,NY,10017,City,,Green Book,
Marcia O'Connor,"Director, District Operations","Health & Mental Hygiene, Department of",DOHMH,District Health Centers,(718) 838-6354,(347) 245-0333,,,42-09 28th St.,Long Island City,NY,11101,City,,Green Book,
Julie Friesen,Deputy Commissioner,"Health & Mental Hygiene, Department of",DOHMH,Division of Administration,(347) 396-6509,,,,42-09 28th St.,Long Island City,NY,11101,City,,Green Book,
Fabienne Laraque,"DSS Chief Medical Officer, Office of the Medical Director","Homeless Services, Department of",DHS,DSS Office of the Chief Medical Director,(212) 361-7990,,,,33 Beaver St.,New York,NY,10004,City,,Green Book,
Anne M. Fenton,Secretary of the Board of Trustees,City University of New York,CUNY,,(646) 664-9011,,,,205 E. 42nd St.,New York,NY,10017,City,,Green Book,
Scott Liu,Deputy Commissioner & Chief Information Officer,"Health & Mental Hygiene, Department of",DOHMH,Division of Information Technology,(347) 396-6031,,,,42-09 28th St.,Long Island City,NY,11101,City,,Green Book,
Beth Maldin MPH,Deputy Commissioner,"Health & Mental Hygiene, Department of",DOHMH,Office of Emergency Preparedness and Response,(347) 396-2688,,,,42-09 28th St.,Long Island City,NY,11101,City,,Green Book,
Bowen Liu,"Executive Director, Administration","Health & Mental Hygiene, Department of",DOHMH,Office of External Affairs,(347) 396-4033,,,,42-09 28th St.,Long Island City,NY,11101,City,,Green Book,
Maura Kennelly,Deputy Commissioner,"Health & Mental Hygiene, Department of",DOHMH,Office of External Affairs,(347) 396-4279,,,,42-09 28th St.,Long Island City,NY,11101,City,,Green Book,
Judi Rich Soehren,Assistant Commissioner & Agency Chief Contracting Officer,"Health & Mental Hygiene, Department of",DOHMH,Division of Finance > Office of the Agency Chief Contracting Officer,(347) 396-6644,,,,42-09 28th St.,Long Island City,NY,11101,City,,Green Book,
Bernadette O'Donnell JD,Records Access Officer,"Health & Mental Hygiene, Department of",DOHMH,Office of the General Counsel,(347) 396-6116,,,,42-09 28th St.,Long Island City,NY,11101,City,,Green Book,
(vacant),Commission Secretary,City Planning Commission,CPC,,(212) 720-3300,,,,120 Broadway,New York,NY,10271,City,yes,Green Book,
Kinsey Dinan,"Deputy Commissioner, Research and Policy Innovation","Homeless Services, Department of",DHS,DSS Office of Program Performance and Financial Management,(929) 221-7349,,,,33 Beaver St.,New York,NY,10004,City,,Green Book,
Alec Schierenbeck,Counsel,City Planning,DCP,,(212) 720-3500,,,(212) 720-3303,120 Broadway,New York,NY,10271,City,,Green Book,
Aaron Mettey,Executive Director,"Health & Mental Hygiene, Department of",DOHMH,Chief Operating Officer/ Executive Deputy Commissioner > Strategic Operations & Performance Management,(347) 396-4082,,,,42-09 28th St.,Long Island City,NY,11101,City,,Green Book,
"Andrea Cohen, Esq.",Senior Vice President and General Counsel,"Health + Hospitals / Board of Directors, NYC",,,(212) 788-3300,,,,50 Water St.,New York,NY,10004,City,,Green Book,
Colicia Hercules,Chief of Staff to the Board/Secretary to the Corporation,"Health + Hospitals / Board of Directors, NYC",,,(212) 788-3365,,,,50 Water St.,New York,NY,10004,City,,Green Book,
Alicia M. Alvero,Executive Vice Chancellor and University Provost,City University of New York,CUNY,,(646) 664-9110,,,,205 E. 42nd St.,New York,NY,10017,City,,Green Book,
Mitchell Katz,President & CEO,"Health + Hospitals NYC, (NYC H+H)",,,(212) 788-3321,,,,50 Water St.,New York,NY,10004,City,,Green Book,
Catherine Patsos,Chief Corporate Compliance Officer,"Health + Hospitals NYC, (NYC H+H)",,Corporate Compliance,(646) 458-5632,,,,50 Water St.,New York,NY,10004,City,,Green Book,
Patricia Yang DRPH,Senior Vice President,"Health + Hospitals NYC, (NYC H+H)",,Correctional Health,(646) 614-0014,,,,50 Water St.,New York,NY,10004,City,,Green Book,
Theodore Long,Senior Vice President,"Health + Hospitals NYC, (NYC H+H)",,"Division of Ambulatory Care, Test & Trace Corps",(646) 815-4040,,,,50 Water St.,New York,NY,10004,City,,Green Book,
Manuel Saez,Vice President,"Health + Hospitals NYC, (NYC H+H)",,Division of Capital & Design/Facilities Development,(646) 694-6666,,,,50 Water St.,New York,NY,10004,City,,Green Book,
John Ulberg,Senior Vice President,"Health + Hospitals NYC, (NYC H+H)",,Division of Finance,(212) 788-3449,,,,50 Water St.,New York,NY,10004,City,,Green Book,
Yvette Villanueva,Senior Vice President,"Health + Hospitals NYC, (NYC H+H)",,Division of Human Resources & Diversity Inclusion,(212) 788-9684,,,,50 Water St.,New York,NY,10004,City,,Green Book,
Machelle Allen,Senior Vice President/Chief Medical Officer,"Health + Hospitals NYC, (NYC H+H)",,Division of Medical Affairs,(212) 442-4739,,,,50 Water St.,New York,NY,10004,City,,Green Book,
Eric Wei,Senior Vice President,"Health + Hospitals NYC, (NYC H+H)",,Division of Quality/Emergency Management,(646) 815-4039,,,,50 Water St.,New York,NY,10004,City,,Green Book,
Danielle DiBari,"Senior Vice President, Chief Pharmacy Officer","Health + Hospitals NYC, (NYC H+H)",,Division of Supply Chain/Pharmacy Business Operations,(646) 815-4625,,,,50 Water St.,New York,NY,10004,City,,Green Book,
Kim Mendez,Senior Vice President & Chief Information Officer,"Health + Hospitals NYC, (NYC H+H)",,Information Technology,(646) 694-5863,,,,50 Water St.,New York,NY,10004,City,,Green Book,
Matthew Siegler,Senior Vice President,"Health + Hospitals NYC, (NYC H+H)",,Managed Care & Patient Growth,(212) 788-3321,,,,50 Water St.,New York,NY,10004,City,,Green Book,
Natalia Cineas RN,"Senior Vice President, Chief Nursing Executive","Health + Hospitals NYC, (NYC H+H)",,Nursing,(212) 442-3628,,,,50 Water St.,New York,NY,10004,City,,Green Book,
Ivelesse Mendez-Justiniano,Vice President,"Health + Hospitals NYC, (NYC H+H)",,Office of Diversity Equality and Inclusion,(212) 788-3674,,,,50 Water St.,New York,NY,10004,City,,Green Book,
"Andrea Cohen, Esq.","General Counsel, Office of Legal Affairs","Health + Hospitals NYC, (NYC H+H)",,Office of Legal Affairs & Labor Relations,(212) 788-3300,,,,50 Water St.,New York,NY,10004,City,,Green Book,
Khoi Luong,Senior Vice President,"Health + Hospitals NYC, (NYC H+H)",,Post Acute Care,(212) 442-9122,,,,50 Water St.,New York,NY,10004,City,,Green Book,
Anne M. Fenton,Secretary of the Board,City University of New York - Board of Trustees,,,(646) 664-9011,,,,205 E. 42nd St.,New York,NY,10017,City,,Green Book,
Rosemarie D. Wesson,Associate Vice Chancellor and University Vice Provost for Research,City University of New York,CUNY,,(646) 664-8910,,,,205 E. 42nd St.,New York,NY,10017,City,,Green Book,
Raymond Medina,Diversity Officer,Human Resources Administration / Department of Social Services,HRA DSS,"DSS Office of Diversity, Equity and Inclusion",(929) 221-7346,,,,150 Greenwich St.,New York,NY,10007,City,,Green Book,
Derek Davis,Senior Vice Chancellor for Legal Affairs and General Counsel,City University of New York,CUNY,,(646) 664-9210,,,,205 E. 42nd St.,New York,NY,10017,City,,Green Book,
Saratu Ghartey,DSS First Deputy Commissioner,"Homeless Services, Department of",DHS,DSS Office of the First Deputy Commissioner,(929) 221-7016,,,,33 Beaver St.,New York,NY,10004,City,,Green Book,
(vacant),"Deputy Commissioner, Mental Health","Homeless Services, Department of",DHS,DSS Office of the Chief Medical Director,,,,,33 Beaver St.,New York,NY,10004,City,yes,Green Book,
Allison Gill-Lambert,General Counsel,Human Resources Administration / Department of Social Services,HRA DSS,DSS Office of Legal Affairs,(929) 221-7327,,,,150 Greenwich St.,New York,NY,10007,City,,Green Book,
Randa Henry-Jenkins,"Deputy Commissioner, Home Care Services Program",Human Resources Administration / Department of Social Services,HRA DSS,HRA Office of Special Services,(929) 221-0848,,,,150 Greenwich St.,New York,NY,10007,City,,Green Book,
Kafi Hadaway,"Associate Commissioner, Vacancy Control","Homeless Services, Department of",DHS,"DHS Office of Shelter Intake, Assessment & Operational Capacity",(212) 361-6800,,,,33 Beaver St.,New York,NY,10004,City,,Green Book,
Suresh Chinnakoytia,"Deputy Commissioner, Enterprise Solutions Engineering","Homeless Services, Department of",DHS,DSS Office of Information Technology Services,(929) 221-4498,,,,33 Beaver St.,New York,NY,10004,City,,Green Book,
William DiStefano,"Associate Commissioner, Shelter Intake and Assessment","Homeless Services, Department of",DHS,"DHS Office of Shelter Intake, Assessment & Operational Capacity",(212) 232-0563,,,,33 Beaver St.,New York,NY,10004,City,,Green Book,
Karl Snyder,"Deputy Commissioner, Performance Management &amp; Data Analytics",Human Resources Administration / Department of Social Services,HRA DSS,DSS Office of Program Performance and Financial Management,(929) 221-7043,,,,150 Greenwich St.,New York,NY,10007,City,,Green Book,
Bedros Boodanian,Chief Accountability Officer,"Homeless Services, Department of",DHS,DSS Office of Program Accountability,(212) 274-5600,,,,33 Beaver St.,New York,NY,10004,City,,Green Book,
(vacant),"Press Secretary, Press Relations and Communications","Homeless Services, Department of",DHS,DSS Office of Strategy,,,,,33 Beaver St.,New York,NY,10004,City,yes,Green Book,
Iris Rodriguez,Chief of Shelter Operations,"Homeless Services, Department of",DHS,DHS Office of Shelter Operations,(212) 361-6504,,,,33 Beaver St.,New York,NY,10004,City,,Green Book,
Beatriz Fritschler,"Deputy Commissioner, Strategic Partnerships",Human Resources Administration / Department of Social Services,HRA DSS,DSS Office of Strategy,(929) 221-7326,,,,150 Greenwich St.,New York,NY,10007,City,,Green Book,
Meghan Smith,"Deputy Commissioner, Housing Supply Programs",Human Resources Administration / Department of Social Services,HRA DSS,HRA Office of Housing Services,(212) 607-5223,,,,150 Greenwich St.,New York,NY,10007,City,,Green Book,
Ramon Flores,"Executive Deputy Commissioner, Family Independence Administration (FIA)",Human Resources Administration / Department of Social Services,HRA DSS,HRA Office of Programs,(929) 221-6934,,,,150 Greenwich St.,New York,NY,10007,City,,Green Book,
Kevin Thrun,"Deputy Commissioner, Program Development","Homeless Services, Department of",DHS,DHS Office of Program Development,(718) 716-6519,,,,33 Beaver St.,New York,NY,10004,City,,Green Book,
(vacant),Deputy Commissioner,Small Business Services,SBS,Division of Citywide Workforce Opportunity,,,,,One Liberty Plaza,New York,NY,10006,City,yes,Green Book,
(vacant),Chief Housing Services Officer,Human Resources Administration / Department of Social Services,HRA DSS,HRA Office of Housing Services,(212) 607-6202,,,,150 Greenwich St.,New York,NY,10007,City,yes,Green Book,
Eva Trimble,Chief Operating Officer,"Housing Authority, NYC",NYCHA,,(212) 306-4663,,,,90 Church St.,New York,NY,10007,City,,Green Book,
Kristy Buller,Vice President of Communications,"Housing Authority, NYC",NYCHA,,(212) 306-4469,,,,90 Church St.,New York,NY,10007,City,,Green Book,
Lisa Bova-Hiatt,Chief Executive Officer,"Housing Authority, NYC",NYCHA,,(212) 306-3420,,,,90 Church St.,New York,NY,10007,City,,Green Book,
Patrick O'Hagan,"Vice President, Environmental Health & Safety","Housing Authority, NYC",NYCHA,,(212) 306-8660,,,,90 Church St.,New York,NY,10007,City,,Green Book,
Velvaunche Priester,"Deputy Commissioner, Shelter Security Management","Homeless Services, Department of",DHS,DHS Office of Operations,(212) 361-0958,,,,33 Beaver St.,New York,NY,10004,City,,Green Book,
Vilma Huertas,Special Advisor to the CEO,"Housing Authority, NYC",NYCHA,,(212) 306-8887,,,,90 Church St.,New York,NY,10007,City,,Green Book,
Lourdes Centeno,"Deputy Commissioner, Communications and Marketing",Human Resources Administration / Department of Social Services,HRA DSS,DSS Office of Strategy,(929) 221-5131,,,,150 Greenwich St.,New York,NY,10007,City,,Green Book,
Saratu Ghartey,DSS First Deputy Commissioner,Human Resources Administration / Department of Social Services,HRA DSS,DSS Office of the First Deputy Commissioner,(929) 221-7016,,,,150 Greenwich St.,New York,NY,10007,City,,Green Book,
Yvette Andino,"Vice President, Employee Engagement","Housing Authority, NYC",NYCHA,Administration,(212) 306-8432,,,,90 Church St.,New York,NY,10007,City,,Green Book,
Corrine Campbell,Vice President for A&CM Quality Assurance,"Housing Authority, NYC",NYCHA,Asset and Capital Management,(718) 730-8215,,,,90 Church St.,New York,NY,10007,City,,Green Book,
James Scanlon,Vice President for Architecture and Engineering Services,"Housing Authority, NYC",NYCHA,Asset and Capital Management,(718) 730-8196,,,,90 Church St.,New York,NY,10007,City,,Green Book,
Joy Sinderbrand,Senior Vice President for Capital Program,"Housing Authority, NYC",NYCHA,Asset and Capital Management,(212) 306-8846,,,,90 Church St.,New York,NY,10007,City,,Green Book,
Scott French,HRA Administrator,Human Resources Administration / Department of Social Services,HRA DSS,HRA Executive Office,(929) 221-6194,,,,150 Greenwich St.,New York,NY,10007,City,,Green Book,
Andrea Reid,"Executive Deputy Commissioner, Rental Assistance",Human Resources Administration / Department of Social Services,HRA DSS,HRA Office of Housing Services,(929) 221-5879,,,,150 Greenwich St.,New York,NY,10007,City,,Green Book,
(vacant),DHS Chief of Staff,"Homeless Services, Department of",DHS,DHS Executive Office,(212) 361-0940,,,,33 Beaver St.,New York,NY,10004,City,yes,Green Book,
Annika Lescott-Martinez,Executive Vice President & Chief Financial Officer,"Housing Authority, NYC",NYCHA,Finance,(212) 306-8430,,,,90 Church St.,New York,NY,10007,City,,Green Book,
Rosine Ferdinand,"Executive Deputy Commissioner, Finance",Human Resources Administration / Department of Social Services,HRA DSS,DSS Office of Program Performance and Financial Management,(929) 221-6219,,,,150 Greenwich St.,New York,NY,10007,City,,Green Book,
Bill Dorante,"Deputy Commissioner, Fiscal Operations",Human Resources Administration / Department of Social Services,HRA DSS,DSS Office of Program Performance and Financial Management,(929) 221-6225,,,,150 Greenwich St.,New York,NY,10007,City,,Green Book,
Joseph Sitro,"Assistant Deputy Commissioner, HRA Police Operations","Homeless Services, Department of",DHS,DSS Office of Operations,(917) 418-8588,,,,33 Beaver St.,New York,NY,10004,City,,Green Book,
Michael Deutsch,Vice President Infrastructure and Operations,"Housing Authority, NYC",NYCHA,Information Technology,(212) 306-3456,,,,90 Church St.,New York,NY,10007,City,,Green Book,
Sandip Shah,Vice President for Enterprise Solutions Management,"Housing Authority, NYC",NYCHA,Information Technology,(212) 306-3870,,,,90 Church St.,New York,NY,10007,City,,Green Book,
Lakesha Miller,"Executive Vice President, Leased Housing","Housing Authority, NYC",NYCHA,Leased Housing,(212) 306-8818,,,,90 Church St.,New York,NY,10007,City,,Green Book,
Charles Furrey,Vice President for Legal Affairs & Managing Attorney,"Housing Authority, NYC",NYCHA,Legal Affairs & General Counsel,(212) 776-5146,,,,90 Church St.,New York,NY,10007,City,,Green Book,
Daniel Kiss,Vice President & Deputy General Counsel for Housing Litigation,"Housing Authority, NYC",NYCHA,Legal Affairs & General Counsel,(212) 776-5191,,,,90 Church St.,New York,NY,10007,City,,Green Book,
David Rohde,Executive Vice President for Legal Affairs & General Counsel,"Housing Authority, NYC",NYCHA,Legal Affairs & General Counsel,(212) 776-5012,,,,90 Church St.,New York,NY,10007,City,,Green Book,
Eric Enderlin,President,"Housing Development Corporation, NYC",HDC,,,,,,120 Broadway,New York,NY,10271,City,,Green Book,
Robert Kumbatovic,Vice President & Deputy General Counsel for Contracts,"Housing Authority, NYC",NYCHA,Legal Affairs & General Counsel,(212) 776-5014,,,,90 Church St.,New York,NY,10007,City,,Green Book,
Rosanne Pisem,Vice President & Deputy General Counsel for Legal Counsel,"Housing Authority, NYC",NYCHA,Legal Affairs & General Counsel,(212) 776-5212,,,,90 Church St.,New York,NY,10007,City,,Green Book,
Sara Kobocow,Vice President and Deputy General Counsel for REED,"Housing Authority, NYC",NYCHA,Legal Affairs & General Counsel,(212) 776-5069,,,,90 Church St.,New York,NY,10007,City,,Green Book,
Jamar Hooks,"Deputy Commissioner, Intergovernmental & Legislative Affairs","Homeless Services, Department of",DHS,DSS Office of Strategy,(929) 221-6681,,,,33 Beaver St.,New York,NY,10004,City,,Green Book,
April Turner,"Deputy Commissioner, IT Service Management Services","Homeless Services, Department of",DHS,DSS Office of Information Technology Services,(718) 510-8267,,,,33 Beaver St.,New York,NY,10004,City,,Green Book,
"James Flaherty, Jr.",Vice President of Quality & Cost Control,"Housing Authority, NYC",NYCHA,Operations,(718) 409-7537,,,,90 Church St.,New York,NY,10007,City,,Green Book,
James Secreto,Vice President for Public Safety,"Housing Authority, NYC",NYCHA,Operations,(212) 306-4417,,,,90 Church St.,New York,NY,10007,City,,Green Book,
Fabienne Laraque,"DSS Chief Medical Officer, Office of the Medical Director",Human Resources Administration / Department of Social Services,HRA DSS,DSS Office of the Medical Director,(212) 361-7990,,,,150 Greenwich St.,New York,NY,10007,City,,Green Book,
Rima Rivera,"Deputy Commissioner, Domestic Violence Services",Human Resources Administration / Department of Social Services,HRA DSS,HRA Office of Special Services,(929) 221-7264,,,,150 Greenwich St.,New York,NY,10007,City,,Green Book,
(vacant),"Chief Information Officer, Information Technology Services",Human Resources Administration / Department of Social Services,HRA DSS,DSS Office of Information Technology Services,(718) 510-8511,,,,150 Greenwich St.,New York,NY,10007,City,yes,Green Book,
Guy Oliveri,VP of Procurement Policy & Performance Mgmt,"Housing Authority, NYC",NYCHA,Procurement,(212) 306-4532,,,,90 Church St.,New York,NY,10007,City,,Green Book,
Anand Sagar,"Deputy Commissioner, Revenue Reimbursement and Claiming Office","Homeless Services, Department of",DHS,DSS Office of Program Performance and Financial Management,(929) 221-6046,,,,33 Beaver St.,New York,NY,10004,City,,Green Book,
Jessica Heegan,Vice President of Procurement Ethics & Vender Diversity,"Housing Authority, NYC",NYCHA,Procurement,(212) 306-4712,,,,90 Church St.,New York,NY,10007,City,,Green Book,
Yvonne Ballard,"Associate Commissioner, Shelter Operations","Homeless Services, Department of",DHS,DHS Office of Shelter Operations,(212) 607-6203,,,,33 Beaver St.,New York,NY,10004,City,,Green Book,
Sandy Bryant,"Deputy Commissioner, Fair Hearing Administration",Human Resources Administration / Department of Social Services,HRA DSS,DSS Office of Legal Affairs,(929) 221-6548,,,,150 Greenwich St.,New York,NY,10007,City,,Green Book,
Angela Gadson,"Vice President for PHO, Bronx","Housing Authority, NYC",NYCHA,Property Management Departments,(718) 409-7520,,,,90 Church St.,New York,NY,10007,City,,Green Book,
Richard Lindemulder,"Deputy Commissioner, Strategic Engagement","Homeless Services, Department of",DHS,DSS Office of Information Technology Services,(646) 522-2756,,,,33 Beaver St.,New York,NY,10004,City,,Green Book,
Andrea McGill,"Deputy Commissioner, HR Operations","Homeless Services, Department of",DHS,DSS Office of the Chief People Officer,(929) 221-5238,,,,33 Beaver St.,New York,NY,10004,City,,Green Book,
Maria Teresa Arce,Chief External Affairs Officer,Human Resources Administration / Department of Social Services,HRA DSS,DSS Office of External Affairs,(929) 221-7324,,,,150 Greenwich St.,New York,NY,10007,City,,Green Book,
Anne-Marie Flatley,"Senior Vice President, Performance Management & Analytics","Housing Authority, NYC",NYCHA,Strategy & Innovation,(212) 306-8202,,,,90 Church St.,New York,NY,10007,City,,Green Book,
Arvind Sohoni,Executive Vice-President for Strategy & Innovation,"Housing Authority, NYC",NYCHA,Strategy & Innovation,(212) 306-4385,,,,90 Church St.,New York,NY,10007,City,,Green Book,
Cathleen A. Baumann,Executive Vice President and Chief Financial Officer,"Housing Development Corporation, NYC",HDC,,,,,,120 Broadway,New York,NY,10271,City,,Green Book,
Gregory P. Anderson,Commissioner,Sanitation,DSNY,,,,,,125 Worth St.,New York,NY,10013,City,,Green Book,
Christopher Gonzalez,Chief Strategy Officer,Human Resources Administration / Department of Social Services,HRA DSS,DSS Office of Strategy,(929) 221-5890,,,,150 Greenwich St.,New York,NY,10007,City,,Green Book,
Ellen K. Duffy,Executive Vice President for Capital Markets and Investments,"Housing Development Corporation, NYC",HDC,,,,,,120 Broadway,New York,NY,10271,City,,Green Book,
Mary Hom,Chief Risk Officer,"Housing Development Corporation, NYC",HDC,,,,,,120 Broadway,New York,NY,10271,City,,Green Book,
Paul Cackler,Chief Information Officer,"Housing Development Corporation, NYC",HDC,,,,,,120 Broadway,New York,NY,10271,City,,Green Book,
Susannah Lipsyte,Executive Vice President & General Counsel,"Housing Development Corporation, NYC",HDC,,,,,,120 Broadway,New York,NY,10271,City,,Green Book,
Eric Enderlin,President,"Housing Development Corporation, NYC",HDC,Housing Assistance Corporation,,,(212) 227-5500,,120 Broadway,New York,NY,10271,City,,Green Book,
Eric Enderlin,President,"Housing Development Corporation, NYC",HDC,NYC Residential Mortgage Insurance Corporation,,,(212) 227-5500,,120 Broadway,New York,NY,10271,City,,Green Book,
Eric Enderlin,President,"Housing Development Corporation, NYC",HDC,NYCHDC Real Estate Corporation,,,(212) 227-5500,,120 Broadway,New York,NY,10271,City,,Green Book,
Michael Morris,Inspector General,Housing Preservation & Development,HPD,Inspector General,(212) 825-0635,,,,100 Gold St.,New York,NY,10038,City,,Green Book,
Zenzile Vialva,Assistant Commissioner/EEO Officer,Housing Preservation & Development,HPD,"Office of Diversity, Equity & Inclusion/EEO",(212) 863-8329,,,,100 Gold St.,New York,NY,10038,City,,Green Book,
AnnMarie Santiago,Deputy Commissioner,Housing Preservation & Development,HPD,Office of Enforcement & Neighborhood Services,(212) 863-8603,,,,100 Gold St.,New York,NY,10038,City,,Green Book,
Ledwin Martinez,"Agency Chief Contracting Officer/Assistant Commissioner, Procurement Services",Housing Preservation & Development,HPD,Office of Legal Affairs,(212) 863-6652,,,,100 Gold St.,New York,NY,10038,City,,Green Book,
Maurice Dobson,Deputy Commissioner/ General Counsel,Housing Preservation & Development,HPD,Office of Legal Affairs,(212) 863-8686,,,(212) 863-8377,100 Gold St.,New York,NY,10038,City,,Green Book,
John Rojas,Chief Special Services Officer,Human Resources Administration / Department of Social Services,HRA DSS,HRA Office of Special Services,(929) 221-6662,,,,150 Greenwich St.,New York,NY,10007,City,,Green Book,
Maria Teresa Arce,Chief External Affairs Officer,"Homeless Services, Department of",DHS,DSS Office of External Affairs,(929) 221-7324,,,,33 Beaver St.,New York,NY,10004,City,,Green Book,
Neha Sharma,"Assistant Deputy Commissioner, Press Relations and Communications","Homeless Services, Department of",DHS,DSS Office of Strategy,(929) 221-6632,,,,33 Beaver St.,New York,NY,10004,City,,Green Book,
Aqueelah Winston,"Interim Chief of Shelter Intake, Assessment & Operational Capacity","Homeless Services, Department of",DHS,"DHS Office of Shelter Intake, Assessment & Operational Capacity",(212) 487-6284,,,,33 Beaver St.,New York,NY,10004,City,,Green Book,
Jeremy Resnick,DSS Chief of Staff,Human Resources Administration / Department of Social Services,HRA DSS,,(929) 221-5277,,,,150 Greenwich St.,New York,NY,10007,City,,Green Book,
Shakuntala Jewram,"Deputy Commissioner, Revenue Management and Development",Human Resources Administration / Department of Social Services,HRA DSS,DSS Office of Program Performance and Financial Management,(929) 221-6215,,,,150 Greenwich St.,New York,NY,10007,City,,Green Book,
Andrea McGill,"Deputy Commissioner, HR Operations",Human Resources Administration / Department of Social Services,HRA DSS,DSS Office of the Chief People Officer,(929) 221-5238,,,,150 Greenwich St.,New York,NY,10007,City,,Green Book,
Jacqueline Dudley,"Executive Deputy Commissioner, HIV/AIDS Services Administration (HASA)",Human Resources Administration / Department of Social Services,HRA DSS,HRA Office of Special Services,(929) 252-2872,(212) 971-0626,,(212) 971-0820,150 Greenwich St.,New York,NY,10007,City,,Green Book,
Christine Fellini,DHS First Deputy Commissioner,"Homeless Services, Department of",DHS,DHS Executive Office,(212) 361-7375,,,,33 Beaver St.,New York,NY,10004,City,,Green Book,
Karen Lane,"Executive Deputy Commissioner, Medical Assistance Program",Human Resources Administration / Department of Social Services,HRA DSS,HRA Office of Special Services,(929) 221-2565,(888) 692-6116,,,150 Greenwich St.,New York,NY,10007,City,,Green Book,
Audrey M. Diop,"Managing Executive Director, Citywide Health Insurance",Human Resources Administration / Department of Social Services,HRA DSS,DSS Office of the Medical Director,(929) 221-6774,,,,150 Greenwich St.,New York,NY,10007,City,,Green Book,
Conor Sheehan,"Associate Commissioner, Program Development","Homeless Services, Department of",DHS,DHS Office of Program Development,(917) 794-6756,,,,33 Beaver St.,New York,NY,10004,City,,Green Book,
Karen H. St. Hilaire,Chief Administrative Officer,"Homeless Services, Department of",DHS,"DSS Offices of Diversity, Equity and Inclusion",(929) 221-7089,,,,33 Beaver St.,New York,NY,10004,City,,Green Book,
Cary Cheung,"Deputy Commissioner, Budget Administration","Homeless Services, Department of",DHS,DSS Office of Program Performance and Financial Management,(929) 221-6252,,,,33 Beaver St.,New York,NY,10004,City,,Green Book,
JoAnne Bailey,"Executive Deputy Commissioner, Planning Management & Business Process Innovation and Design",Human Resources Administration / Department of Social Services,HRA DSS,DSS Office of the First Deputy Commissioner,(929) 221-5112,,,,150 Greenwich St.,New York,NY,10007,City,,Green Book,
Jamar Hooks,"Deputy Commissioner, Intergovernmental and Legislative Affairs",Human Resources Administration / Department of Social Services,HRA DSS,DSS Office of Strategy,(929) 221-6681,,,,150 Greenwich St.,New York,NY,10007,City,,Green Book,
JoAnne Bailey,"Executive Deputy Commissioner, Planning Management & Business Process Innovation and Design","Homeless Services, Department of",DHS,DSS Office of the First Deputy Commissioner,(929) 221-5112,,,,33 Beaver St.,New York,NY,10004,City,,Green Book,
Monica Ealey,"Deputy Commissioner, IDNYC, Fair Fares and HEAP Program",Human Resources Administration / Department of Social Services,HRA DSS,HRA Office of Programs,(212) 331-4631,,,,150 Greenwich St.,New York,NY,10007,City,,Green Book,
Yurij Pawluk,"Executive Deputy Commissioner, Supportive Programs and Initiatives",Human Resources Administration / Department of Social Services,HRA DSS,HRA Office of Programs,(929) 221-6941,,,,150 Greenwich St.,New York,NY,10007,City,,Green Book,
Marcia James,"Deputy Commissioner, Investigation, Revenue & Enforcement Administration (IREA)","Homeless Services, Department of",DHS,DSS Office of Program Accountability,(929) 252-3020,(212) 274-5600,,(212) 732-2118,33 Beaver St.,New York,NY,10004,City,,Green Book,
Marah Rhoades,"Deputy Commissioner, Community Outreach","Homeless Services, Department of",DHS,DSS Office of Strategy,(929) 221-7204,,,,33 Beaver St.,New York,NY,10004,City,,Green Book,
(vacant),Senior Advisor to DSS First Deputy Commissioner,"Homeless Services, Department of",DHS,DSS Office of the First Deputy Commissioner,(929) 221-6393,,,,33 Beaver St.,New York,NY,10004,City,yes,Green Book,
Neha Sharma,Assistant Deputy Commissioner,Human Resources Administration / Department of Social Services,HRA DSS,DSS Office of Strategy > Press Relations and Communications,(929) 221-6632,,,,150 Greenwich St.,New York,NY,10007,City,,Green Book,
Terrance Stroud,"Deputy Commissioner, Training","Homeless Services, Department of",DHS,DSS Office of Legal Affairs,(929) 221-6808,,,,33 Beaver St.,New York,NY,10004,City,,Green Book,
James Russo,DHS Chief Operating Officer,"Homeless Services, Department of",DHS,DHS Office of Operations,(212) 361-8600,,,,33 Beaver St.,New York,NY,10004,City,,Green Book,
Masha Gindler,Civil Justice Coordinator,Human Resources Administration / Department of Social Services,HRA DSS,HRA Office of Homelessness Prevention Administration,(929) 221-6341,,,,150 Greenwich St.,New York,NY,10007,City,,Green Book,
(vacant),"Press Secretary, Press Relations and Communications",Human Resources Administration / Department of Social Services,HRA DSS,DSS Office of Strategy,,,,,150 Greenwich St.,New York,NY,10007,City,yes,Green Book,
Karen H. St. Hilaire,Chief Administrative Officer,Human Resources Administration / Department of Social Services,HRA DSS,"DSS Office of Diversity, Equity and Inclusion",(929) 221-7089,,,,150 Greenwich St.,New York,NY,10007,City,,Green Book,
Marcia James,"Deputy Commissioner, Investigation, Revenue & Enforcement Administration (IREA)",Human Resources Administration / Department of Social Services,HRA DSS,DSS Office of Accountability,(929) 252-3020,(212) 274-5600,,(212) 732-2118,150 Greenwich St.,New York,NY,10007,City,,Green Book,
Beatriz Fritschler,Deputy Commissioner,Human Resources Administration / Department of Social Services,HRA DSS,DSS Office of Strategy > Strategic Partnerships,(929) 221-7326,,,,150 Greenwich St.,New York,NY,10007,City,,Green Book,
(vacant),"Chief Information Officer, Information Technology Services","Homeless Services, Department of",DHS,DSS Office of Information Technology Services,(718) 510-8511,,,,33 Beaver St.,New York,NY,10004,City,yes,Green Book,
Joseph Sitro,"Assistant Deputy Commissioner, HRA Police Operations",Human Resources Administration / Department of Social Services,HRA DSS,DSS Office of Operations,(917) 418-8588,,,,150 Greenwich St.,New York,NY,10007,City,,Green Book,
Denise DePrima,"Deputy Commissioner, Labor Relations","Homeless Services, Department of",DHS,DSS Office of the Chief People Officer,(929) 221-5674,,,,33 Beaver St.,New York,NY,10004,City,,Green Book,
Craig Retchless,"Deputy Commissioner, Specialized Housing Services",Human Resources Administration / Department of Social Services,HRA DSS,HRA Office of Housing Services,(929) 221-6734,,,,150 Greenwich St.,New York,NY,10007,City,,Green Book,
(vacant),"Associate Commissioner, Adult Families, Veterans and Special Services","Homeless Services, Department of",DHS,DHS Office of Shelter Operations,,,,,33 Beaver St.,New York,NY,10004,City,yes,Green Book,
Kinsey Dinan,"Deputy Commissioner, Research and Policy Innovation",Human Resources Administration / Department of Social Services,HRA DSS,DSS Office of Program Performance and Financial Management,(929) 221-7349,,,,150 Greenwich St.,New York,NY,10007,City,,Green Book,
Asher Blachorsky,Executive Deputy Commissioner of Special Services,Human Resources Administration / Department of Social Services,HRA DSS,HRA Office of Special Services,(929) 221-5079,,,,150 Greenwich St.,New York,NY,10007,City,,Green Book,
Renee Campion,Commissioner,"Labor Relations, Office of",OLR,,,,,,22 Cortlandt St.,New York,NY,10007,City,,Green Book,
Bedros Boodanian,Chief Accountability Officer,Human Resources Administration / Department of Social Services,HRA DSS,DSS Office of Accountability,(212) 274-5600,,,,150 Greenwich St.,New York,NY,10007,City,,Green Book,
Xenia Maldonado,"Deputy Commissioner, Stakeholder Outreach and Engagement",Human Resources Administration / Department of Social Services,HRA DSS,HRA Office of Housing Services,(212) 361-0657,,,,150 Greenwich St.,New York,NY,10007,City,,Green Book,
Anand Sagar,"Deputy Commissioner, Revenue Reimbursement and Claiming Office",Human Resources Administration / Department of Social Services,HRA DSS,DSS Office of Program Performance and Financial Management,(929) 221-6046,,,,150 Greenwich St.,New York,NY,10007,City,,Green Book,
Eleonora Rivkin,Inspector General,"Law Department, Office of the Corporation Counsel",LAW,,(212) 825-2889,,,,100 Church St.,New York,NY,10007,City,,Green Book,
Eric Eichenholtz,Managing Attorney,"Law Department, Office of the Corporation Counsel",LAW,,(212) 356-2200,,,,100 Church St.,New York,NY,10007,City,,Green Book,
June Witterschein,"Director, Professional and Organizational Development","Law Department, Office of the Corporation Counsel",LAW,,(212) 356-4080,,,,100 Church St.,New York,NY,10007,City,,Green Book,
Kate O'Brien Ahlers,"Director, Internal Communications","Law Department, Office of the Corporation Counsel",LAW,,(212) 356-4001,,,,100 Church St.,New York,NY,10007,City,,Green Book,
Nicholas Paolucci,"Director, Public Affairs/Press Secretary","Law Department, Office of the Corporation Counsel",LAW,,(212) 356-4010,,,,100 Church St.,New York,NY,10007,City,,Green Book,
Richard Friedman,Agency Chief Contracting Officer,"Law Department, Office of the Corporation Counsel",LAW,,(212) 356-1024,,,,100 Church St.,New York,NY,10007,City,,Green Book,
Jennie Nagle-Indigoyen,Chief,"Law Department, Office of the Corporation Counsel",LAW,Administration,(212) 356-2020,,,,100 Church St.,New York,NY,10007,City,,Green Book,
Michelle Goldberg-Cahn,Chief,"Law Department, Office of the Corporation Counsel",LAW,Administrative Law and Regulatory Litigation,(212) 356-2199,,,,100 Church St.,New York,NY,10007,City,,Green Book,
Gail Rubin,Chief,"Law Department, Office of the Corporation Counsel",LAW,Affirmative Litigation,(212) 356-2030,,,,100 Church St.,New York,NY,10007,City,,Green Book,
Richard Dearing,Chief,"Law Department, Office of the Corporation Counsel",LAW,Appeals,(212) 356-2500,,,,100 Church St.,New York,NY,10007,City,,Green Book,
Amrita Barth,Chief,"Law Department, Office of the Corporation Counsel",LAW,Contracts and Real Estate,(212) 356-2050,,,,100 Church St.,New York,NY,10007,City,,Green Book,
Betty Woo,Chief,"Law Department, Office of the Corporation Counsel",LAW,Economic Development,(212) 356-2062,,,,100 Church St.,New York,NY,10007,City,,Green Book,
Hilary Meltzer,Chief,"Law Department, Office of the Corporation Counsel",LAW,Environmental Law,(212) 356-2070,,,,100 Church St.,New York,NY,10007,City,,Green Book,
Karen Griffin,Chief,"Law Department, Office of the Corporation Counsel",LAW,Ethics and Compliance,(212) 356-0845,,,,100 Church St.,New York,NY,10007,City,,Green Book,
Jennifer Gilroy-Ruiz,Chief,"Law Department, Office of the Corporation Counsel",LAW,Family Court,(212) 356-3202,,,,100 Church St.,New York,NY,10007,City,,Green Book,
Jason Kroll,Borough Chief,"Law Department, Office of the Corporation Counsel",LAW,Borough Offices > Bronx > Family Court,,,(718) 992-5100,,198 E. 161st St.,Bronx,NY,10451,City,,Green Book,
Matthew Connahan,Deputy Borough Chief,"Law Department, Office of the Corporation Counsel",LAW,Borough Offices > Bronx > Family Court,,,(718) 992-5100,,198 E. 161st St.,Bronx,NY,10451,City,,Green Book,
Sarrah Cherizard,Deputy Borough Chief,"Law Department, Office of the Corporation Counsel",LAW,Borough Offices > Bronx > Family Court,,,(718) 992-5100,,198 E. 161st St.,Bronx,NY,10451,City,,Green Book,
Shakoya Womack,Deputy Borough Chief,"Law Department, Office of the Corporation Counsel",LAW,Borough Offices > Bronx > Family Court,,,(718) 992-5100,,198 E. 161st St.,Bronx,NY,10451,City,,Green Book,
Stephanie Perez,Deputy Borough Chief,"Law Department, Office of the Corporation Counsel",LAW,Borough Offices > Bronx > Family Court,,,(718) 992-5100,,198 E. 161st St.,Bronx,NY,10451,City,,Green Book,
Paul Irace,Deputy Borough Chief,"Law Department, Office of the Corporation Counsel",LAW,Borough Offices > Bronx > Family Court,,,(718) 503-5200,,900 Sheridan Avenue,Bronx,NY,10451,City,,Green Book,
Shannon Ashford,Deputy Borough Chief,"Law Department, Office of the Corporation Counsel",LAW,Borough Offices > Bronx > Family Court,,,(718) 503-5200,,900 Sheridan Avenue,Bronx,NY,10451,City,,Green Book,
Steve Costigliacci,Deputy Borough Chief,"Law Department, Office of the Corporation Counsel",LAW,Borough Offices > Bronx > Family Court,,,(718) 503-5200,,900 Sheridan Avenue,Bronx,NY,10451,City,,Green Book,
Charles J. Rott,Borough Chief,"Law Department, Office of the Corporation Counsel",LAW,Borough Offices > Brooklyn > Family Court,,,(718) 222-2381,,350 Jay St.,Brooklyn,NY,11201,City,,Green Book,
Joshua Lieberson,Deputy Borough Chief,"Law Department, Office of the Corporation Counsel",LAW,Borough Offices > Brooklyn > Family Court,,,(718) 222-2381,,350 Jay St.,Brooklyn,NY,11201,City,,Green Book,
Theodora Andreopoulos,Deputy Borough Chief,"Law Department, Office of the Corporation Counsel",LAW,Borough Offices > Brooklyn > Family Court,,,(718) 222-2381,,350 Jay St.,Brooklyn,NY,11201,City,,Green Book,
Vanessa Facio-Lince,Deputy Borough Chief,"Law Department, Office of the Corporation Counsel",LAW,Borough Offices > Brooklyn > Family Court,,,(718) 222-2381,,350 Jay St.,Brooklyn,NY,11201,City,,Green Book,
Jose Arocho,Deputy Borough Chief,"Law Department, Office of the Corporation Counsel",LAW,Borough Offices > Manhattan > Family Court,,,(212) 356-1800,,52 Duane St.,New York,NY,10007,City,,Green Book,
Karen Seemen,Borough Chief,"Law Department, Office of the Corporation Counsel",LAW,Borough Offices > Manhattan > Family Court,,,(212) 356-1800,,52 Duane St.,New York,NY,10007,City,,Green Book,
Meredith Feuer,Borough Chief,"Law Department, Office of the Corporation Counsel",LAW,Borough Offices > Queens > Family Court,,,(718) 558-2200,,151-20 Jamaica Ave.,Jamaica,NY,11432,City,,Green Book,
Richard Fasano,Deputy Borough Chief,"Law Department, Office of the Corporation Counsel",LAW,Borough Offices > Queens > Family Court,,,(718) 558-2200,,151-20 Jamaica Ave.,Jamaica,NY,11432,City,,Green Book,
Lisa Donovan,Attorney-in-Charge,"Law Department, Office of the Corporation Counsel",LAW,Borough Offices > Staten Island > Family Court,,,(718) 390-5395,,60 Bay St.,Staten Island,NY,10301,City,,Green Book,
Peter G. Farrell,Chief,"Law Department, Office of the Corporation Counsel",LAW,General Litigation,(212) 356-3532,,,,100 Church St.,New York,NY,10007,City,,Green Book,
Elizabeth Kumar,"Deputy Commissioner, Office of Child Support Services (OCSS)",Human Resources Administration / Department of Social Services,HRA DSS,HRA Office of Programs,(929) 221-4363,,,,150 Greenwich St.,New York,NY,10007,City,,Green Book,
Joe Kroening,"Assistant Corporation Counsel, Tax & Bankruptcy","Law Department, Office of the Corporation Counsel",LAW,"Borough Offices > Kingston, New York",,,(845) 340-7208,,71 Smith Ave.,Kingston,NY,12401,City,,Green Book,
Linda Geary,"Assistant Corporation Counsel, Environmental Law","Law Department, Office of the Corporation Counsel",LAW,"Borough Offices > Kingston, New York",,,(845) 340-7208,,71 Smith Ave.,Kingston,NY,12401,City,,Green Book,
Maxwell Leighton,Chief,"Law Department, Office of the Corporation Counsel",LAW,Labor and Employment Law,(212) 356-4015,,,,100 Church St.,New York,NY,10007,City,,Green Book,
Jack Hupper,Chief,"Law Department, Office of the Corporation Counsel",LAW,Litigation Support and Information Management,(212) 356-4090,,,,100 Church St.,New York,NY,10007,City,,Green Book,
Jonathan Pinn,Chief,"Law Department, Office of the Corporation Counsel",LAW,Operations,(212) 356-4043,,,,100 Church St.,New York,NY,10007,City,,Green Book,
Nancy Savasta,Chief,"Law Department, Office of the Corporation Counsel",LAW,Risk Management,(212) 356-2682,,,,100 Church St.,New York,NY,10007,City,,Green Book,
Fay Leoussis,Chief,"Law Department, Office of the Corporation Counsel",LAW,Tort,(212) 356-3100,,,,100 Church St.,New York,NY,10007,City,,Green Book,
Michael Greenberg,Communications Director,"Management & Budget, Office of",OMB,,(212) 788-5800,,,,255 Greenwich St.,New York,NY,10007,City,,Green Book,
Karlyne Fequiere-Pierre,Borough Chief,"Law Department, Office of the Corporation Counsel",LAW,Borough Offices > Bronx > Tort,,,(718) 503-5030,,198 E. 161st St.,Bronx,NY,10451,City,,Green Book,
Stacey Salvo,"Deputy Borough Chief, Pre-Trials","Law Department, Office of the Corporation Counsel",LAW,Borough Offices > Bronx > Tort,,,(718) 503-5030,,198 E. 161st St.,Bronx,NY,10451,City,,Green Book,
Stephen Kim,"Deputy Borough Chief, Pre-Trials","Law Department, Office of the Corporation Counsel",LAW,Borough Offices > Bronx > Tort,,,(718) 503-5030,,198 E. 161st St.,Bronx,NY,10451,City,,Green Book,
Jonathan Klein,"Deputy Borough Chief, Trials","Law Department, Office of the Corporation Counsel",LAW,Borough Offices > Bronx > Tort,,,(718) 503-5030,,851 Grand Concourse,Bronx,NY,10451,City,,Green Book,
Harry Panagos,"Deputy Borough Chief, Pre-Trial","Law Department, Office of the Corporation Counsel",LAW,Borough Offices > Brooklyn > Tort,,,(718) 222-2000,,350 Jay St.,Brooklyn,NY,11201,City,,Green Book,
(vacant),"Deputy Borough Chief, Trials","Law Department, Office of the Corporation Counsel",LAW,Borough Offices > Brooklyn > Tort,,,(718) 222-2000,,350 Jay St.,Brooklyn,NY,11201,City,yes,Green Book,
Yolanda Guadagnoli,Borough Chief,"Law Department, Office of the Corporation Counsel",LAW,Borough Offices > Brooklyn > Tort,,,(718) 222-2000,,350 Jay St.,Brooklyn,NY,11201,City,,Green Book,
Adilia Gonzalez-Harris,Borough Chief,"Law Department, Office of the Corporation Counsel",LAW,Borough Offices > Manhattan > Tort,(212) 356-2720,,(212) 356-2725,,233 Broadway,New York,NY,10007,City,,Green Book,
Michael Chadirjian,"Deputy Borough Chief, Pre-Trial","Law Department, Office of the Corporation Counsel",LAW,Borough Offices > Manhattan > Tort,,,(212) 356-2725,,233 Broadway,New York,NY,10007,City,,Green Book,
Travis Podesta,"Deputy Borough Chief, Trial","Law Department, Office of the Corporation Counsel",LAW,Borough Offices > Manhattan > Tort,,,(212) 356-2725,,233 Broadway,New York,NY,10007,City,,Green Book,
Brian Cody,Borough Chief,"Law Department, Office of the Corporation Counsel",LAW,Borough Offices > Queens > Tort,,,(718) 558-2100,,89-17 Sutphin Blvd.,Jamaica,NY,11435,City,,Green Book,
Nicole Suares-Douglas,Deputy Borough Chief,"Law Department, Office of the Corporation Counsel",LAW,Borough Offices > Queens > Tort,,,(718) 558-2100,,89-17 Sutphin Blvd.,Jamaica,NY,11435,City,,Green Book,
Patrick Mantione,Deputy Borough Chief,"Law Department, Office of the Corporation Counsel",LAW,Borough Offices > Queens > Tort,,,(718) 558-2100,,89-17 Sutphin Blvd.,Jamaica,NY,11435,City,,Green Book,
Ann Broderick,Senior Counsel,"Law Department, Office of the Corporation Counsel",LAW,Borough Offices > Staten Island > Tort,,,(718) 447-5983,,60 Bay St.,Staten Island,NY,10301,City,,Green Book,
Paul Zaragoza,Chief,"Law Department, Office of the Corporation Counsel",LAW,Workers Compensation,(718) 724-5400,,,,100 Church St.,New York,NY,10007,City,,Green Book,
Daniel A. Ciniello,President,Lower Manhattan Development Corporation,LMDC,,,,,,22 Cortlandt St.,New York,NY,10007,City,,Green Book,
Matthew Gorton,Media Inquiries,Lower Manhattan Development Corporation,LMDC,,(917) 583-0982,,,,22 Cortlandt St.,New York,NY,10007,City,,Green Book,
David Womack,Deputy Director,"Management & Budget, Office of",OMB,,(212) 788-5800,,,,255 Greenwich St.,New York,NY,10007,City,,Green Book,
Joseph Taranto,Chief of Staff,"Management & Budget, Office of",OMB,,(212) 788-5800,,,,255 Greenwich St.,New York,NY,10007,City,,Green Book,
Joshua Goldstein,Deputy Director,"Management & Budget, Office of",OMB,,(212) 788-5800,,,,255 Greenwich St.,New York,NY,10007,City,,Green Book,
Katherine Coletti,Associate Director,"Management & Budget, Office of",OMB,,(212) 788-5800,,,,255 Greenwich St.,New York,NY,10007,City,,Green Book,
Latonia McKinney,Senior Deputy Director,"Management & Budget, Office of",OMB,,(212) 788-5800,,,,255 Greenwich St.,New York,NY,10007,City,,Green Book,
Lia Cairone,Associate Director,"Management & Budget, Office of",OMB,,(212) 788-5800,,,,255 Greenwich St.,New York,NY,10007,City,,Green Book,
Sallina Yung,Associate Director,"Management & Budget, Office of",OMB,,(212) 788-5800,,,,255 Greenwich St.,New York,NY,10007,City,,Green Book,
Tara Boirard,Senior Deputy Director,"Management & Budget, Office of",OMB,,(212) 788-5800,,,,255 Greenwich St.,New York,NY,10007,City,,Green Book,
Denise Fleming,Office of Federal Affairs Director,"Mayor, Office of the",OOM,Office of Federal Affairs,,,(202) 624-5900,,601 New Jersey Avenue NW,Washington,DC,20001,City,,Green Book,
Charin Winker,"Deputy Commissioner, Chief Financial Officer",Citywide Administrative Services,DCAS,Fiscal & Business Management,,,,,1 Centre St.,New York,NY,10007,City,,Green Book,
Norman Dong,"Assistant Commissioner, Leasing & Acquisitions",Citywide Administrative Services,DCAS,Real Estate Services,(212) 386-0548,,,,1 Centre St.,New York,NY,10007,City,,Green Book,
Dawn Tolson,Director,"Mayor, Office of the",OOM,Office of Citywide Events Coordination & Management/Street Activity Permit Office,,,(212) 788-7418,,253 Broadway,New York,NY,10007,City,,Green Book,
Shaminder Chawla,Deputy Director,"Mayor, Office of the",OOM,Mayor's Office of Environmental Remediation (OER),,,(212) 788-8841,,100 Gold St.,New York,NY,10038,City,,Green Book,
Rashad LeMonier,"Assistant Commissioner, Citywide Procurement Operations",Citywide Administrative Services,DCAS,Office of Citywide Procurement,(212) 386-0412,,(718) 416-8703,,1 Centre St.,New York,NY,10007,City,,Green Book,
Ali Najmi,Chair,"Mayor, Office of the",OOM,Mayor's Advisory Committee on the Judiciary,,,(212) 788-6800,,100 Gold St.,New York,NY,10038,City,,Green Book,
Darrell M. Agostino,Clerk of the Court,"New York State Supreme Court Appellate Division - Second Department (includes Kings, Queens and Richmond Counties )",,Administration,,,,,45 Monroe Pl.,Brooklyn,NY,11201,Courts,,Green Book,
Kathy Wu Parrino,Executive Director,"New York State Supreme Court Appellate Division - Second Department (includes Kings, Queens and Richmond Counties )",,"Committees on Character & Fitness 2nd, 9th, 10th, 11th & 13th Judicial Districts",,,(718) 923-6360,,335 Adams St.,Brooklyn,NY,11201,Courts,,Green Book,
Seth Kramer,Vice President & Deputy General Counsel for Public Admin. & Admin. Law,"Housing Authority, NYC",NYCHA,Legal Affairs & General Counsel,(212) 776-5206,,,,90 Church St.,New York,NY,10007,City,,Green Book,
"Jennifer R. Chan, Esq.",Chief Clerk,"New York State Supreme Court Appellate Division - Second Department (includes Kings, Queens and Richmond Counties )",,"Appellate Term of Appellate Division, Second Department",,,(347) 401-9580,,141 Livingston St.,Brooklyn,NY,11201,Courts,,Green Book,
Rafael Espinal,Commissioner,"Media and Entertainment, Mayor's Office of",MOME,,,,,,1 Centre St.,New York,NY,10007,City,,governance dataset,Patricia Swinney Kaufman
Kwame Amoaku,"Deputy Commissioner, Film Office","Media and Entertainment, Mayor's Office of",MOME,Film Office,,,(212) 489-6710,,1697 Broadway,New York,NY,10019,City,,Green Book,
Karen Johnson,"General Manager, NYC Media","Media and Entertainment, Mayor's Office of",MOME,NYC Media,,,(212) 602-7400,,1 Centre St.,New York,NY,10007,City,,Green Book,
Samer Nasser,Executive Director,"Media and Entertainment, Mayor's Office of",MOME,Press Credentials Office,,,(212) 602-7408,,1 Centre St.,New York,NY,10007,City,,Green Book,
Anthony W. Marx,President & Chief Executive Officer,New York Public Library,NYPL,,,,,,Fifth Ave. & 42nd St.,New York,NY,10018,City,,Green Book,
Corinne Schiff,Deputy Commissioner,"Health & Mental Hygiene, Department of",DOHMH,Division of Environmental Health,(646) 632-6496,,,,125 Worth St.,New York,NY,10013,City,,Green Book,
Stephanie Silkowski,Director,"Mayor, Office of the",OOM,Mayor's Office of Appointments,,,(212) 676-3295,,253 Broadway,New York,NY,10007,City,,Green Book,
Andrew Faciano MPH,Assistant Commissioner,"Health & Mental Hygiene, Department of",DOHMH,Division of Environmental Health > Bureau of Environmental Disease and Injury Prevention,(646) 632-6086,,,,125 Worth St.,New York,NY,10013,City,,Green Book,
Ashley Iodice,"Chief Assistant, Corporation Counsel and Chief of Staff","Law Department, Office of the Corporation Counsel",LAW,,(212) 356-2076,,,,100 Church St.,New York,NY,10007,City,,Green Book,
Kyle Markland,CEO,Municipal Credit Union,MCU,,,,,,22 Cortlandt St.,New York,NY,10007,City,,Green Book,
William Kalish,Borough Chief Clerk,New York City Courts,,Criminal Court of the City of New York > Bronx County,(718) 618-3140,,(718) 618-3100,,215 E. 161st St.,Bronx,NY,10451,Courts,,Green Book,
Ryan Pratt,Chief Court Attorney,"New York State Supreme Court Appellate Division - Second Department (includes Kings, Queens and Richmond Counties )",,Administration,,,,,45 Monroe Pl.,Brooklyn,NY,11201,Courts,,Green Book,
Dylan Baker-Rice,Deputy Chief Asset & Capital Management Officer,"Housing Authority, NYC",NYCHA,Asset and Capital Management,(212) 306-3021,,,,90 Church St.,New York,NY,10007,City,,Green Book,
Gladys Maldonado,Clerk of the County,New York City Courts,,Civil Court of the City Of New York > Bronx County > Civil Claims & Small Claims,(718) 618-2500,,(718) 618-2563,,851 Grand Concourse,Bronx,NY,10451,Courts,,Green Book,
Gladys Maldonado,Clerk of the County,New York City Courts,,Civil Court of the City Of New York > Bronx County > Housing Claims,(718) 466-3005,,(718) 466-3000,,1118 Grand Concourse,Bronx,NY,10456,Courts,,Green Book,
Dawn M. Hill-Kearse,Clerk of the County,New York City Courts,,Civil Court of the City Of New York > Kings County,(347) 404-9133,,(347) 404-9201,,141 Livingston St.,Brooklyn,NY,11201,Courts,,Green Book,
Charles Blaha,Borough Chief Clerk,New York City Courts,,Criminal Court of the City of New York > Kings County,(347) 404-9500,,(347) 404-9400,,120 Schermerhorn St.,Brooklyn,NY,11201,Courts,,Green Book,
(vacant),Assistant Deputy Chief Clerk,New York City Courts,,Criminal Court of the City of New York > Midtown Community Court,(646) 264-1320,,(646) 264-1308,,314 W. 54th St.,New York,NY,10019,Courts,yes,Green Book,
James Smoot,Deputy Chief Clerk V,New York City Courts,,Criminal Court of the City of New York > New York City Summons Part,(646) 386-4937,,(646) 386-4900,,1 Centre St.,New York,NY,10007,Courts,,Green Book,
Tanya Faye,Clerk of the County,New York City Courts,,Civil Court of the City Of New York > New York County,(646) 386-5730,,(646) 386-5600,,111 Centre St.,New York,NY,10013,Courts,,Green Book,
Arlethia Howard,Borough Chief Clerk,New York City Courts,,Criminal Court of the City of New York > New York County,(646) 386-4520,,(646) 386-4545,,100 Centre St.,New York,NY,10013,Courts,,Green Book,
Cea Weaver,Director,"Mayor, Office of the",OOM,Mayor's Office to Protect Tenants,,,(212) 788-3000,,253 Broadway,New York,NY,10007,City,,Green Book,
Douglas Lipari,Executive Director,"Mayor, Office of the",OOM,Mayor's Office of Talent and Workforce Development,,,(212) 788-3000,,253 Broadway,New York,NY,10007,City,,Green Book,
Birdena Frye,Clerk of the County,New York City Courts,,Civil Court of the City Of New York > Queens County,(718) 262-7300,,(718) 262-7145,,89-17 Sutphin Blvd.,Jamaica,NY,11435,Courts,,Green Book,
Carolyn Christiansen,Borough Chief Clerk,New York City Courts,,Criminal Court of the City of New York > Queens County,(718) 298-0786,,(718) 298-0736,,125-01 Queens Blvd.,Kew Gardens,NY,11415,Courts,,Green Book,
(vacant),Assistant Deputy Chief Clerk,New York City Courts,,Criminal Court of the City of New York > Red Hook Community Justice Center,(718) 923-8271,,(718) 923-8270,,88-94 Visitation Pl.,Brooklyn,NY,11231,Courts,yes,Green Book,
Mary Shine,Clerk of the County,New York City Courts,,Civil Court of the City Of New York > Richmond County,(718) 675-8459,,(718) 675-8460,,927 Castleton Avenue,Staten Island,NY,10310,Courts,,Green Book,
Ada Molina,Borough Chief Clerk,New York City Courts,,Criminal Court of the City of New York > Richmond County,(718) 675-8522,,(718) 675-8555,,26 Central Ave.,Staten Island,NY,10301,Courts,,Green Book,
Renita Francois,Deputy Mayor for Community Safety,"Mayor, Office of the",OOM,Deputy Mayor for Community Safety,,,(212) 788-3000,,City Hall,New York,NY,10007,City,,Green Book,
Eva Wong,Director,"Mayor, Office of the",OOM,Mayor's Office of Community Mental Health,,,911,,253 Broadway,New York,NY,10007,City,,Green Book,
Alithia Rodriguez-Rolon,State Legislative Affairs Director,"Mayor, Office of the",OOM,State Legislative Affairs,,,(518) 447-5200,,119 Washington Ave.,Albany,NY,12210,City,,Green Book,
Carson Hicks,Executive Director,"Mayor, Office of the",OOM,Mayor's Office for Economic Opportunity,,,(212) 788-3000,,253 Broadway,New York,NY,10007,City,,Green Book,
(vacant),General Counsel,Citywide Administrative Services,DCAS,Office of the General Counsel,(212) 386-6231,,,,1 Centre St.,New York,NY,10007,City,yes,Green Book,
Louise Yeung,Chief Climate Officer,"Mayor, Office of the",OOM,Mayor's Office of Climate and Environmental Justice,,,,,253 Broadway,New York,NY,10007,City,,Green Book,
Abby S. Milstein,Chair of the New York Public Library's Board of Trustees,New York Public Library,NYPL,,,,,,Fifth Ave. & 42nd St.,New York,NY,10018,City,,Green Book,
Richard Dearing,Chief Executive Assistant Corporation Counsel and Chief of Appeals,"Law Department, Office of the Corporation Counsel",LAW,,(212) 356-2500,,,,100 Church St.,New York,NY,10007,City,,Green Book,
Brent Reidy,Andrew W. Mellon Director of the Research Libraries,New York Public Library,NYPL,,(212) 930-0674,,,,Fifth Ave. & 42nd St.,New York,NY,10018,City,,Green Book,
Brian Bannon,Merryl and James Tisch Director of Branch Libraries and Education,New York Public Library,NYPL,,(212) 621-0587,,,,Fifth Ave. & 42nd St.,New York,NY,10018,City,,Green Book,
Caryl Matute,"Vice President, Branch Libraries & Patron Services",New York Public Library,NYPL,,(917) 229-9764,,,,Fifth Ave. & 42nd St.,New York,NY,10018,City,,Green Book,
David Lem,"Vice President, Capital Planning & Construction",New York Public Library,NYPL,,(212) 621-0595,,,,Fifth Ave. & 42nd St.,New York,NY,10018,City,,Green Book,
Fay Rosenfeld,"Vice President, Public Programs",New York Public Library,NYPL,,(212) 930-0827,,,,Fifth Ave. & 42nd St.,New York,NY,10018,City,,Green Book,
Garfield Swaby,"Vice President, Information Technology",New York Public Library,NYPL,,(212) 621-0263,,,,Fifth Ave. & 42nd St.,New York,NY,10018,City,,Green Book,
Geetanjali Gupta,Chief Investment Officer,New York Public Library,NYPL,,(212) 592-7405,,,,Fifth Ave. & 42nd St.,New York,NY,10018,City,,Green Book,
George Mihaltses,"Vice President, Government & Community Affairs",New York Public Library,NYPL,,(212) 930-0051,,,,Fifth Ave. & 42nd St.,New York,NY,10018,City,,Green Book,
Gesille Dixon,"Vice President, Branch Programs & Services",New York Public Library,NYPL,,(212) 340-0847,,,,Fifth Ave. & 42nd St.,New York,NY,10018,City,,Green Book,
Iris Weinshall,Chief Operating Officer & Treasurer,New York Public Library,NYPL,,(212) 930-0600,,,,Fifth Ave. & 42nd St.,New York,NY,10018,City,,Green Book,
Jadrien Steele,"Vice President, Development",New York Public Library,NYPL,,(212) 930-0852,,,,Fifth Ave. & 42nd St.,New York,NY,10018,City,,Green Book,
Jennifer Fermino,"Vice President, Communications and Marketing",New York Public Library,NYPL,,(212) 592-7506,,,,Fifth Ave. & 42nd St.,New York,NY,10018,City,,Green Book,
Sam Rubin,Chief of Staff,New York Public Library,NYPL,,(212) 930-0702,,,,Fifth Ave. & 42nd St.,New York,NY,10018,City,,Green Book,
Shannon Sharp,Chief Financial Officer and Assistant Treasurer,New York Public Library,NYPL,,(212) 621-0241,,,,Fifth Ave. & 42nd St.,New York,NY,10018,City,,Green Book,
Terrance Neal,"Vice President, Human Resources",New York Public Library,NYPL,,(212) 592-7320,,,,Fifth Ave. & 42nd St.,New York,NY,10018,City,,Green Book,
Joy Bivins,Director,New York Public Library,NYPL,Schomburg Center For Research In Black Culture,,,,,515 Malcolm X. Blvd.,New York,NY,10037,City,,Green Book,
Matthew Knutzen,"Uris Director, Humanities & Social Sciences Research Divisions/Stephen A. Schwarzman Bldg.",New York Public Library,NYPL,Stephen A. Schwarzman Building,,,,,Fifth Ave. & 42nd St.,New York,NY,10018,City,,Green Book,
Sherise Ellison,Chief Clerk,New York State Supreme Court - Eleventh Judicial District (Queens County),,NYS Supreme Court - Criminal Term,(718) 298-1408,,(718) 298-1515,,125-01 Queens Blvd.,Kew Gardens,NY,11415,Courts,,Green Book,
Anne Leehmann,Director,New York Public Library,NYPL,The Thomas Yoseloff Business Center,(212) 592-7057,,,,455 Fifth Ave.,New York,NY,10016,City,,Green Book,
Kenneth Fay,Chief Clerk,New York State Supreme Court - Thirteenth Judicial District (Richmond County),,Administration,(718) 675-8705,,(718) 675-8701,,26 Central Ave.,Staten Island,NY,10301,Courts,,Green Book,
Stephen J. Fiala,County Clerk and Clerk of the Court,New York State Supreme Court - Thirteenth Judicial District (Richmond County),,Administration,(718) 675-7700,,(718) 675-8701,,26 Central Ave.,Staten Island,NY,10301,Courts,,Green Book,
Eric Schumacher,Deputy Clerk,New York State Supreme Court Appellate Division - First Department (New York and Bronx County),,Administration,,,,,27 Madison Ave.,New York,NY,10010,Courts,,Green Book,
Margaret O. Sowah,Deputy Clerk,New York State Supreme Court Appellate Division - First Department (New York and Bronx County),,Administration,,,,,27 Madison Ave.,New York,NY,10010,Courts,,Green Book,
Matthew V. Grieco,Chief Court Attorney,New York State Supreme Court Appellate Division - First Department (New York and Bronx County),,Administration,,,,,27 Madison Ave.,New York,NY,10010,Courts,,Green Book,
Susanna M. Rojas,Clerk of the Court,New York State Supreme Court Appellate Division - First Department (New York and Bronx County),,Administration,,,,,27 Madison Ave.,New York,NY,10010,Courts,,Green Book,
Frank Polizano,Chief Clerk,New York State Supreme Court Appellate Division - First Department (New York and Bronx County),,Appellate Term-First Judicial Department,,,,,60 Centre St.,New York,NY,10007,Courts,,Green Book,
Kathryn Demarest,Chief Court Attorney,New York State Supreme Court Appellate Division - First Department (New York and Bronx County),,Appellate Term-First Judicial Department,,,,,60 Centre St.,New York,NY,10007,Courts,,Green Book,
P. J. Garone,Court Clerk Specialist,New York State Supreme Court Appellate Division - First Department (New York and Bronx County),,Appellate Term-First Judicial Department,,,,,60 Centre St.,New York,NY,10007,Courts,,Green Book,
Abigail T. Reardon,Chair,New York State Supreme Court Appellate Division - First Department (New York and Bronx County),,"Attorney Grievance Committee, First Judicial Department",,,(212) 401-0800,,180 Maiden Lane,New York,NY,10038,Courts,,Green Book,
Jorge Dopico,Chief Attorney,New York State Supreme Court Appellate Division - First Department (New York and Bronx County),,"Attorney Grievance Committee, First Judicial Department",,,(212) 401-0800,,180 Maiden Lane,New York,NY,10038,Courts,,Green Book,
Robert J. Anello,Chair,New York State Supreme Court Appellate Division - First Department (New York and Bronx County),,"Attorney Grievance Committee, First Judicial Department",,,(212) 401-0800,,180 Maiden Lane,New York,NY,10038,Courts,,Green Book,
"Peter J. Johnson, Jr.",Chair,New York State Supreme Court Appellate Division - First Department (New York and Bronx County),,"Committee on Character and Fitness of Applicants for Admission to the Bar, First Judicial Department",,,(646) 386-5893,,41 Madison Ave.,New York,NY,10010,Courts,,Green Book,
Trey Moynihan,Executive Director,"Mayor, Office of the",OOM,Mayor's Office of Special Projects & Community Events,,,(212) 788-2569,,253 Broadway,New York,NY,10007,City,,Green Book,
Annie Elisa Minguez,Executive Director,"Mayor, Office of the",OOM,Mayor's Office for Non-Profit Services,,,(212) 748-0208,,253 Broadway,New York,NY,10007,City,,Green Book,
Julia Kerson,Deputy Mayor for Operations,"Mayor, Office of the",OOM,Deputy Mayor for Operations,,,(212) 788-3000,,City Hall,New York,NY,10007,City,,Green Book,
Catherine A. Sheridan,Chief Attorney,"New York State Supreme Court Appellate Division - Second Department (includes Kings, Queens and Richmond Counties )",,NYS Grievance Committee for the 10th Judicial District,,,(631) 231-3775,,150 Motor Pkwy.,Hauppauge,NY,11788,Courts,,Green Book,
Dean Fuleihan,First Deputy Mayor,"Mayor, Office of the",OOM,First Deputy Mayor,,,(212) 788-3000,,City Hall,New York,NY,10007,City,,Green Book,
Siddharta Sanchez,Executive Director,"Mayor, Office of the",OOM,Mayor's Office of Food Policy,(212) 788-1545,,(212) 788-3000,,253 Broadway,New York,NY,10007,City,,Green Book,
Mir Bashar,Chief Administrative Officer,"Mayor, Office of the",OOM,Administrative Services,,,(212) 788-2400,,100 Gold St.,New York,NY,10038,City,,Green Book,
Eugene A. Preudhomme,Principal Law Librarian,New York State Supreme Court Libraries (New York City),,First Department (New York & Bronx counties) > Appellate Division,,,(212) 340-0478,,27 Madison Ave.,New York,NY,10010,Courts,,Green Book,
Helen Akulich,Principal Law Librarian,New York State Supreme Court Libraries (New York City),,"Second Department (Kings, Queens & Richmond counties) > Appellate Division",(718) 722-6356,,,(646) 963-6419,45 Monroe Pl.,Brooklyn,NY,11201,Courts,,Green Book,
Ian Ustick,Principal Law Librarian,New York State Supreme Court Libraries (New York City),,"First Department (New York & Bronx counties) > Supreme Court -12th Judicial District, Bronx County",,,(718) 618-3710,,851 Grand Concourse,Bronx,NY,10451,Courts,,Green Book,
David Chandler,Chief Attorney,"New York State Supreme Court Appellate Division - Second Department (includes Kings, Queens and Richmond Counties )",,"NYS Grievance Committee for the 2nd, 11th & 13th Judicial Districts",,,(718) 923-6300,,335 Adams St.,Brooklyn,NY,11201,Courts,,Green Book,
Cynthia Hammond,Supervising Court Attorney,New York State Surrogate's Court - Kings County,,,(347) 404-9700,,,,2 Johnson St.,Brooklyn,NY,11201,Courts,,Green Book,
Kim N. Stephens,Deputy Chief Clerk,New York State Surrogate's Court - Kings County,,,(347) 404-9700,,,,2 Johnson St.,Brooklyn,NY,11201,Courts,,Green Book,
Lisa R. Mathis,Chief Clerk,New York State Surrogate's Court - Kings County,,,(347) 404-9700,,,,2 Johnson St.,Brooklyn,NY,11201,Courts,,Green Book,
Mary Kim,Supervising Court Attorney,New York State Surrogate's Court - Kings County,,,(347) 404-9700,,,,2 Johnson St.,Brooklyn,NY,11201,Courts,,Green Book,
Emily Liss,Executive Director,"Mayor, Office of the",OOM,Office of Child Care and Early Childhood Education,,,,,253 Broadway,New York,NY,10007,City,,Green Book,
Nicole Van Gendt,Vice President for Legal Affairs & First Deputy General Counsel,"Housing Authority, NYC",NYCHA,Legal Affairs & General Counsel,(212) 776-5058,,,,90 Church St.,New York,NY,10007,City,,Green Book,
Sarah Mallory,Chief of Staff,"Housing Authority, NYC",NYCHA,,(212) 306-8728,,,,90 Church St.,New York,NY,10007,City,,Green Book,
Michael Garner,Chief Business Diversity Officer,"Mayor, Office of the",OOM,Office of Minority & Women Owned Business Enterprises,,,(212) 748-0297,,City Hall,New York,NY,10007,City,,Green Book,
Janet Edwards Tucker,Chief Clerk,New York State Surrogate's Court - Queens County,,,(718) 298-0401,,,,88-11 Sutphin Blvd.,Jamaica,NY,11435,Courts,,Green Book,
PJ Berg,"Deputy Commissioner, Real Estate Services",Citywide Administrative Services,DCAS,Real Estate Services,,,,,1 Centre St.,New York,NY,10007,City,,Green Book,
Angelica Montemarano,Law Secretary,New York State Surrogate's Court - Richmond County,,,(718) 675-8513,,,,18 Richmond Terr.,Staten Island,NY,10301,Courts,,Green Book,
Eva-Marie Cusack,Court Attorney Referee,New York State Surrogate's Court - Richmond County,,,(718) 675-9505,,,,18 Richmond Terr.,Staten Island,NY,10301,Courts,,Green Book,
Jane E. Stilwell,Deputy Chief Clerk,New York State Surrogate's Court - Richmond County,,,(718) 675-8502,,,,18 Richmond Terr.,Staten Island,NY,10301,Courts,,Green Book,
Matthew J. Titone,Surrogate,New York State Surrogate's Court - Richmond County,,,(718) 675-8505,,,,18 Richmond Terr.,Staten Island,NY,10301,Courts,,Green Book,
Robert W. Soos,Court Attorney Referee,New York State Surrogate's Court - Richmond County,,,(718) 675-8507,,,,18 Richmond Terr.,Staten Island,NY,10301,Courts,,Green Book,
Ronald M. Cerrachio,Chief Clerk,New York State Surrogate's Court - Richmond County,,,(718) 675-8504,(718) 675-8503,,,18 Richmond Terr.,Staten Island,NY,10301,Courts,,Green Book,
Jeffrey Valentine,First Deputy Chief Clerk,New York State Supreme Court - Eleventh Judicial District (Queens County),,NYS Supreme Court - Criminal Term,(718) 298-1408,,(718) 298-1515,,125-01 Queens Blvd.,Kew Gardens,NY,11415,Courts,,Green Book,
Erin Pilnyak,Director,"Mayor, Office of the",OOM,Office of Risk Management and Compliance,,,(212) 788-3000,,22 Reade St.,New York,NY,10007,City,,Green Book,
Rosemary F. De Bellis,General Counsel,NYC Fire Pension Fund,,,(929) 436-0099,,,,1 Battery Park Plaza,New York,NY,10004,City,,Green Book,
Jaclyn Sullivan,Senior Vice President for Healthy Homes,"Housing Authority, NYC",NYCHA,Operations,(718) 707-7745,,,,90 Church St.,New York,NY,10007,City,,Green Book,
Simonia Brown,Policy Director,"Mayor, Office of the",OOM,Mayor's Office of Policy and Planning,(646) 576-5899,,,,22 Reade St.,New York,NY,10007,City,,Green Book,
Annie Levers,Director,"Mayor, Office of the",OOM,Mayor's Office of Operations,,,(212) 788-1400,,253 Broadway,New York,NY,10007,City,,Green Book,
Bitta Mostofi,Special Advisor for Strategic Coordination and Operations to the First Deputy Mayor,"Mayor, Office of the",OOM,Chief Efficiency Office,,,(212) 788-3000,,22 Reade St.,New York,NY,10007,City,,Green Book,
Bridget G. Brennan,Special Narcotics Prosecutor,Office Of Special Narcotics,,,,,,,80 Centre St.,New York,NY,10013,County,,Green Book,
Joseph Tesoriero,"Chief, Investigation Division",Office Of Special Narcotics,,,(212) 815-0912,,,,80 Centre St.,New York,NY,10013,County,,Green Book,
Kati Cornell,Public Information Director,Office Of Special Narcotics,,,(212) 815-0525,,,,80 Centre St.,New York,NY,10013,County,,Green Book,
Lisa DePasquale,"Chief, Trial Division",Office Of Special Narcotics,,,(212) 815-0553,,,,80 Centre St.,New York,NY,10013,County,,Green Book,
Steven Goldstein,Chief Assistant District Attorney,Office Of Special Narcotics,,,(212) 815-0913,,,,80 Centre St.,New York,NY,10013,County,,Green Book,
William Cook,Chief Investigator,Office Of Special Narcotics,,,(212) 815-0177,,,,80 Centre St.,New York,NY,10013,County,,Green Book,
Luz Fontana,Chief of Staff,Office of Technology & Innovation,OTI,,(212) 788-5700,,,,375 Pearl St.,New York,NY,10038,City,,Green Book,
Lisa Gelobter,Chief Technology Officer & Commissioner,Office of Technology & Innovation,OTI,,(212) 788-5700,,,,375 Pearl St.,New York,NY,10038,City,,governance dataset,Matthew C. Fraser
Kelly Moan,"Deputy Commissioner, Chief Information Security Officer",Office of Technology & Innovation,OTI,Cyber Command,(718) 804-1926,,,,375 Pearl St.,New York,NY,10038,City,,Green Book,
Hilary Semel,Director,"Mayor, Office of the",OOM,Mayor's Office of Environmental Coordination (MOEC),,,(212) 788-6801,,100 Gold St.,New York,NY,10038,City,,Green Book,
Hortensia Richards,"Assistant Commissioner, Human Resources",Citywide Administrative Services,DCAS,Administration,(212) 386-0374,,,,1 Centre St.,New York,NY,10007,City,,Green Book,
Tasha Van Auken,Commissioner,"Mayor, Office of the",OOM,Office of Mass Engagement,,,(212) 788-7418,,253 Broadway,New York,NY,10007,City,,Green Book,
Jahmila Edwards,Intergovernmental Affairs Director,"Mayor, Office of the",OOM,Office of Intergovernmental Affairs,,,(212) 788-3000,,City Hall,New York,NY,10007,City,,Green Book,
Eric Bilal,Executive Director,"Mayor, Office of the",OOM,Public Design Commission of the City of New York,,,(212) 788-3091,,City Hall,New York,NY,10007,City,,Green Book,
Anna Maria Archila,Commissioner,"Mayor, Office of the",OOM,Mayor's Office for International Affairs,,,(212) 319-9300,,2 United Nations Plaza,New York,NY,10017,City,,Green Book,
Roman Paprocki,Deputy Commissioner of Administration,Citywide Administrative Services,DCAS,Administration,(212) 386-0388,,,,1 Centre St.,New York,NY,10007,City,,Green Book,
Grace Han,Deputy Chief of Staff to the Mayor,"Mayor, Office of the",OOM,Mayor's Office of Correspondence,,,(212) 788-2876,,100 Gold St.,New York,NY,10038,City,,Green Book,
Saloni Sethi,Commissioner,"Mayor, Office of the",OOM,Mayor's Office to End Domestic and Gender-Based Violence (ENDGBV),,,(212) 788-3156,,100 Gold St.,New York,NY,10038,City,,Green Book,
Elsa Hampton,Executive Director & Chief EEO Officer,Office of Technology & Innovation,OTI,EEO & Diversity Management,(718) 403-8513,,,,375 Pearl St.,New York,NY,10038,City,,Green Book,
Janine Gilbert,Chief Diversity Officer &amp; Chief Minority Women Business-owned Enterprise (MWBE) Officer,Office of Technology & Innovation,OTI,EEO & Diversity Management,(718) 403-1988,,,,375 Pearl St.,New York,NY,10038,City,,Green Book,
Stacy Gardener,Senior Director of External Affairs,Office of Technology & Innovation,OTI,External Affairs & Communications,(718) 804-6930,,,,375 Pearl St.,New York,NY,10038,City,,Green Book,
Andrew Sein,Inspector General,Office of Technology & Innovation,OTI,Inspector General,(212) 825-5967,,,,180 Maiden Lane,New York,NY,10038,City,,Green Book,
Eleonora Rivkin,Inspector General,Office of Technology & Innovation,OTI,Inspector General,(646) 334-2088,,,,180 Maiden Lane,New York,NY,10038,City,,Green Book,
John Winker,Financial Services,Office of Technology & Innovation,OTI,Management & Budget,(718) 403-1957,,,,375 Pearl St.,New York,NY,10038,City,,Green Book,
Robert Aboulafia,Procurement &amp; Vendor Management,Office of Technology & Innovation,OTI,Management & Budget,(718) 403-8677,,,,375 Pearl St.,New York,NY,10038,City,,Green Book,
(vacant),Deputy Commissioner,Office of Technology & Innovation,OTI,Management & Budget,(332) 215-5156,,,,375 Pearl St.,New York,NY,10038,City,yes,Green Book,
Joseph Morrisroe,Deputy Commissioner & Executive Director,Office of Technology & Innovation,OTI,NYC 311,(212) 504-4626,,,,375 Pearl St.,New York,NY,10038,City,,Green Book,
Martha Norrick,Deputy Commissioner & Chief Data Science Analytics Officer,Office of Technology & Innovation,OTI,Office Of Data & Analytics,(718) 403-8008,,,,375 Pearl St.,New York,NY,10038,City,,Green Book,
Michael Fitzpatrick,Deputy Commissioner &amp; Chief Privacy Officer,Office of Technology & Innovation,OTI,Office of Information Privacy,(718) 923-3806,,,,375 Pearl St.,New York,NY,10038,City,,Green Book,
Chantal Senatus,"Deputy Commissioner, Legal Affairs",Office of Technology & Innovation,OTI,Office of the General Counsel,(718) 403-8154,,,,375 Pearl St.,New York,NY,10038,City,,Green Book,
Brett Sikoff,"Executive Director, Franchise Administration",Office of Technology & Innovation,OTI,Operations,(718) 403-6722,,,,375 Pearl St.,New York,NY,10038,City,,Green Book,
Steven Bezman,"Deputy Commissioner, Applications",Office of Technology & Innovation,OTI,Operations,(646) 596-1875,,,,375 Pearl St.,New York,NY,10038,City,,Green Book,
(vacant),Chief Operating Officer,Office of Technology & Innovation,OTI,Operations,,,,,375 Pearl St.,New York,NY,10038,City,yes,Green Book,
(vacant),"Deputy Commissioner, Public Safety & Emergency Management",Office of Technology & Innovation,OTI,Operations,(718) 403-8578,,,,375 Pearl St.,New York,NY,10038,City,yes,Green Book,
Yisroel Hecht,"Deputy Commissioner, Infrastructure Management",Office of Technology & Innovation,OTI,Operations,(718) 403-8525,,,,375 Pearl St.,New York,NY,10038,City,,Green Book,
Ayana Brooks,Associate Commissioner,Office of Technology & Innovation,OTI,Personnel,(718) 403-8620,,,,375 Pearl St.,New York,NY,10038,City,,Green Book,
Ruby Choi,Deputy Commissioner,Office of Technology & Innovation,OTI,Strategic Initiatives,(718) 403-8185,,,,375 Pearl St.,New York,NY,10038,City,,Green Book,
Courtny Osterling,Chief Attorney,"New York State Supreme Court Appellate Division - Second Department (includes Kings, Queens and Richmond Counties )",,NYS Grievance Committee for the 9th Judicial District,,,(914) 824-5070,,399 Knollwood Road,White Plains,NY,10603,Courts,,Green Book,
DeShanna Alexander,Chief HR Officer/Deputy Chief Administrative Officer,"Mayor, Office of the",OOM,Administrative Services,,,(212) 788-2400,,100 Gold St.,New York,NY,10038,City,,Green Book,
Ayesha Delaney-Brumsey,"Commissioner, Office of Community Safety","Mayor, Office of the",OOM,Deputy Mayor for Community Safety,,,(212) 788-3000,,City Hall,New York,NY,10007,City,,Green Book,
David Stark,Executive Financial Officer,"Parks, NYC",,Administration,(212) 360-8265,,,,"The Arsenal, Central Park, 830 5th Ave. Room 203",New York,NY,10065,City,,Green Book,
Joy Wang,Deputy Commissioner/Chief Administrative Officer,"Parks, NYC",,Administration,(212) 360-1302,,,,"The Arsenal, Central Park, 830 5th Ave. Room 203",New York,NY,10065,City,,Green Book,
Odetty Tineo,City Legislative Affairs Director,"Mayor, Office of the",OOM,City Legislative Affairs,,,(212) 788-3678,,253 Broadway,New York,NY,10007,City,,Green Book,
Melody Ruiz,Chief EEO Officer,"Mayor, Office of the",OOM,Office of Equal Employment Opportunity,,,(718) 213-5993,,375 Pearl St.,New York,NY,10038,City,,Green Book,
Jessenia Aponte,Borough Commissioner,"Parks, NYC",,Operations > Operations Borough Offices > Bronx,(718) 430-1801,,(718) 430-1800,,"Ranaqua, Bronx Park",Bronx,NY,10462,City,,Green Book,
Martin G. Maher,Borough Commissioner,"Parks, NYC",,Operations > Operations Borough Offices > Brooklyn,(718) 965-8917,,(718) 965-8900,,"Litchfield Villa, Prospect Park",Brooklyn,NY,11215,City,,Green Book,
Ramzi Kassem,Chief of Staff,"Mayor, Office of the",OOM,Chief Counsel to the Mayor and City Hall,,,(212) 788-3000,,City Hall,New York,NY,10007,City,,Green Book,
Nisha Argawal,Commissioner,"Mayor, Office of the",OOM,Mayor's Office for People With Disabilities,,,(212) 788-2838,,100 Gold St.,New York,NY,10038,City,,Green Book,
(vacant),"Assistant Commissioner, Operations",Citywide Administrative Services,DCAS,Energy Management,(212) 386-6314,,,,1 Centre St.,New York,NY,10007,City,yes,Green Book,
Elizabeth W. Smith,"President & Chief Executive Officer, Central Park Administrator","Parks, NYC",,Central Park Conservancy,(212) 310-6669,,(212) 310-6600,,717 Fifth Avenue,New York,NY,10022,City,,Green Book,
Shauna K. Stribula,Assistant Commissioner,Citywide Administrative Services,DCAS,Administration,(212) 386-0383,,,,1 Centre St.,New York,NY,10007,City,,Green Book,
Roger Mosier,Chief of Park Operations,"Parks, NYC",,Central Park Conservancy,(212) 310-6622,,(212) 310-6600,,717 Fifth Avenue,New York,NY,10022,City,,Green Book,
Stephen Spinelli,Chief Financial Officer,"Parks, NYC",,Central Park Conservancy,(212) 310-6623,,(212) 310-6600,,717 Fifth Avenue,New York,NY,10022,City,,Green Book,
"Thomas L. Kempner, Jr.",Chair,"Parks, NYC",,Central Park Conservancy,,,(212) 310-6600,,717 Fifth Avenue,New York,NY,10022,City,,Green Book,
Maryanne Schretzman,Executive Director,"Mayor, Office of the",OOM,Center for Innovation Through Data Intelligence (CIDI),,,(212) 788-3000,,253 Broadway,New York,NY,10007,City,,Green Book,
Iyana Titus,"Assistant Commissioner, DEIB","Parks, NYC",,"Diversity, Equity, Inclusion, and Belonging (DEIB)",(212) 360-2707,,,,"The Arsenal, Central Park, 830 5th Ave. Room 203",New York,NY,10065,City,,Green Book,
Joe Cavello,Press Secretary,"Mayor, Office of the",OOM,Mayor's Office of Communication,,,(212) 788-3000,,City Hall,New York,NY,10007,City,,Green Book,
Ali Rasoulinejad,"Assistant Commissioner, Strategic Planning and Services",Citywide Administrative Services,DCAS,Citywide Human Capital,(212) 386-0248,,(212) 669-7155,,1 Centre St.,New York,NY,10007,City,,Green Book,
Amy Rice Ph D.,President,"Parks, NYC",,Greenbelt Conservancy,,,,,"The Arsenal, Central Park, 830 5th Ave. Room 203",New York,NY,10065,City,,Green Book,
Christopher Greene Ph D.,First Vice President,"Parks, NYC",,Greenbelt Conservancy,,,,,"The Arsenal, Central Park, 830 5th Ave. Room 203",New York,NY,10065,City,,Green Book,
John Mancuso,Second Vice President,"Parks, NYC",,Greenbelt Conservancy,,,,,"The Arsenal, Central Park, 830 5th Ave. Room 203",New York,NY,10065,City,,Green Book,
Steven Cain,Greenbelt Administrator & Greenbelt Conservancy Executive Director,"Parks, NYC",,Greenbelt Conservancy,(718) 667-2165,,,,"The Arsenal, Central Park, 830 5th Ave. Room 203",New York,NY,10065,City,,Green Book,
Laura Rog,Chief Service Officer,"Mayor, Office of the",OOM,NYC Service,,,(212) 788-7550,,253 Broadway,New York,NY,10007,City,,Green Book,
Zohran K. Mamdani,Mayor of the City of New York,"Mayor, Office of the",OOM,,,,,,City Hall,New York,NY,10007,City,,Green Book,
Russell Antonucci,Assistant Commissioner for Innovation and Performance Management,"Parks, NYC",,Operations > Innovative Performance Management,(212) 360-8276,,,,"The Arsenal, Central Park, 830 5th Ave. Room 203",New York,NY,10065,City,,Green Book,
Alessandro G. Olivieri,General Counsel,"Parks, NYC",,Legal/Compliance,(212) 360-1314,,,,"The Arsenal, Central Park, 830 5th Ave. Room 203",New York,NY,10065,City,,Green Book,
John Luisi,"Assistant Commissioner, Agency Compliance","Parks, NYC",,Legal/Compliance,(212) 360-3431,,,,"The Arsenal, Central Park, 830 5th Ave. Room 203",New York,NY,10065,City,,Green Book,
Bitta Mostofi,Special Advisor for Strategic Coordination and Operations to the First Deputy Mayor,"Mayor, Office of the",OOM,First Deputy Mayor,,,(212) 788-3000,,City Hall,New York,NY,10007,City,,Green Book,
Clara Ronk,"Director, City Store",Citywide Administrative Services,DCAS,Administration,(212) 386-6380,,,,1 Centre St.,New York,NY,10007,City,,Green Book,
Christian Zimmerman,Vice President Capital & Landscape Management,"Parks, NYC",,Prospect Park Alliance,(718) 965-7767,,(718) 965-8951,,95 Prospect Park West,Brooklyn,NY,11215,City,,Green Book,
Iris Weinshall,Chair,"Parks, NYC",,Prospect Park Alliance,,,(718) 965-8951,,95 Prospect Park West,Brooklyn,NY,11215,City,,Green Book,
Morgan Monaco,President & Park Administrator,"Parks, NYC",,Prospect Park Alliance,(718) 965-8982,,(718) 965-8951,,95 Prospect Park West,Brooklyn,NY,11215,City,,Green Book,
Anna Bahr,Communications Director,"Mayor, Office of the",OOM,Mayor's Office of Communication,,,(212) 788-3000,,City Hall,New York,NY,10007,City,,Green Book,
Faiza Ali,Commissioner,"Mayor, Office of the",OOM,Mayor's Office of Immigrant Affairs,,,(212) 788-7654,,253 Broadway,New York,NY,10007,City,,Green Book,
Helen Arteaga,Deputy Mayor Health & Human Services,"Mayor, Office of the",OOM,Deputy Mayor for Health & Human Services,,,(212) 788-3000,,City Hall,New York,NY,10007,City,,Green Book,
Charles T. Goldsmith,"Assistant Commissioner, Facilities Management Operations",Citywide Administrative Services,DCAS,Facilities Management & Construction,(212) 386-5071,,,,1 Centre St.,New York,NY,10007,City,,Green Book,
Jacqueline Langsam,Borough Commissioner,"Parks, NYC",,Operations > Operations Borough Offices > Queens,(718) 520-5924,,(718) 520-5900,,"The Overlook, Forest Park",Kew Gardens,NY,11415,City,,Green Book,
David Salerno,Park Administrator,"Parks, NYC",,Randall's Island Park Alliance,(212) 860-1899,,,,10 Central Road,New York,NY,10035,City,,Green Book,
Deborah Maher,President,"Parks, NYC",,Randall's Island Park Alliance,(212) 860-1899,,,,10 Central Road,New York,NY,10035,City,,Green Book,
Leila Bozorg,Deputy Mayor for Housing & Planning,"Mayor, Office of the",OOM,Deputy Mayor for Housing & Planning,,,(212) 788-3000,,City Hall,New York,NY,10007,City,,Green Book,
Kristen Meade,Director of Volunteer initiatives,"Parks, NYC",,Riverside Park Conservancy,,,(212) 870-3070,,475 Riverside Dr.,New York,NY,10115,City,,Green Book,
Merrritt Birnbaum,President/CEO,"Parks, NYC",,Riverside Park Conservancy,(212) 870-3079,,(212) 870-3070,,475 Riverside Dr.,New York,NY,10115,City,,Green Book,
Julie Su,Deputy Mayor for Economic Justice,"Mayor, Office of the",OOM,Deputy Mayor for Economic Justice,,,(212) 788-3000,,City Hall,New York,NY,10007,City,,Green Book,
Elle Bisgaard-Church,Chief of Staff,"Mayor, Office of the",OOM,Chief of Staff,,,(212) 788-3000,,City Hall,New York,NY,10007,City,,Green Book,
Andrea Glick,First Deputy Executive Director,"Payroll Administration, Office of",OPA,,(212) 742-5900,,,,5 Manhattan West,New York,NY,10001,City,,Green Book,
Elizabeth Mejia,Executive Assistant,"Payroll Administration, Office of",OPA,,(212) 742-5904,,,,5 Manhattan West,New York,NY,10001,City,,Green Book,
Neil Matthew,Executive Director,"Payroll Administration, Office of",OPA,,(212) 857-7301,,,(212) 857-1106,5 Manhattan West,New York,NY,10001,City,,Green Book,
Wanda Vega,Executive Assistant,"Payroll Administration, Office of",OPA,,(212) 742-5623,,,,5 Manhattan West,New York,NY,10001,City,,Green Book,
(vacant),Assistant to the Deputy Executive Director,"Payroll Administration, Office of",OPA,Bureau of Payroll Operations,(212) 742-5623,,,,5 Manhattan West,New York,NY,10001,City,yes,Green Book,
(vacant),Deputy Executive Director,"Payroll Administration, Office of",OPA,Bureau of Payroll Operations,(212) 857-7301,,,,5 Manhattan West,New York,NY,10001,City,yes,Green Book,
Victor Levy,FOIL Officer,"Payroll Administration, Office of",OPA,FOIL Officer,(212) 857-1523,,,,5 Manhattan West,New York,NY,10001,City,,Green Book,
Aamer Parvez,Agency Chief Contracting Officer (ACCO),"Payroll Administration, Office of",OPA,FOIL Officer > Procurement & Contracts Administration,(212) 742-5942,,,,5 Manhattan West,New York,NY,10001,City,,Green Book,
Marnie L. Blit,Executive Director,"Police Corruption, Commission To Combat",CCPC,,(212) 806-5370,,,,17 Battery Pl.,New York,NY,10004,City,,Green Book,
Joseph E. Kenny,Chief of Detectives,Police Department,NYPD,,(646) 610-5430,,,,1 Police Plaza,New York,NY,10038,City,,Green Book,
Michael Gerber,"Deputy Commissioner, Legal Matters",Police Department,NYPD,,(646) 610-5336,,,,1 Police Plaza,New York,NY,10038,City,,Green Book,
Rosemarie Maldonado,"Deputy Commissioner, Trials",Police Department,NYPD,,(646) 610-5424,,,,1 Police Plaza,New York,NY,10038,City,,Green Book,
Tania Kinsella,First Deputy Commissioner,Police Department,NYPD,,(646) 610-5420,,,,1 Police Plaza,New York,NY,10038,City,,Green Book,
Wilson Aramboles,"Bureau Chief, Commanding",Police Department,NYPD,Office of the Chief of Special Operations,,,(718) 677-8238,,Floyd Bennet Field,Brooklyn,NY,11234,City,,Green Book,
Lisa Kersavage,Chair,Landmarks Preservation Commission,LPC,,(212) 602-6385,,,,253 Broadway,New York,NY,10007,City,,Green Book,
Melissa A. Eger,"Assistant Chief, Commanding",Police Department,NYPD,Patrol Borough Manhattan South,,,(212) 477-7436,,230 E. 21st St.,New York,NY,10010,City,,Green Book,
Sharun Goodwin,Commissioner,Probation,DOP,,(212) 510-3710,,,,33 Beaver St.,New York,NY,10004,City,,Green Book,
(vacant),Executive Director,Landmarks Preservation Commission,LPC,,(212) 602-6385,,,,253 Broadway,New York,NY,10007,City,yes,Green Book,
Gabriel Torres J.D.,Director of Intergovernmental Affairs and Communications,"Correction, Board of",BOC,,(212) 266-4368,,,,2 Lafayette St.,New York,NY,10007,City,,Green Book,
John Como,Chief Operations Officer,Police Pension Fund,,,(212) 693-5084,,,,233 Broadway,New York,NY,10007,City,,Green Book,
Chloe Gregoire,Public Information Officer,Landmarks Preservation Commission,LPC,,(212) 669-7817,,,,253 Broadway,New York,NY,10007,City,,Green Book,
Kevin Holloran,Executive Director,Police Pension Fund,,,(212) 693-6880,,,,233 Broadway,New York,NY,10007,City,,Green Book,
Michael E. Ragone,"Director, Human Resources",Police Pension Fund,,,(212) 693-5127,,,,233 Broadway,New York,NY,10007,City,,Green Book,
Jasmine Georges-Yilla,Interim Executive Director,"Correction, Board of",BOC,,(212) 669-7900,,,,2 Lafayette St.,New York,NY,10007,City,,governance dataset,Melissa Cintron Hernandez
Robert Sens-Castet,Deputy Executive Director,Police Pension Fund,,,(212) 693-5085,,,,233 Broadway,New York,NY,10007,City,,Green Book,
Robert Sens-Castet,Intergovernmental Affairs Officer,Police Pension Fund,,,(212) 693-5085,,,,233 Broadway,New York,NY,10007,City,,Green Book,
Sal LoCascio,Chief of Staff,Police Pension Fund,,,(212) 693-5601,,,,233 Broadway,New York,NY,10007,City,,Green Book,
Stanley Thomas,Chief Fiscal Officer,Police Pension Fund,,,(212) 693-5060,,,,233 Broadway,New York,NY,10007,City,,Green Book,
Sharun Goodwin,"Deputy Commissioner, Adult Operations",Probation,DOP,,(212) 510-3750,,,,33 Beaver St.,New York,NY,10004,City,,Green Book,
James Ralston,"Assistant Commissioner, Financial Operations",Probation,DOP,Administration,(212) 510-3830,,,,33 Beaver St.,New York,NY,10004,City,,Green Book,
Ralph DiFiore,Associate Commissioner,Probation,DOP,Intelligence Unit (Intel),(212) 933-3248,,,,33 Beaver St.,New York,NY,10004,City,,Green Book,
Lisa Frost,"Associate Commissioner, Juvenile Operations",Probation,DOP,Juvenile Operations,(212) 510-3775,,,,33 Beaver St.,New York,NY,10004,City,,Green Book,
Hugh Campbell,Counsel,Public Administrator,,Public Administrator - Bronx County,(718) 293-7660,,(718) 293-7660,(718) 293-7851,851 Grand Concourse,Bronx,NY,10451,County,,Green Book,
Brian Chang,"Deputy Commissioner, Energy Management",Citywide Administrative Services,DCAS,Energy Management,(212) 386-0230,,,,1 Centre St.,New York,NY,10007,City,,Green Book,
Dahlia Damas,Public Administrator,Public Administrator,,Public Administrator - New York County,(212) 788-8430,,(212) 788-8430,,31 Chambers St.,New York,NY,10007,County,,Green Book,
"Schram, Graber and Opell P.C.",Counsel,Public Administrator,,Public Administrator - New York County,(212) 896-3310,,(212) 788-8430,,31 Chambers St.,New York,NY,10007,County,,Green Book,
"Steve Finkelstein, Esq.",Counsel,Public Administrator,,Public Administrator - New York County,(212) 363-2500,,(212) 788-8430,,31 Chambers St.,New York,NY,10007,County,,Green Book,
Gerard J. Sweeney,Counsel,Public Administrator,,Public Administrator - Queens County,(718) 459-9000,,(718) 526-5037,,88-11 Sutphin Blvd.,Jamaica,NY,11435,County,,Green Book,
Lois M. Rosenblatt,Public Administrator,Public Administrator,,Public Administrator - Queens County,,,(718) 526-5037,,88-11 Sutphin Blvd.,Jamaica,NY,11435,County,,Green Book,
Susan B. Brown,Deputy Public Administrator,Public Administrator,,Public Administrator - Queens County,(718) 526-5037,,(718) 526-5037,,88-11 Sutphin Blvd.,Jamaica,NY,11435,County,,Green Book,
Andrew Poznaski,Co-Counsel,Public Administrator,,Public Administrator - Richmond County,(646) 484-9646,,(718) 876-7228,,130 Stuyvesant Pl.,Staten Island,NY,10301,County,,Green Book,
Daniel C. Marrota,Co-Counsel,Public Administrator,,Public Administrator - Richmond County,(212) 349-1200,,(718) 876-7228,,130 Stuyvesant Pl.,Staten Island,NY,10301,County,,Green Book,
Edwina Frances Martin,Public Administrator,Public Administrator,,Public Administrator - Richmond County,,,(718) 876-7228,,130 Stuyvesant Pl.,Staten Island,NY,10301,County,,Green Book,
Vincent Argenziano,Deputy Public Administrator,Public Administrator,,Public Administrator - Richmond County,(718) 876-7228,,(718) 876-7228,,130 Stuyvesant Pl.,Staten Island,NY,10301,County,,Green Book,
Beverly Gooding,"Director, Constituent Services",Public Advocate for the City of New York,,,(212) 669-4799,,,,1 Centre St.,New York,NY,10007,City,,Green Book,
"Elizabeth Guzman, Esq.",General Counsel,Public Advocate for the City of New York,,,(212) 669-2176,,,,1 Centre St.,New York,NY,10007,City,,Green Book,
Josenia Dominguez,Director of Administration,Public Advocate for the City of New York,,,(212) 669-4120,,,,1 Centre St.,New York,NY,10007,City,,Green Book,
Jumaane D. Williams,Public Advocate,Public Advocate for the City of New York,,,(212) 669-7200,,,(212) 669-4701,1 Centre St.,New York,NY,10007,City,,Green Book,
Dennis M. Walcott,President & Chief Executive Officer,Queens Public Library,QPL,,(718) 990-0796,,,,89-11 Merrick Blvd.,Jamaica,NY,11432,City,,Green Book,
Gitte Peng,"Chief of Staff, Senior Vice President",Queens Public Library,QPL,,,,,,89-11 Merrick Blvd.,Jamaica,NY,11432,City,,Green Book,
Justin Deabler,"General Counsel, Senior Vice President",Queens Public Library,QPL,,,,,,89-11 Merrick Blvd.,Jamaica,NY,11432,City,,Green Book,
Nick Buron,"Chief Librarian, Senior Vice President",Queens Public Library,QPL,,,,,,89-11 Merrick Blvd.,Jamaica,NY,11432,City,,Green Book,
Stephen G. Mack,"Chief Financial Officer, Senior Vice President",Queens Public Library,QPL,,,,,,89-11 Merrick Blvd.,Jamaica,NY,11432,City,,Green Book,
Sung Mo Kim,"Chief Operating Officer, Senior Vice President",Queens Public Library,QPL,,,,,,89-11 Merrick Blvd.,Jamaica,NY,11432,City,,Green Book,
Kenneth R. Cobb,Assistant Commissioner,Records & Information Services,,,(212) 788-8604,,,,31 Chambers St.,New York,NY,10007,City,,Green Book,
Kenneth R. Cobb,Freedom of Information Act Officer,Records & Information Services,,,(212) 788-8604,,,,31 Chambers St.,New York,NY,10007,City,,Green Book,
LaTonya C. Jones,Director Community & External Programs/EEO Officer,Records & Information Services,,,(212) 341-6022,,,,31 Chambers St.,New York,NY,10007,City,,Green Book,
Naomi Pacheco,Director of Administrative Operations,Records & Information Services,,,(212) 788-8622,,,,31 Chambers St.,New York,NY,10007,City,,Green Book,
Shawn(ta) Smith-Cruz,Commissioner,Records & Information Services,,,(212) 788-8607,,,,31 Chambers St.,New York,NY,10007,City,,governance dataset,Pauline Toole
Eleanor Prince,Supervisor,Records & Information Services,,Grants Administration Unit,(212) 788-8571,,(212) NEW-YORK,,31 Chambers St.,New York,NY,10007,City,,Green Book,
Sylvia Kollar,Director,Records & Information Services,,Municipal Archives,(212) 788-8617,,(212) NEW-YORK,,31 Chambers St.,New York,NY,10007,City,,Green Book,
Rose Nagle-Yndigoyen,Director,Records & Information Services,,Municipal Records Management Division,(212) 788-8657,,(212) NEW-YORK,,31 Chambers St.,New York,NY,10007,City,,Green Book,
Andrew McLaughlin,Executive Director,Rent Guidelines Board,RGB,,(212) 669-7482,,,,1 Centre St.,New York,NY,10007,City,,Green Book,
Anthony Bianculli,"Chief, Support Services",Sanitation,DSNY,Support Services > Building Maintenance,(718) 334-8910,,,,52-35 58th Street,Woodside,NY,11377,City,,Green Book,
Edmund Lee,Chief Information Officer,Sanitation,DSNY,Support Services > Bureau of Information Technology,(212) 291-1201,,,,375 Pearl St.,New York,NY,10038,City,,Green Book,
Michelle Coke,"Deputy Commissioner, Information Technology",Sanitation,DSNY,Support Services > Bureau of Information Technology,(212) 291-1170,,,,375 Pearl St.,New York,NY,10038,City,,Green Book,
Adil Tahir,"Assistant Commissioner, Human Capital",Sanitation,DSNY,Human Capital,(646) 885-0900,,,,125 Worth St.,New York,NY,10013,City,,Green Book,
Ayana Brooks,"Deputy Commissioner, Human Capital",Sanitation,DSNY,Human Capital,(646) 885-0839,,,,125 Worth St.,New York,NY,10013,City,,Green Book,
Arturo Sanchez,Assistant Inspector General,Sanitation,DSNY,Inspector General,(212) 825-5949,,,,80 Maiden Lane,New York,NY,10038,City,,Green Book,
Robert Orlin,Deputy Commissioner/General Counsel,Sanitation,DSNY,Legal Affairs,(646) 885-5006,,,,125 Worth St.,New York,NY,10013,City,,Green Book,
Anthony Pennolino,Chief of Department,Sanitation,DSNY,Operations,(646) 885-4731,,,,125 Worth St.,New York,NY,10013,City,,Green Book,
Javier Lojan,First Deputy Commissioner,Sanitation,DSNY,Operations,(646) 885-4727,,,,125 Worth St.,New York,NY,10013,City,,Green Book,
Belinda Mager,"Director, Communications",Sanitation,DSNY,Public Affairs and Customer Experience,(646) 885-5020,,(646) 885-5020,,125 Worth St.,New York,NY,10013,City,,Green Book,
Jonathan Viguers,"Assistant Commissioner, Outreach",Sanitation,DSNY,Public Affairs and Customer Experience,(646) 984-4330,,(646) 885-5020,,125 Worth St.,New York,NY,10013,City,,Green Book,
Joshua Goodman,"Deputy Commissioner, Public Affairs and Customer Experience",Sanitation,DSNY,Public Affairs and Customer Experience,(646) 885-5020,,(646) 885-5020,,125 Worth St.,New York,NY,10013,City,,Green Book,
Vincent Gragnani,Press Secretary,Sanitation,DSNY,Public Affairs and Customer Experience,(646) 885-5020,,(646) 885-5020,,125 Worth St.,New York,NY,10013,City,,Green Book,
Andrea Bender,"Vice President, External Affairs","School Construction Authority, NYC",SCA,,(718) 472-8005,,,,30-30 Thomson Ave.,Long Island City,NY,11101,City,,Green Book,
Cora Liu,"Vice President, Capital Planning Management","School Construction Authority, NYC",SCA,,(718) 472-8377,,,,30-30 Thomson Ave.,Long Island City,NY,11101,City,,Green Book,
Emanuele Innamorato,Chief Information Officer,"School Construction Authority, NYC",SCA,,(718) 472-8860,,,,30-30 Thomson Ave.,Long Island City,NY,11101,City,,Green Book,
Gordon Tung P.E.,"Vice President, Construction Management","School Construction Authority, NYC",SCA,,(718) 472-8685,,,,30-30 Thomson Ave.,Long Island City,NY,11101,City,,Green Book,
Karen Maher,Chief of Staff,"School Construction Authority, NYC",SCA,,(718) 472-8007,,,,30-30 Thomson Ave.,Long Island City,NY,11101,City,,Green Book,
Kevin Ortiz,Media Relations,"School Construction Authority, NYC",SCA,,(718) 472-8559,,,,30-30 Thomson Ave.,Long Island City,NY,11101,City,,Green Book,
Marianne Egri,"Vice President, Finance & Human Resources","School Construction Authority, NYC",SCA,,(718) 472-8012,,,,30-30 Thomson Ave.,Long Island City,NY,11101,City,,Green Book,
Nadine Rivellese,Vice President & General Counsel,"School Construction Authority, NYC",SCA,,(718) 472-8220,,,,30-30 Thomson Ave.,Long Island City,NY,11101,City,,Green Book,
Nina Kubota,President/Chief Executive Officer,"School Construction Authority, NYC",SCA,,(718) 472-8001,,,,30-30 Thomson Ave.,Long Island City,NY,11101,City,,Green Book,
Robert J. Sanft,Chief Operating Officer,"School Construction Authority, NYC",SCA,,(718) 472-8004,,,,30-30 Thomson Ave.,Long Island City,NY,11101,City,,Green Book,
Stacey L. Tyson,Chief Contracting Officer,"School Construction Authority, NYC",SCA,,(718) 472-8234,,,,30-30 Thomson Ave.,Long Island City,NY,11101,City,,Green Book,
Stanley Dahir,Chief Design & Construction Innovation Officer,"School Construction Authority, NYC",SCA,,(718) 472-8740,,,,30-30 Thomson Ave.,Long Island City,NY,11101,City,,Green Book,
Suzanne S. Veira,Chief Diversity Officer,"School Construction Authority, NYC",SCA,,(718) 472-8053,,,,30-30 Thomson Ave.,Long Island City,NY,11101,City,,Green Book,
Thomas Fariello R.A.,"Vice President, Environmental & Regulatory Compliance","School Construction Authority, NYC",SCA,,(718) 472-8050,,,,30-30 Thomson Ave.,Long Island City,NY,11101,City,,Green Book,
Yvette Knight,"Director, External Affairs","School Construction Authority, NYC",SCA,,(718) 472-8199,,,,30-30 Thomson Ave.,Long Island City,NY,11101,City,,Green Book,
Kelly Corso,"Deputy Commissioner, Hearings Division","Administrative Trials And Hearings, Office of",OATH,,(212) 436-0595,,,,100 Church St.,New York,NY,10007,City,,Green Book,
Liz Vladeck,General Counsel/Records Access Officer,Educational Construction Fund,ECF,,(212) 374-5200,,,,25-01 Jackson Ave.,Long Island City,NY,11101,City,,Green Book,
Jennifer Maldonado,Chief Executive Officer,Educational Construction Fund,ECF,,(212) 374-5026,,,,25-01 Jackson Ave.,Long Island City,NY,11101,City,,Green Book,
Cynthia Wong,Chief Financial Officer,Educational Construction Fund,ECF,,(718) 472-8285,,,,25-01 Jackson Ave.,Long Island City,NY,11101,City,,Green Book,
Katherine Chan,Deputy Commissioner,Small Business Services,SBS,Division of Business Services,(212) 618-6757,,,,One Liberty Plaza,New York,NY,10006,City,,Green Book,
Tenisha Dyer,Deputy Commissioner,Small Business Services,SBS,Division Of Economic Financial Opportunity,(212) 513-6370,,,,One Liberty Plaza,New York,NY,10006,City,,Green Book,
Anthony Dellolio,General Counsel,Small Business Services,SBS,Financial Management & Administration,(212) 513-9259,,,,One Liberty Plaza,New York,NY,10006,City,,Green Book,
David Lubetkin,Chief Information Officer,Small Business Services,SBS,Financial Management & Administration,(212) 618-6771,,,,One Liberty Plaza,New York,NY,10006,City,,Green Book,
Frank Ng,Deputy Commissioner/General Counsel,"Administrative Trials And Hearings, Office of",OATH,,(212) 933-3003,,,,100 Church St.,New York,NY,10007,City,,Green Book,
Calvin Brown,Deputy Commissioner,Small Business Services,SBS,Neighborhood Development Division,(212) 618-8922,,,,One Liberty Plaza,New York,NY,10006,City,,Green Book,
Carlo Costanza,Executive Director,"Standards And Appeals, Board of",BSA,,(212) 386-0068,,,,22 Reade St.,New York,NY,10007,City,,Green Book,
Chase Vine,General Counsel,"Standards And Appeals, Board of",BSA,,(212) 386-0069,,,,22 Reade St.,New York,NY,10007,City,,Green Book,
Toni Matias,Deputy Director,"Standards And Appeals, Board of",BSA,,(212) 386-0085,,,,22 Reade St.,New York,NY,10007,City,,Green Book,
Yaa Sarpong,Deputy Counsel,"Standards And Appeals, Board of",BSA,,(212) 386-0081,,,,22 Reade St.,New York,NY,10007,City,,Green Book,
Kelly Corso,"Deputy Commissioner, Hearings Division","Administrative Trials And Hearings, Office of",OATH,Hearings Division,(212) 436-0595,,(844) 628-4692,,100 Church St.,New York,NY,10007,City,,Green Book,
(vacant),Administrative Law Judge,"Tax Appeals, Office Of Administrative",OATA,New York City Tax Appeals Tribunal > Administrative Law Judge Division,,,(212) 669-4501,,1 Centre St.,New York,NY,10007,City,yes,Green Book,
Ann Petterson,,"Tax Appeals, Office Of Administrative",OATA,New York City Tax Appeals Tribunal > Administrative Law Judge Division > Inspector General,(212) 825-2826,,,,1 Centre St.,New York,NY,10007,City,,Green Book,
Ann Petterson,,"Tax Appeals, Office Of Administrative",OATA,The Tax Commission > Inspector General,(212) 825-2826,,,,,,,,City,,Green Book,
(vacant),General Counsel,"Tax Appeals, Office Of Administrative",OATA,New York City Tax Appeals Tribunal,(212) 669-2070,,(212) 669-2070,,,,,,City,yes,Green Book,
Audrey Feldman,Inspector General,Taxi & Limousine Commission,TLC,Inspector General,(212) 825-2438,,,,80 Maiden Lane,New York,NY,10038,City,,Green Book,
Aisha Richard,Deputy Commissioner,Taxi & Limousine Commission,TLC,Licensing & Standards Division,(718) 391-5612,,(718) 391-5501,,31-00 47th Ave.,Long Island City,NY,11101,City,,Green Book,
Michelle Shiwamber-Persaud,Assistant Commissioner,Taxi & Limousine Commission,TLC,Licensing & Standards Division,(718) 391-5650,,(718) 391-5501,,31-00 47th Ave.,Long Island City,NY,11101,City,,Green Book,
Latifah Williams,Records Access Officer,Taxi & Limousine Commission,TLC,Office of Legal Affairs,(212) 676-1106,,(212) 676-1135,,33 Beaver St.,New York,NY,10004,City,,Green Book,
Sherryl Eluto,"Deputy Commissioner, Legal Affairs/General Counsel",Taxi & Limousine Commission,TLC,Office of Legal Affairs,(212) 676-1089,,(212) 676-1135,(212) 676-1102,33 Beaver St.,New York,NY,10004,City,,Green Book,
Amit Agarwal,Chief Information Officer,Taxi & Limousine Commission,TLC,"Office of Operations, People and Innovation",(212) 676-1050,,,,33 Beaver St.,New York,NY,10004,City,,Green Book,
Cindi Davidson,"Assistant Commissioner, Program Management",Taxi & Limousine Commission,TLC,"Office of Operations, People and Innovation",(212) 676-1180,,,,33 Beaver St.,New York,NY,10004,City,,Green Book,
Jason Kersten,Press Secretary,Taxi & Limousine Commission,TLC,Office of Public Affairs,(212) 676-1070,,,,33 Beaver St.,New York,NY,10004,City,,Green Book,
Ira Goldapper,Deputy Commissioner,Taxi & Limousine Commission,TLC,Uniformed Services Bureau,(718) 267-4515,,(718) 267-4500,,24-55 B.Q.E. West Service Rd.,Woodside,NY,11377,City,,Green Book,
Jose Torres,"Chief of Patrol, Enforcement",Taxi & Limousine Commission,TLC,Uniformed Services Bureau,(718) 267-4517,,(718) 267-4500,,24-55 B.Q.E. West Service Rd.,Woodside,NY,11377,City,,Green Book,
Rubin Varghese,"Assistant Commissioner, Safety & Emissions",Taxi & Limousine Commission,TLC,Uniformed Services Bureau,(718) 267-4598,,(718) 267-4500,,24-55 B.Q.E. West Service Rd.,Woodside,NY,11377,City,,Green Book,
Andrew Bradford,Director,Teachers' Retirement System,,,(212) 612-5614,,,,55 Water St.,New York,NY,10041,City,,Green Book,
Dina Simon,Chief Human Resources Officer,Teachers' Retirement System,,,(212) 612-5425,,,,55 Water St.,New York,NY,10041,City,,Green Book,
Kavita Kanwar,Director,Teachers' Retirement System,,,(212) 612-5481,,,,55 Water St.,New York,NY,10041,City,,Green Book,
Marek Tyskiewicz,Chief Actuary,Teachers' Retirement System,,,(212) 312-0112,,,,55 Water St.,New York,NY,10041,City,,Green Book,
Natarajan Krishnamoorthy,Director,Teachers' Retirement System,,,(212) 612-5623,,,,55 Water St.,New York,NY,10041,City,,Green Book,
Nilufer Satic,FOIL Officer,Teachers' Retirement System,,,(212) 612-4036,,,,55 Water St.,New York,NY,10041,City,,Green Book,
Paul J. Raucci,Chief Accountant,Teachers' Retirement System,,,(212) 612-5505,,,,55 Water St.,New York,NY,10041,City,,Green Book,
Valerie Budzik,Director,Teachers' Retirement System,,,(212) 612-5414,,,,55 Water St.,New York,NY,10041,City,,Green Book,
David Womack,Chief Executive Officer,"Transitional Finance Authority, NYC",TFA,,(212) 788-5872,,,,255 Greenwich St.,New York,NY,10007,City,,Green Book,
Kemraj Narine,Deputy Comptroller,"Transitional Finance Authority, NYC",TFA,,(212) 788-6017,,,,255 Greenwich St.,New York,NY,10007,City,,Green Book,
Nameca Sharma,Accounting Manager,"Transitional Finance Authority, NYC",TFA,,(212) 788-6016,,,,255 Greenwich St.,New York,NY,10007,City,,Green Book,
David Womack,Comptroller,"Transitional Finance Authority, NYC",TFA,,(212) 788-6041,,,,255 Greenwich St.,New York,NY,10007,City,,governance dataset,Raymond Lee
Benjamin Graham,"Assistant Commissioner, Equal Employment Opportunity, Diversity & Inclusion",Transportation,DOT,,(212) 839-6603,,,,55 Water St.,New York,NY,10041,City,,Green Book,
Ryan Lynch,Chief of Staff,Transportation,DOT,,(212) 839-6413,,,(212) 839-6490,55 Water St.,New York,NY,10041,City,,Green Book,
Nancy Carolan,ACCO / Assistant Commissioner,Transportation,DOT,Office of the Executive Deputy Commissioner > Agency Chief Contracting Office,(212) 839-9292,,,(212) 839-4241,55 Water St.,New York,NY,10041,City,,Green Book,
Peggy Valentine,"Acting Director, Small Purchasing",Transportation,DOT,Office of the Executive Deputy Commissioner > Agency Chief Contracting Office,(212) 839-7294,,,,55 Water St.,New York,NY,10041,City,,Green Book,
Vivian Valdez,"Director, Contract Management",Transportation,DOT,Office of the Executive Deputy Commissioner > Agency Chief Contracting Office,(212) 839-9431,,,,55 Water St.,New York,NY,10041,City,,Green Book,
Rogene Livermon,"Director, Audit",Transportation,DOT,Office of the Executive Deputy Commissioner > Audit Bureau,(212) 839-4410,,,,55 Water St.,New York,NY,10041,City,,Green Book,
Tanya Pandya P.E.,"Executive Director, BQE/Design Build/Emergency Contracts",Transportation,DOT,Office of the First Deputy Commissioner > Division of Bridges > BQE/Design Build/Emergency Contracts,,,,,55 Water St.,New York,NY,10041,City,,Green Book,
Aram Weitzman,"Executive Director, Budget Administration",Transportation,DOT,Office of the Executive Deputy Commissioner > Division of Budget & Capital Program Management > Budget,(212) 839-6946,,,,55 Water St.,New York,NY,10041,City,,Green Book,
Jay Jaber P.E.,Assistant Commissioner,Transportation,DOT,Office of the First Deputy Commissioner > Bureau of Permit Management & Construction Control-Office of Construction Mitigation & Coordination (OCMC),(212) 839-9635,(212) 839-2949,,(212) 839-8970,55 Water St.,New York,NY,10041,City,,Green Book,
Joannene Kidder,Chief of Staff/Executive Director Community Affairs,Transportation,DOT,Office of the First Deputy Commissioner > Division of Bridges,(212) 839-6304,,,,55 Water St.,New York,NY,10041,City,,Green Book,
Paul Schwartz P.E.,Acting Deputy Commissioner & Chief Bridge Officer,Transportation,DOT,Office of the First Deputy Commissioner > Division of Bridges,(212) 839-6300,,,,55 Water St.,New York,NY,10041,City,,Green Book,
"Janice M. Stroughter, Esq.",Deputy Commissioner,Transportation,DOT,Office of the Executive Deputy Commissioner > Division of Human Resources & Facilities Management,(212) 839-9490,,,,55 Water St.,New York,NY,10041,City,,Green Book,
Leon W. Heyward,Deputy Commissioner,Transportation,DOT,Office of the First Deputy Commissioner > Division of Sidewalks & Inspection Management,(212) 839-4300,,,(212) 839-4232,55 Water St.,New York,NY,10041,City,,Green Book,
John Garvey,Chief Operating Officer,Transportation,DOT,Office of the First Deputy Commissioner > Division of Staten Island Ferry,(212) 839-3099,,(212) 839-3061,,55 Water St.,New York,NY,10041,City,,Green Book,
Eric Beaton,Deputy Commissioner,Transportation,DOT,Office of the First Deputy Commissioner > Division of Transportation Planning & Management,(212) 839-6697,,,(212) 839-7188,55 Water St.,New York,NY,10041,City,,Green Book,
(vacant),Deputy Chief Engineer,Transportation,DOT,Office of the First Deputy Commissioner > Division of Bridges > Engineering Review & Support Bureau,(212) 839-4040,,,,55 Water St.,New York,NY,10041,City,yes,Green Book,
Vincent Maniscalco,Assistant Commissioner,Transportation,DOT,Office of the First Deputy Commissioner > Division of Sidewalks & Inspection Management > Highway Inspection and Quality Assurance (HIQA) & Street Assessment/Newsracks,(212) 839-8847,,,(212) 839-8867,55 Water St.,New York,NY,10041,City,,Green Book,
Helene Holloway,"Director, Personnel & Payroll",Transportation,DOT,Office of the Executive Deputy Commissioner > Division of Human Resources & Facilities Management > Human Resources,(212) 839-4384,,,,55 Water St.,New York,NY,10041,City,,Green Book,
Bernice Yella,"Director, Newsstands & Bikes in Buildings",Transportation,DOT,Division of Legal Affairs > Office of Cityscape & Franchises,(212) 839-6447,,(212) 839-6550,,55 Water St.,New York,NY,10041,City,,Green Book,
Edward Schnell,"Director, Revocable Consents & Security Infrastructure",Transportation,DOT,Division of Legal Affairs > Office of Cityscape & Franchises,(212) 839-6552,,(212) 839-6550,,55 Water St.,New York,NY,10041,City,,Green Book,
John Frost,"Executive Director, Bike Share & Shared Mobility",Transportation,DOT,Division of Legal Affairs > Office of Cityscape & Franchises,(212) 839-4476,,(212) 839-6550,,55 Water St.,New York,NY,10041,City,,Green Book,
John Schneider,"Director, Operations, Coordinated Street Furniture Franchise",Transportation,DOT,Division of Legal Affairs > Office of Cityscape & Franchises,(212) 839-4482,,(212) 839-6550,,55 Water St.,New York,NY,10041,City,,Green Book,
Rachel Frumin,"Director, Concessions & Franchises",Transportation,DOT,Division of Legal Affairs > Office of Cityscape & Franchises,(646) 586-5787,,(212) 839-6550,,55 Water St.,New York,NY,10041,City,,Green Book,
Sharita Hunter,Assistant Commissioner,Transportation,DOT,Office of the First Deputy Commissioner > Division of Sidewalks & Inspection Management > Office of Emergency Response,(718) 433-3367,(212) 839-4338,,,28-11 Queens Plz. North,Long Island City,NY,11101,City,,Green Book,
Kedari P. Reddy,Senior Executive Director,Transportation,DOT,Division of Legal Affairs > Office of Environmental Compliance Assessment,(212) 839-6533,,,,55 Water St.,New York,NY,10041,City,,Green Book,
Eric Dorcean,"Associate Deputy Commissioner, Fleet Services",Transportation,DOT,Office of the First Deputy Commissioner > Office of Fleet Services,(212) 839-2550,,,(212) 839-2922,55 Water St.,New York,NY,10041,City,,Green Book,
Paul Ochoa,Executive Deputy Commissioner,Transportation,DOT,Office of the Executive Deputy Commissioner,(212) 839-6938,,,(212) 839-6490,55 Water St.,New York,NY,10041,City,,Green Book,
Margaret Forgione,First Deputy Commissioner,Transportation,DOT,Office of the First Deputy Commissioner,(212) 839-6403,,,,55 Water St.,New York,NY,10041,City,,Green Book,
Irma Mahadeo,"Chief of Staff/Executive Director, Operational Reviews",Transportation,DOT,Office of the First Deputy Commissioner > Division of Traffic Operations > Parking Operations,(212) 839-3264,,(718) 433-3100,(718) 482-1437,55 Water St.,New York,NY,10041,City,,Green Book,
Michael Marsico P.E.,"Assistant Commissioner, Parking Operations, Planning & Analysis",Transportation,DOT,Office of the First Deputy Commissioner > Division of Traffic Operations > Parking Operations,(212) 839-6672,,(718) 433-3100,(212) 839-7188,55 Water St.,New York,NY,10041,City,,Green Book,
"Rosa Rijos P.E. LEEP AP, ENV SP",Associate Deputy Commissioner,Transportation,DOT,Office of the First Deputy Commissioner > Division of Sidewalks & Inspection Management > Pedestrian Ramp Program,(212) 839-4262,,,(212) 839-4232,55 Water St.,New York,NY,10041,City,,Green Book,
Nick Benson,Deputy Commissioner/Chief Communications Officer,Transportation,DOT,Office of the Chief Strategy Officer > Press Office,(212) 839-4855,,,,55 Water St.,New York,NY,10041,City,,Green Book,
Keith Scott,"Executive Director, Finance & Administration",Transportation,DOT,Office of the Executive Deputy Commissioner > Division of Human Resources & Facilities Management > Security/Facilities Management,(212) 839-8917,,,,55 Water St.,New York,NY,10041,City,,Green Book,
Sara Marks,"Director, Intergovernmental Affairs",Youth and Community Development,DYCD,,(646) 343-6734,,,,2 Lafayette St.,New York,NY,10007,City,,Green Book,
Richard Milano,"Assistant Commissioner, Security/Facilities Management",Transportation,DOT,Office of the Executive Deputy Commissioner > Division of Human Resources & Facilities Management > Security/Facilities Management,(212) 839-4398,,,,55 Water St.,New York,NY,10041,City,,Green Book,
Sakai Brown,"Executive Director for Facilities, Construction and Maintenance",Transportation,DOT,Office of the Executive Deputy Commissioner > Division of Human Resources & Facilities Management > Security/Facilities Management,(212) 839-8909,,,,55 Water St.,New York,NY,10041,City,,Green Book,
(vacant),Associate Deputy Commissioner,Transportation,DOT,Office of the First Deputy Commissioner > Division of Sidewalks & Inspection Management > Sidewalk Management Citywide Concrete Program,(212) 839-4294,,,(212) 839-4232,55 Water St.,New York,NY,10041,City,yes,Green Book,
Jorge Ortiz,"Vice President, Controller",United Nations Development Corporation,UNDC,Corporate Officers,,,,,2 United Nations Plaza,New York,NY,10017,City,,Green Book,
Loida Diaz de Jesus,Vice President,United Nations Development Corporation,UNDC,Corporate Officers,,,,,2 United Nations Plaza,New York,NY,10017,City,,Green Book,
"Robert Cole, Sr.",Executive Vice President & General Counsel,United Nations Development Corporation,UNDC,Corporate Officers,,,,,2 United Nations Plaza,New York,NY,10017,City,,Green Book,
Yesenia Mata,Commissioner,"Veterans' Services, Department of",DVS,,,,,,1 Centre St.,New York,NY,10007,City,,governance dataset,James W. Hendon
David Womack,Chief Executive Officer,"Water Finance Authority, NYC Municipal",,,(212) 788-5872,,,,255 Greenwich St.,New York,NY,10007,City,,Green Book,
Nameca Sharma,Assistant Comptroller,"Water Finance Authority, NYC Municipal",,,(212) 788-6016,,,,255 Greenwich St.,New York,NY,10007,City,,Green Book,
Raymond Lee,Comptroller,"Water Finance Authority, NYC Municipal",,,(212) 788-6041,,,,255 Greenwich St.,New York,NY,10007,City,,Green Book,
Sanna Wong-Chen,Deputy Executive Director,"Water Finance Authority, NYC Municipal",,,(212) 788-5896,,,,255 Greenwich St.,New York,NY,10007,City,,Green Book,
Alan Cheng,First Deputy Commissioner,Youth and Community Development,DYCD,,(646) 343-6810,,,,2 Lafayette St.,New York,NY,10007,City,,Green Book,
Mark Zustovich,Chief Public Information Officer,Youth and Community Development,DYCD,,(646) 343-6740,,,,2 Lafayette St.,New York,NY,10007,City,,Green Book,
Erica Caraway,"Deputy Commissioner, Human Capital",Youth and Community Development,DYCD,Administration,(646) 343-6712,,,,2 Lafayette St.,New York,NY,10007,City,,Green Book,
Jeremy Halbridge,"Deputy Commissioner, Administration",Youth and Community Development,DYCD,Administration,(646) 343-6730,,,,2 Lafayette St.,New York,NY,10007,City,,Green Book,
Mike Bobbitt,"Deputy Commissioner, Community Development",Youth and Community Development,DYCD,Community Development,(646) 343-6450,,,,2 Lafayette St.,New York,NY,10007,City,,Green Book,
Valerie Mulligan,"Deputy Commissioner, Workforce",Youth and Community Development,DYCD,Workforce,(646) 343-6620,,,,2 Lafayette St.,New York,NY,10007,City,,Green Book,
Susan Haskell,"Deputy Commissioner, Youth Services",Youth and Community Development,DYCD,Youth Services,(646) 343-6410,,,,2 Lafayette St.,New York,NY,10007,City,,Green Book,
Ebony Young,Deputy Borough President,Borough President - Queens,,,(718) 286-2891,,,,120-55 Queens Blvd.,Kew Gardens,NY,11424,City,,Green Book,
Jonathan Imperial,Assistant to the Deputy Borough President,Borough President - Queens,,,(718) 286-2890,,,,120-55 Queens Blvd.,Kew Gardens,NY,11424,City,,Green Book,
John Bittner,"Director, Operations",Borough President - Queens,,Units,(718) 286-2664,,,,120-55 Queens Blvd.,Kew Gardens,NY,11424,City,,Green Book,
Omar Trabal,Director of Information Technology,Borough President - Queens,,Units,(718) 286-2971,,,,120-55 Queens Blvd.,Kew Gardens,NY,11424,City,,Green Book,
Vanessa Ordonez,"Director, Immigrant Affairs",Borough President - Queens,,Units,(718) 286-2942,,,,120-55 Queens Blvd.,Kew Gardens,NY,11424,City,,Green Book,
Lisa Atkins,"Director, Housing",Borough President - Queens,,Units,(718) 286-2860,,,,120-55 Queens Blvd.,Kew Gardens,NY,11424,City,,Green Book,
Katherine Damiani-Brezler,"Director, Special Advisor for Strategic Initiatives",Borough President - Queens,,Units,(718) 286-2784,,,,120-55 Queens Blvd.,Kew Gardens,NY,11424,City,,Green Book,
Leticia Hoyte,Assistant to the Chief of Staff,Borough President - Queens,,,(718) 286-2872,,,,120-55 Queens Blvd.,Kew Gardens,NY,11424,City,,Green Book,
Katherine Zapata,"Director, Education",Borough President - Queens,,Units,(718) 286-2627,,,,120-55 Queens Blvd.,Kew Gardens,NY,11424,City,,Green Book,
Susie Tanenbaum,"Director, Nonprofit Opportunities",Borough President - Queens,,Units,(718) 286-2741,,,,120-55 Queens Blvd.,Kew Gardens,NY,11424,City,,Green Book,
Victoria Garvey,"Director, Planning & Development",Borough President - Queens,,Units,(718) 286-2860,,,,120-55 Queens Blvd.,Kew Gardens,NY,11424,City,,Green Book,
Elaine Cheung,Chief of Staff - Operations,Borough President - Manhattan,,,(212) 669-7085,,,,1 Centre St.,New York,NY,10007,City,,Green Book,
Mohammed Sadiq,"Director, Topography",Borough President - Queens,,Units,(718) 286-2930,,,,120-55 Queens Blvd.,Kew Gardens,NY,11424,City,,Green Book,
Chris Barca,"Director, Communications",Borough President - Queens,,,(718) 286-2641,,,,120-55 Queens Blvd.,Kew Gardens,NY,11424,City,,Green Book,
"Donovan Richards, Jr.",President of the Borough,Borough President - Queens,,,,,,,120-55 Queens Blvd.,Kew Gardens,NY,11424,City,,Green Book,
Susanne Marchetti,"Director, Personnel",Borough President - Queens,,Units,(718) 286-2665,,,,120-55 Queens Blvd.,Kew Gardens,NY,11424,City,,Green Book,
Phil Ballman,"Director, Cultural Affairs & Tourism",Borough President - Queens,,Units,(718) 286-2677,,,,120-55 Queens Blvd.,Kew Gardens,NY,11424,City,,Green Book,
Erik Cuello,"Director, Community Affairs",Borough President - Manhattan,,,(212) 669-4814,,,,1 Centre St.,New York,NY,10007,City,,Green Book,
John Raine R.A.,Borough Commissioner,Buildings,DOB,Development & Technical Affairs > Manhattan Borough Office,(212) 393-2019,,(212) 393-2614,,280 Broadway,New York,NY,10007,City,,Green Book,
"Jason K. Graham, MD",Chief Medical Examiner,"Medical Examiner, Office of Chief",OCME,,(212) 447-2321,,,,421 E. 26th St.,New York,NY,10016,City,,Green Book,
LeRoy C. McGinnis,Executive Director,NYC Fire Pension Fund,,,(929) 436-0099,,,,1 Battery Park Plaza,New York,NY,10004,City,,Green Book,
Sarahn OUhuru,Assistant Commissioner of Human Resources and Labor Relations,"Medical Examiner, Office of Chief",OCME,,(212) 323-1439,,,,421 E. 26th St.,New York,NY,10016,City,,Green Book,
Yvonne D. Williams,Deputy Commissioner of Administration and Finance/Chief Performance Officer,"Medical Examiner, Office of Chief",OCME,,(212) 323-1726,,,,421 E. 26th St.,New York,NY,10016,City,,Green Book,
Qiana Smith-Williams,Chief,"Law Department, Office of the Corporation Counsel",LAW,Special Federal Litigation,(212) 356-3500,,,,100 Church St.,New York,NY,10007,City,,Green Book,
"Terra Cederroth, MD",Deputy Chief Medical Examiner - Manhattan,"Medical Examiner, Office of Chief",OCME,,(212) 447-2053,,,,421 E. 26th St.,New York,NY,10016,City,,Green Book,
"Andrea Coleman, MD",Deputy Chief Medical Examiner - Brooklyn,"Medical Examiner, Office of Chief",OCME,,(718) 804-8055,,,,421 E. 26th St.,New York,NY,10016,City,,Green Book,
(vacant),Acting Deputy General Counsel,"Correction, Department of",DOC,Office of the General Counsel/Deputy Commissioner of Legal Affairs,(718) 546-0949,,,,75-20 Astoria Blvd.,East Elmhurst,NY,11370,City,yes,Green Book,
(vacant),"Assistant Commissioner, Public Information","Correction, Department of",DOC,Office of Public Information,(718) 546-0946,,,,75-20 Astoria Blvd.,East Elmhurst,NY,11370,City,yes,Green Book,
(vacant),"Deputy Commissioner, Human Resources","Correction, Department of",DOC,Human Resources Division,(718) 546-3109,,,,75-20 Astoria Blvd.,East Elmhurst,NY,11370,City,yes,Green Book,
(vacant),Commissioner,"Tax Appeals, Office Of Administrative",OATA,,,,,,,,,,City,yes,Green Book,
Dianna Man,Chief Human Resources Officer,Small Business Services,SBS,Financial Management & Administration,(212) 618-6798,,,,One Liberty Plaza,New York,NY,10006,City,,Green Book,
Imani Dawson,"Communications Director, Press and Public Information","Aging, Department for the",,External Affairs,(212) 602-4152,,,,2 Lafayette St.,New York,NY,10007,City,,Green Book,
Chandra Smith Thomas,"Assistant Commissioner, Workforce and Community Development","Aging, Department for the",,Programs,(212) 602-7776,,,,2 Lafayette St.,New York,NY,10007,City,,Green Book,
Jessica S. Tisch,Police Commissioner,Police Department,NYPD,,,,,,1 Police Plaza,New York,NY,10038,City,,Green Book,
Chantell Griffith,Deputy Chief of Staff to the Chancellor,Education,,,(212) 374-2307,,,,52 Chambers St.,New York,NY,10007,City,,Green Book,
Dong Han,Deputy Chief of Staff to the Chancellor,Education,,,(212) 374-3463,,,,52 Chambers St.,New York,NY,10007,City,,Green Book,
Kenita Lloyd,Chief of Staff,Education,,,(212) 374-2467,,,,52 Chambers St.,New York,NY,10007,City,,Green Book,
Dan Weisberg,First Deputy Chancellor,Education,,Office of the First Deputy Chancellor,,,,,52 Chambers St.,New York,NY,10007,City,,Green Book,
"Gretchen Van Wye PhD, MA",Assistant Commissioner & NYC Registrar,"Health & Mental Hygiene, Department of",DOHMH,Center for Population Health Data Science > Bureau of Vital Statistics,(646) 632-6747,,,,125 Worth St.,New York,NY,10013,City,,Green Book,
Karlyne Fequiere,Chief Assistant Corporation Counsel,"Law Department, Office of the Corporation Counsel",LAW,,(212) 356-5010,,,,100 Church St.,New York,NY,10007,City,,Green Book,
Toshia McKnight,Chief Assistant Corporation Counsel,"Law Department, Office of the Corporation Counsel",LAW,,(212) 356-5020,,,,100 Church St.,New York,NY,10007,City,,Green Book,
Mark Farfel Sc.D,Director,"Health & Mental Hygiene, Department of",DOHMH,Center for Population Health Data Science > World Trade Center Health Registry,(718) 786-4551,,,,42-09 28th St.,Long Island City,NY,11101,City,,Green Book,
Ewel Napier MPA,Assistant Commissioner,"Health & Mental Hygiene, Department of",DOHMH,Division of Family & Child Health > Bureau of Administration,(347) 396-4462,,,,42-09 28th St.,Long Island City,NY,11101,City,,Green Book,
"Gretchen Van Wye PhD, MA",Chief Epidemiologist,"Health & Mental Hygiene, Department of",DOHMH,Center for Population Health Data Science,(646) 632-6747,,,,42-09 28th St.,Long Island City,NY,11101,City,,Green Book,
"Sung woo Lim, PhD",Assistant Commissioner,"Health & Mental Hygiene, Department of",DOHMH,Center for Population Health Data Science > Bureau of Epidemiology Services,(347) 396-2823,,,,42-09 28th St.,Long Island City,NY,11101,City,,Green Book,
John Campbell,"Director, Legal Recruitment","Law Department, Office of the Corporation Counsel",LAW,,(212) 356-2446,,,,100 Church St.,New York,NY,10007,City,,Green Book,
Sheryl Neufeld,First Assistant Corporation Counsel,"Law Department, Office of the Corporation Counsel",LAW,,(212) 356-2100,,,,100 Church St.,New York,NY,10007,City,,Green Book,
Tamira Bowers,"Assistant Commissioner, Division Management","Health & Mental Hygiene, Department of",DOHMH,Center for Population Health Data Science,(347) 396-2916,,,,42-09 28th St.,Long Island City,NY,11101,City,,Green Book,
Shameka Overton,"Executive Deputy Commissioner, Asset and Property Management",Citywide Administrative Services,DCAS,,(212) 386-0209,,,,1 Centre St.,New York,NY,10007,City,,Green Book,
Carmine Rivetti,"Deputy Commissioner, Public Affairs",Citywide Administrative Services,DCAS,Public Affairs,(212) 386-6303,,,,1 Centre St.,New York,NY,10007,City,,Green Book,
Janae Ferreira,"Director, The City Record",Citywide Administrative Services,DCAS,Public Affairs,(212) 386-0055,,,,1 Centre St.,New York,NY,10007,City,,Green Book,
Laura B. Ringelheim,"Executive Deputy Commissioner, Internal Operations",Citywide Administrative Services,DCAS,,(212) 386-6310,,,,1 Centre St.,New York,NY,10007,City,,Green Book,
Rafeek Shaker,Assistant Chief Engineer,Comptroller,,Bureau of Engineering,(212) 669-2196,,,,1 Centre St.,New York,NY,10007,City,,Green Book,
Harrouch Walid,Chief Engineer,Comptroller,,Bureau of Engineering,(212) 669-2037,,,,1 Centre St.,New York,NY,10007,City,,Green Book,
Tarek A. Rahman,"Deputy Commissioner, Department Advocate",Police Department,NYPD,,(646) 610-5140,,,,1 Police Plaza,New York,NY,10038,City,,Green Book,
(vacant),"Director, Communications",Comptroller,,Press Office/Communications,(212) 669-3847,,,,1 Centre St.,New York,NY,10007,City,yes,Green Book,
Andy Wu,"Division Chief, Specialized Contract Registration",Comptroller,,Bureau of Contract Administration,(212) 669-7858,,(212) 669-2323,,1 Centre St.,New York,NY,10007,City,,Green Book,
Richard Lundy,Assistant Comptroller/Chief Information Officer,Comptroller,,Bureau of Information Systems and Technology,(212) 669-8373,,,,1 Centre St.,New York,NY,10007,City,,Green Book,
Ryan A. Merola,Chief of Staff,Police Department,NYPD,,(646) 610-5410,,,,1 Police Plaza,New York,NY,10038,City,,Green Book,
Kristine M. Ryan,"Deputy Commissioner, Management & Budget",Police Department,NYPD,,(646) 610-6670,,,,1 Police Plaza,New York,NY,10038,City,,Green Book,
(vacant),"Senior Advisor, Assistant Comptroller, Pensions",Comptroller,,Bureau of Asset Management,(212) 669-2744,,,,1 Centre St.,New York,NY,10007,City,yes,Green Book,
James Stratford,Executive Director,Mayor's Office of Equity & Racial Justice,MOERJ,NYC Young Mens Initiative,,,,,253 Broadway,New York,NY,10007,City,,Green Book,
Philip P. Rivera,Chief of Patrol,Police Department,NYPD,,(646) 610-6735,,,,1 Police Plaza,New York,NY,10038,City,,Green Book,
Patrick Benn,"Deputy Commissioner, Facilities Management & Construction",Citywide Administrative Services,DCAS,Facilities Management & Construction,(212) 386-0526,,,,1 Centre St.,New York,NY,10007,City,,Green Book,
Alison Macleod,"Division Chief, Procurement/DACCO",Comptroller,,Bureau of Administration,(212) 669-3166,,,,1 Centre St.,New York,NY,10007,City,,Green Book,
Michael Saladino,Assistant Chief,Sanitation,DSNY,Operations > Sanitation Enforcement,(718) 714-2751,,,,1824 Shore Pkwy.,Brooklyn,NY,11214,City,,Green Book,
Daniel Montiel,"Assistant Commissioner, Data Analytics",Sanitation,DSNY,Management & Budget > Operations Management Division,(646) 885-4613,,,,125 Worth St.,New York,NY,10013,City,,Green Book,
Elden Williams,Chief,Sanitation,DSNY,Human Capital,(646) 885-4609,,,,125 Worth St.,New York,NY,10013,City,,Green Book,
Jeffrey Pitts,Chief,Sanitation,DSNY,Operations > Cleaning Operations,(646) 885-5049,,,,125 Worth St.,New York,NY,10013,City,,Green Book,
Sue Liu,"Assistant Commissioner, Solid Waste Management Engineering",Sanitation,DSNY,Support Services > Solid Waste Management,(212) 437-4402,,(646) 885-4700,,125 Worth St.,New York,NY,10013,City,,Green Book,
Cynthia Doty,Deputy Chief Clerk,"Elections, Board of",BOENY,Borough Offices > Manhattan,,,(212) 886-2100,,200 Varick St.,New York,NY,10013,City,,Green Book,
Ralph Wuest,Assistant Commissioner,Design and Construction,DDC,Infrastructure Division > Program Management,(718) 391-2353,,,,30-30 Thomson Ave.,Long Island City,NY,11101,City,,Green Book,
John Rossiello,Chief,Sanitation,DSNY,Support Services > Solid Waste Management,(646) 885-5056,,(646) 885-4700,,125 Worth St.,New York,NY,10013,City,,Green Book,
Patrick Shannon,Chief,Sanitation,DSNY,Management & Budget > Operations Management Division,(646) 885-4674,,,,125 Worth St.,New York,NY,10013,City,,Green Book,
Joseph O'Keefe,Borough Chief,Sanitation,DSNY,Operations > Borough Offices & Borough Chiefs > Brooklyn South,(718) 714-2768,,(718) 714-2760,,1824 Shore Pkwy.,Brooklyn,NY,11214,City,,Green Book,
John Gioia,Agency Chief Contracting Officer (ACCO),Sanitation,DSNY,Management & Budget > Agency Chief Contracting Officer,(212) 437-5048,,,,44 Beaver St.,New York,NY,10004,City,,Green Book,
Gbubemi Okotieuro,"Assistant Commissioner, Intergovernmental Affairs",Sanitation,DSNY,External Affairs,(646) 885-4909,,,,125 Worth St.,New York,NY,10013,City,,Green Book,
Daniel Stine,Chief,Sanitation,DSNY,Operations > Collection and Recycling Operations,(646) 885-4830,,,,125 Worth St.,New York,NY,10013,City,,Green Book,
James Miglino,Chief,Sanitation,DSNY,Operations > Bureau Operations,(646) 885-4517,,,,125 Worth St.,New York,NY,10013,City,,Green Book,
Stacey David-Peterson,"Assistant Commissioner, Fiscal Management",Citywide Administrative Services,DCAS,Fiscal & Business Management,(212) 386-0249,,,,1 Centre St.,New York,NY,10007,City,,Green Book,
Roman Gofman,Deputy Commissioner,Citywide Administrative Services,DCAS,Office of Citywide Procurement,(212) 386-6283,,(718) 416-8703,,1 Centre St.,New York,NY,10007,City,,Green Book,
Kadian Outar,"Assistant Commissioner, Workforce Operations",Citywide Administrative Services,DCAS,Citywide Human Capital,(212) 386-1703,,(212) 669-7155,,1 Centre St.,New York,NY,10007,City,,Green Book,
April Bedford,Provost & Senior Vice President for Academic Affairs,City University of New York,CUNY,Senior Colleges > Brooklyn College,(718) 951-5864,,(718) 951-5000,,205 E. 42nd St.,New York,NY,10017,City,,Green Book,
Sara Wong,Associate Director,"Management & Budget, Office of",OMB,,(212) 788-5800,,,,255 Greenwich St.,New York,NY,10007,City,,Green Book,
Fayola Alibey,EEO Officer,"Management & Budget, Office of",OMB,,(212) 788-5800,,,,255 Greenwich St.,New York,NY,10007,City,,Green Book,
Debbie Brown,Associate Director,"Management & Budget, Office of",OMB,,(212) 788-5800,,,,255 Greenwich St.,New York,NY,10007,City,,Green Book,
Deborah Cohen,Assistant Secretary,"Transitional Finance Authority, NYC",TFA,,(212) 788-5880,,,,255 Greenwich St.,New York,NY,10007,City,,Green Book,
Patrick DiStefano,Deputy Director,"Management & Budget, Office of",OMB,,(212) 788-5800,,,,255 Greenwich St.,New York,NY,10007,City,,Green Book,
William Murray,Chief of Staff,City University of New York,CUNY,Senior Colleges > Herbert H. Lehman College,(718) 960-1984,,(718) 960-8000,,205 E. 42nd St.,New York,NY,10017,City,,Green Book,
(vacant),Vice President Finance,City University of New York,CUNY,Community Colleges > Borough of Manhattan Community College,(212) 220-8061,,(212) 220-8000,,205 E. 42nd St.,New York,NY,10017,City,yes,Green Book,
Maritza Rivera,"Director, Compliance & Diversity",City University of New York,CUNY,Senior Colleges > Herbert H. Lehman College,(719) 960-8110,,(718) 960-8000,,205 E. 42nd St.,New York,NY,10017,City,,Green Book,
Bridget Barbera,Executive Counsel to President for Legal Affairs & Labor Designee,City University of New York,CUNY,Senior Colleges > Herbert H. Lehman College,(718) 960-8559,,(718) 960-8000,,205 E. 42nd St.,New York,NY,10017,City,,Green Book,
Corey Cush,"Vice President, Information Technology and Chief Information Officer",City University of New York,CUNY,Community Colleges > Borough of Manhattan Community College,(212) 220-8327,,(212) 220-8000,,205 E. 42nd St.,New York,NY,10017,City,,Green Book,
Neil Eisenberg,"Deputy Commissioner, Strategic Initiatives",Sanitation,DSNY,Strategic Initiatives,(646) 885-1088,,,,125 Worth St.,New York,NY,10013,City,,Green Book,
Fernando Delgado,President,City University of New York,CUNY,Senior Colleges > Herbert H. Lehman College,(718) 960-8111,,(718) 960-8000,,205 E. 42nd St.,New York,NY,10017,City,,Green Book,
Frank Marshall,"Assistant Commissioner, Division of Commercial Waste",Sanitation,DSNY,Strategic Initiatives,(347) 865-4360,,,,125 Worth St.,New York,NY,10013,City,,Green Book,
(vacant),"Provost & Senior Vice President, Academic Affairs",City University of New York,CUNY,Community Colleges > Borough of Manhattan Community College,(212) 220-8321,,(212) 220-8000,,205 E. 42nd St.,New York,NY,10017,City,yes,Green Book,
Stephen Cambria,"Assistant Commissioner, Containerization",Sanitation,DSNY,Strategic Initiatives,(646) 885-4834,,,,125 Worth St.,New York,NY,10013,City,,Green Book,
Judith Eisenberg,"Dean, Sponsored Research and Grants",City University of New York,CUNY,Community Colleges > Borough of Manhattan Community College,(212) 220-8011,,(212) 220-8000,,205 E. 42nd St.,New York,NY,10017,City,,Green Book,
(vacant),Chief Diversity Officer & Special Advisor to the President,City University of New York,CUNY,Community Colleges > Borough of Manhattan Community College,(212) 220-1236,,(212) 220-8000,,205 E. 42nd St.,New York,NY,10017,City,yes,Green Book,
Cara Berkowitz JD,"Executive Director, Government Relations",City University of New York,CUNY,"Graduate, Honors and Professional Colleges > City University of New York (CUNY) School of Medicine",(212) 650-6579,,(212) 650-7700,,205 E. 42nd St.,New York,NY,10017,City,,Green Book,
Jose Rios Lua,Chief of Staff,"Human Rights, City Commission on",CCHR,Personnel,(212) 416-0105,,,,22 Reade St.,New York,NY,10007,City,,Green Book,
Robert Paskus,Assistant Commissioner,Finance,DOF,Finance Information Technology > Acris & Legacy Systems,(212) 291-4551,,,,1 Centre St.,New York,NY,10007,City,,Green Book,
Samuel Mayer,Assistant Commissioner,Finance,DOF,Internal Audit,(212) 291-2536,,,,1 Centre St.,New York,NY,10007,City,,Green Book,
(vacant),Senior Associate Dean for Academic and Faculty Affairs,City University of New York,CUNY,"Graduate, Honors and Professional Colleges > City University of New York (CUNY) School of Medicine",,,(212) 650-7700,,205 E. 42nd St.,New York,NY,10017,City,yes,Green Book,
Richard Finger,"Vice President, Enrollment Management & Associate Provost",City University of New York,CUNY,Senior Colleges > Herbert H. Lehman College,(718) 960-7825,,(718) 960-8000,,205 E. 42nd St.,New York,NY,10017,City,,Green Book,
Caroline Carney,Chief Information Officer,Finance,DOF,Finance Information Technology,(212) 291-4324,,,,1 Centre St.,New York,NY,10007,City,,Green Book,
George D. Adames,Deputy General Counsel,"Human Rights, City Commission on",CCHR,General Counsel,(212) 416-0227,,,,22 Reade St.,New York,NY,10007,City,,Green Book,
Ekaterina Sukhanova,Interim Associate Dean for Institutional Effectiveness and Compliance,City University of New York,CUNY,"Graduate, Honors and Professional Colleges > City University of New York (CUNY) School of Medicine",(212) 650-5275,,(212) 650-7700,,205 E. 42nd St.,New York,NY,10017,City,,Green Book,
"Daniel Richter, MD",Associate Dean for Curriculum and Assessment,City University of New York,CUNY,"Graduate, Honors and Professional Colleges > City University of New York (CUNY) School of Medicine",(212) 650-7101,,(212) 650-7700,,205 E. 42nd St.,New York,NY,10017,City,,Green Book,
"Fernando Villalta, PhD",Associate Dean for Graduate Programs and Faculty Development,City University of New York,CUNY,"Graduate, Honors and Professional Colleges > City University of New York (CUNY) School of Medicine",(212) 650-7748,,(212) 650-7700,,205 E. 42nd St.,New York,NY,10017,City,,Green Book,
Kelly Brown,"Vice President, Institutional Advancement",City University of New York,CUNY,Senior Colleges > Herbert H. Lehman College,(718) 960-8350,,(718) 960-8000,,205 E. 42nd St.,New York,NY,10017,City,,Green Book,
"Kathleen ODonnell MA, MBA, MPH","Senior Associate Dean for Clinical Administration, Finance and Strategy",City University of New York,CUNY,"Graduate, Honors and Professional Colleges > City University of New York (CUNY) School of Medicine",(212) 650-7479,,(212) 650-7700,,205 E. 42nd St.,New York,NY,10017,City,,Green Book,
Ann Peterson,Inspector General,Finance,DOF,Inspector General,(212) 825-5904,,,,1 Centre St.,New York,NY,10007,City,,Green Book,
Lorna Malcolm,Associate Dean for Institutional Advancement,City University of New York,CUNY,"Graduate, Honors and Professional Colleges > City University of New York (CUNY) School of Medicine",(212) 650-5290,,(212) 650-7700,,205 E. 42nd St.,New York,NY,10017,City,,Green Book,
Mariela Salazar MPA,Deputy Commissioner for Administrative Services,"Human Rights, City Commission on",CCHR,Administration,(212) 416-0233,,,,22 Reade St.,New York,NY,10007,City,,Green Book,
"Mari Lima, PhD",Associate Dean for Research,City University of New York,CUNY,"Graduate, Honors and Professional Colleges > City University of New York (CUNY) School of Medicine",(212) 650-6386,,(212) 650-7700,,205 E. 42nd St.,New York,NY,10017,City,,Green Book,
Elizabeth Wilson-Anstey EdD,Senior Associate Dean for Opportunity and Engagement,City University of New York,CUNY,"Graduate, Honors and Professional Colleges > City University of New York (CUNY) School of Medicine",(212) 650-5843,,(212) 650-7700,,205 E. 42nd St.,New York,NY,10017,City,,Green Book,
"Stannis Smith Esq, MBA, LLM",Executive General Counsel and Labor Designee,City University of New York,CUNY,"Graduate, Honors and Professional Colleges > City University of New York (CUNY) School of Medicine",(212) 650-8624,,(212) 650-7700,,205 E. 42nd St.,New York,NY,10017,City,,Green Book,
Medgine Sanon-Ellis,"Chief EEO Officer/Director of Equal Employment Opportunity, Equity, and Inclusion","Human Rights, City Commission on",CCHR,Personnel,(212) 416-0138,,,,22 Reade St.,New York,NY,10007,City,,Green Book,
Brian Honan,"Executive Senior Vice President, Intergovernmental Relations","Housing Authority, NYC",NYCHA,,(212) 306-8108,,,,90 Church St.,New York,NY,10007,City,,Green Book,
Ester Tomicic-Hines,"Vice President, HUD Inspections","Housing Authority, NYC",NYCHA,Operations,(212) 776-5208,,,,90 Church St.,New York,NY,10007,City,,Green Book,
Ruth Moreira,First Executive Vice President,"Housing Development Corporation, NYC",HDC,,,,,,120 Broadway,New York,NY,10271,City,,Green Book,
Michael Horgan,Press Secretary,"Housing Authority, NYC",NYCHA,,(212) 306-6670,,,,90 Church St.,New York,NY,10007,City,,Green Book,
Alex Medina,Senior Vice President of Asset Management,"Housing Development Corporation, NYC",HDC,,,,,,120 Broadway,New York,NY,10271,City,,Green Book,
Cassiah M. Ward,Chief Compliance Officer,"Housing Authority, NYC",NYCHA,Compliance,(212) 306-8484,,,,90 Church St.,New York,NY,10007,City,,Green Book,
Brian Cheigh,Senior Vice President for Public Housing and Lending Strategies,"Housing Development Corporation, NYC",HDC,,,,,,120 Broadway,New York,NY,10271,City,,Green Book,
Lauren Connors,Senior Vice President for Development,"Housing Development Corporation, NYC",HDC,,,,,,120 Broadway,New York,NY,10271,City,,Green Book,
Andrew Dokos,Treasurer of Treasury Operations,"Housing Authority, NYC",NYCHA,Finance,(212) 306-6837,,,,90 Church St.,New York,NY,10007,City,,Green Book,
Tinru Lin,Senior Vice President for Capital Markets,"Housing Development Corporation, NYC",HDC,,,,,,120 Broadway,New York,NY,10271,City,,Green Book,
Wanjiru Bila,Executive Vice President of Asset Management,"Housing Development Corporation, NYC",HDC,,,,,,120 Broadway,New York,NY,10271,City,,Green Book,
Moira Skeados,"Senior Vice President, Deputy General Counsel and Secretary","Housing Development Corporation, NYC",HDC,,,,,,120 Broadway,New York,NY,10271,City,,Green Book,
Anastasios Georgelis,Acting Chief Operating Officer,Environmental Protection,DEP,,(718) 595-5696,,,,59-17 Junction Blvd.,Flushing,NY,11373,City,,Green Book,
Corey Walker,"Senior Vice President, Human Resources",Brooklyn Navy Yard Development Corporation,,,(347) 220-5564,,,,"141 Flushing Avenue, Suite 801",Brooklyn,NY,11205,City,,Green Book,
Angela DeLillo P.E.,Deputy Commissioner,Environmental Protection,DEP,Bureau of Wastewater Treatment,(718) 595-5268,,,,59-17 Junction Blvd.,Flushing,NY,11373,City,,Green Book,
Kathryn Spota,DEP Inspector General,Environmental Protection,DEP,,(212) 825-3718,,,(212) 825-4236,59-17 Junction Blvd.,Flushing,NY,11373,City,,Green Book,
Denice Williams,"Deputy Commissioner, Planning, Program Integration and Evaluation",Youth and Community Development,DYCD,"Planning, Program Integration and Evaluation",(646) 343-6110,,,,2 Lafayette St.,New York,NY,10007,City,,Green Book,
Denise Ramirez,"Associate Commissioner, Diversity, Equity and Inclusion",Youth and Community Development,DYCD,,(646) 343-6490,,,,2 Lafayette St.,New York,NY,10007,City,,Green Book,
John Esposito,Chief of Department,Fire Department,FDNY,,(718) 999-0288,,,,9 MetroTech Center,Brooklyn,NY,11201,City,,Green Book,
Roberta Pereira,"Director, Barbara G. & Lawrence A. Fleischman",New York Public Library,NYPL,The New York Public Library For The Performing Arts,,,,,40 Lincoln Center Plaza,New York,NY,10023,City,,Green Book,
Robert E. Diaz,Interim Executive Legal Counsel & Labor Designee,City University of New York,CUNY,Community Colleges > Bronx Community College,(718) 289-5809,,(718) 289-5100,(718) 289-6011,205 E. 42nd St.,New York,NY,10017,City,,Green Book,
Andrew Miller,"Assistant Commissioner, External Relations",Youth and Community Development,DYCD,,(646) 343-6738,,,,2 Lafayette St.,New York,NY,10007,City,,Green Book,
Jasmine Sheppard,Chief Communications Strategist,Youth and Community Development,DYCD,,(646) 343-6397,,,,2 Lafayette St.,New York,NY,10007,City,,Green Book,
Amirah Cousins Melendez,Confidential Executive Associate,City University of New York,CUNY,Community Colleges > Bronx Community College,(718) 289-5155,,(718) 289-5100,(718) 289-6011,205 E. 42nd St.,New York,NY,10017,City,,Green Book,
Jennifer Lopez,Chief Digital Officer,New York Public Library,NYPL,,(212) 930-0792,,,,Fifth Ave. & 42nd St.,New York,NY,10018,City,,Green Book,
Mark Flower,Vice President & Chief Operating Officer,City University of New York,CUNY,Senior Colleges > John Jay College of Criminal Justice,(212) 621-3789,,(212) 237-8000,,205 E. 42nd St.,New York,NY,10017,City,,Green Book,
Luis Montenegro,Vice President/Provost for Academic Affairs,City University of New York,CUNY,Community Colleges > Bronx Community College,(718) 289-5141,,(718) 289-5100,(718) 289-6006,205 E. 42nd St.,New York,NY,10017,City,,Green Book,
Joseph Downey,Chief in Charge,Fire Department,FDNY,Fire Operations > Rescue Operations,,,(212) 755-8684,,"750 Main St., Roosevelt Island",New York,NY,10044,City,,Green Book,
Manny Lopez,"Interim Vice President, Student Success",City University of New York,CUNY,Community Colleges > Bronx Community College,(718) 289-5962,,(718) 289-5100,(718) 289-6347,205 E. 42nd St.,New York,NY,10017,City,,Green Book,
Malcom Moore,Chief in Charge,Fire Department,FDNY,Fire Operations > Special Operations Command,,,(718) 999-2648,,9 MetroTech Center,Brooklyn,NY,11201,City,,Green Book,
Allison Pease,"Provost and Senior Vice President, Academic Affairs",City University of New York,CUNY,Senior Colleges > John Jay College of Criminal Justice,(212) 237-8565,,(212) 237-8000,,205 E. 42nd St.,New York,NY,10017,City,,Green Book,
Frank Simpson,Chief in Charge,Fire Department,FDNY,Fire Operations > Marine Division,,,(718) 722-3400,,"Brooklyn Navy Yard, Bldg. #292",Brooklyn,NY,11205,City,,Green Book,
Myra B. Forney,Vice President & Executive Counsel,City University of New York,CUNY,Senior Colleges > John Jay College of Criminal Justice,(212) 237-8911,,(212) 237-8000,,205 E. 42nd St.,New York,NY,10017,City,,Green Book,
Grace Cacciola,"Assistant Chief, EMS Operations",Fire Department,FDNY,Fire Operations > Emergency Medical Services Command,(718) 999-1747,,(718) 999-2770,,9 MetroTech Center,Brooklyn,NY,11201,City,,Green Book,
Bridget Smith,"Vice President, General Counsel & Secretary",New York Public Library,NYPL,,(212) 930-0792,,,,Fifth Ave. & 42nd St.,New York,NY,10018,City,,Green Book,
Kevin Woods,"Chief, Operations",Fire Department,FDNY,Fire Operations,(718) 494-7370,,(718) 999-7900,,9 MetroTech Center,Brooklyn,NY,11201,City,,Green Book,
Darryl Rattray,"Deputy Commissioner, Strategic Partnerships",Youth and Community Development,DYCD,Strategic Partnerships/Office of Neighborhood Safety,(646) 343-6420,,,,2 Lafayette St.,New York,NY,10007,City,,Green Book,
David Sims,Chief in Charge,Fire Department,FDNY,Fire Operations > Staten Island Borough Command,,,(917) 887-9625,,3730 Victory Blvd.,Staten Island,NY,10314,City,,Green Book,
Barry Greenspan,Assistant Commissioner,Fire Department,FDNY,Bureau of Management and Budget,(718) 999-2274,,,,9 MetroTech Center,Brooklyn,NY,11201,City,,Green Book,
Lizette Christoff,"Deputy Commissioner, Management and Budget",Fire Department,FDNY,Bureau of Management and Budget,(718) 999-1183,,,,9 MetroTech Center,Brooklyn,NY,11201,City,,Green Book,
Brian Gorman,Chief in Charge,Fire Department,FDNY,Fire Operations > Manhattan Borough Command,,,(212) 570-1518,,"100 Duane St., 3rd Fl.",New York,NY,10007,City,,Green Book,
Michael Meyers,Chief in Charge,Fire Department,FDNY,Bureau of Training,(212) 360-4469,,,,Randall's Island,New York,NY,10035,City,,Green Book,
Joseph Duggan,Chief in Charge,Fire Department,FDNY,Fire Operations > Brooklyn Borough Command,,,(718) 999-7048,,172 Tillary St.,Brooklyn,NY,11201,City,,Green Book,
Thomas Currao,Chief in Charge,Fire Department,FDNY,Bureau of Fire Prevention,(718) 999-2778,,(718) 999-2541,,9 MetroTech Center,Brooklyn,NY,11201,City,,Green Book,
Stella Xu,Chief Workforce Strategist,Fire Department,FDNY,Human Capital,(718) 999-0980,,,,9 MetroTech Center,Brooklyn,NY,11201,City,,Green Book,
Jason Shelley,"Assistant Commissioner, Intergovernmental Affairs",Fire Department,FDNY,Bureau of External Affairs,(718) 999-1026,,,,9 MetroTech Center,Brooklyn,NY,11201,City,,Green Book,
Nafeesah Noonan,"Associate Commissioner, Workforce Development",Fire Department,FDNY,Human Capital,(718) 999-2843,,,,9 MetroTech Center,Brooklyn,NY,11201,City,,Green Book,
"David Prezant, MD",Chief Medical Officer,Fire Department,FDNY,Bureau of Health Services,(718) 999-2696,,(718) 999-1917,,9 MetroTech Center,Brooklyn,NY,11201,City,,Green Book,
Althea Drysdale,Deputy Executive Director,Financial Information Services Agency,FISA,Financial Systems,(212) 857-1307,,,,5 Manhattan West,New York,NY,10001,City,,Green Book,
Greg Lehman,Chief Clerk,"Elections, Board of",BOENY,Borough Offices > Manhattan,,,(212) 886-2100,,200 Varick St.,New York,NY,10013,City,,Green Book,
Kevin Williams,"Assistant Commissioner, Candidate Investigations Division",Fire Department,FDNY,Human Capital,(718) 403-4441,,,,9 MetroTech Center,Brooklyn,NY,11201,City,,Green Book,
Michael J. Ryan,Executive Director,"Elections, Board of",BOENY,,(212) 487-5403,,,,32 Broadway,New York,NY,10004,City,,Green Book,
Bart Haggerty,Deputy Chief Clerk,"Elections, Board of",BOENY,Borough Offices > Queens,,,(718) 730-6730,,118-35 Queens Blvd.,Forest Hills,NY,11375,City,,Green Book,
Michael D. Corbett,Administrative Manager,"Elections, Board of",BOENY,,(212) 487-5406,,,,32 Broadway,New York,NY,10004,City,,Green Book,
Dominique Joseph,Assistant Commissioner,Fire Department,FDNY,Family Assistance Unit,(718) 999-7071,,,,9 MetroTech Center,Brooklyn,NY,11201,City,,Green Book,
Steven Alfasi,Acting Deputy Chief Clerk,"Elections, Board of",BOENY,Borough Offices > Bronx,,,(718) 299-9017,,1780 Grand Concourse,Bronx,NY,10457,City,,Green Book,
Vincent M. Ignizio,Deputy Executive Director,"Elections, Board of",BOENY,,(212) 487-5412,,,,32 Broadway,New York,NY,10004,City,,Green Book,
"Glenn Asaeda, MD",Chief Medical Director,Fire Department,FDNY,Bureau of Health Services,(718) 999-2911,,(718) 999-1917,,9 MetroTech Center,Brooklyn,NY,11201,City,,Green Book,
Barbara Dannenberg,Deputy Commissioner,Fire Department,FDNY,Human Capital,(718) 999-0895,,,,9 MetroTech Center,Brooklyn,NY,11201,City,,Green Book,
Daniel Ortiz,Deputy Chief Clerk,"Elections, Board of",BOENY,Borough Offices > Brooklyn,,,(718) 797-8800,,345 Adams St.,Brooklyn,NY,11201,City,,Green Book,
Raymond Riley,Chief Clerk,"Elections, Board of",BOENY,Borough Offices > Brooklyn,,,(718) 797-8800,,345 Adams St.,Brooklyn,NY,11201,City,,Green Book,
Don M. Bosco,Chief Clerk,"Elections, Board of",BOENY,Borough Offices > Staten Island,,,(718) 876-0079,,1 Edgewater Plz.,Staten Island,NY,10305,City,,Green Book,
Brendaliz Candelaria,Deputy Chief Clerk,"Elections, Board of",BOENY,Borough Offices > Bronx,,,(718) 299-9017,,1780 Grand Concourse,Bronx,NY,10457,City,,Green Book,
Kat Thompson,Deputy Commissioner,Fire Department,FDNY,Bureau of Support Operations,(718) 999-1489,,,,9 MetroTech Center,Brooklyn,NY,11201,City,,Green Book,
Georgea Kontzamanis,Operation Manager,"Elections, Board of",BOENY,,(212) 487-8648,,,,32 Broadway,New York,NY,10004,City,,Green Book,
Anthony Andriulli,Deputy Chief Clerk,"Elections, Board of",BOENY,Borough Offices > Staten Island,,,(718) 876-0079,,1 Edgewater Plz.,Staten Island,NY,10305,City,,Green Book,
Hilit Tolani,Assistant Commissioner,Fire Department,FDNY,Office Of EEO,(718) 999-0292,,,,9 MetroTech Center,Brooklyn,NY,11201,City,,Green Book,
Laura Shepard,"Liaison, Parks and Transportation",Borough President - Queens,,Units,(718) 286-0504,,,,120-55 Queens Blvd.,Kew Gardens,NY,11424,City,,Green Book,
Amanda Berinato,Chief Clerk,"Elections, Board of",BOENY,Borough Offices > Queens,,,(718) 730-6730,,118-35 Queens Blvd.,Forest Hills,NY,11375,City,,Green Book,
Erin Quinn,Deputy Director Program Development,"Labor Relations, Office of",OLR,Employee Assistance Program (EAP),(212) 298-1116,,,,22 Cortlandt St.,New York,NY,10007,City,,Green Book,
Deborah L. Friedman,Workforce Engagement &amp; Innovation - Work Well NYC,"Labor Relations, Office of",OLR,Workforce Engagement & Innovation (Work well NYC),(212) 306-7703,,,,22 Cortlandt St.,New York,NY,10007,City,,Green Book,
Matthew Quigley,Assistant Commissioner,"Labor Relations, Office of",OLR,Office of the First Deputy Commissioner,(212) 306-7232,,,,22 Cortlandt St.,New York,NY,10007,City,,Green Book,
Kary Leung,Assistant Commissioner,"Labor Relations, Office of",OLR,Research,(212) 306-7533,,,,22 Cortlandt St.,New York,NY,10007,City,,Green Book,
Desmond D'Sa,Director of Health Strategy,"Labor Relations, Office of",OLR,Health Strategy,(212) 306-7331,,,,22 Cortlandt St.,New York,NY,10007,City,,Green Book,
Tamara Lake,Assistant Commissioner,"Labor Relations, Office of",OLR,Office of the First Deputy Commissioner,(212) 306-7275,,,,22 Cortlandt St.,New York,NY,10007,City,,Green Book,
Beth Kushner,"Deputy Director, Administration","Labor Relations, Office of",OLR,Employee Benefit Program,(212) 306-7319,,,,22 Cortlandt St.,New York,NY,10007,City,,Green Book,
Allyna Steinberg,Deputy Director,"Labor Relations, Office of",OLR,Workforce Engagement & Innovation (Work well NYC),(212) 306-7355,,,,22 Cortlandt St.,New York,NY,10007,City,,Green Book,
Nicole M. Andrade,General Counsel,"Labor Relations, Office of",OLR,Legal Affairs,(212) 306-7238,,,,22 Cortlandt St.,New York,NY,10007,City,,Green Book,
Brian Geller,Assistant Commissioner,"Labor Relations, Office of",OLR,Office of the First Deputy Commissioner,(212) 306-7503,,,,22 Cortlandt St.,New York,NY,10007,City,,Green Book,
Zachary Lider,Assistant Commissioner,"Labor Relations, Office of",OLR,Office of the First Deputy Commissioner,(212) 306-7269,,,,22 Cortlandt St.,New York,NY,10007,City,,Green Book,
Shefalee Patel,Assistant Commissioner,Design and Construction,DDC,Infrastructure Division > Program Management,(718) 391-1258,,,,30-30 Thomson Ave.,Long Island City,NY,11101,City,,Green Book,
Marcus Figueroa,Deputy Director of Research,"Labor Relations, Office of",OLR,Research,(212) 306-7510,,,,22 Cortlandt St.,New York,NY,10007,City,,Green Book,
Leslie Morsillo,Deputy General Counsel,"Labor Relations, Office of",OLR,Legal Affairs,(212) 306-7226,,,,22 Cortlandt St.,New York,NY,10007,City,,Green Book,
Sang Hong,Deputy Director of Operations,"Labor Relations, Office of",OLR,Employee Benefit Program,(212) 306-7392,,,,22 Cortlandt St.,New York,NY,10007,City,,Green Book,
Lisa Jones,Assistant Commissioner,"Labor Relations, Office of",OLR,Administration and Employee Development,(212) 306-5089,,,,22 Cortlandt St.,New York,NY,10007,City,,Green Book,
Claire Levitt,"Deputy Commissioner, Health Strategy","Labor Relations, Office of",OLR,Health Strategy,(212) 306-7706,,,,22 Cortlandt St.,New York,NY,10007,City,,Green Book,
Georgette Gestely,Director of Employee Benefits Program,"Labor Relations, Office of",OLR,Employee Benefit Program,(212) 306-7324,,,,22 Cortlandt St.,New York,NY,10007,City,,Green Book,
"Magalie D. Austin, Esq.","Executive Deputy Commissioner, Human Resources & Staff Development",Design and Construction,DDC,Division of Human Resources & Staff Development,(718) 391-2010,,,,30-30 Thomson Ave.,Long Island City,NY,11101,City,,Green Book,
Corina Leske,Deputy General Counsel,Fire Department,FDNY,Legal Affairs,(718) 999-0302,,,,9 MetroTech Center,Brooklyn,NY,11201,City,,Green Book,
Daniel Pollak,First Deputy Commissioner,"Labor Relations, Office of",OLR,Office of the First Deputy Commissioner,,,,,22 Cortlandt St.,New York,NY,10007,City,,Green Book,
Don Nguyen,Chief Legal Officer,Fire Department,FDNY,Legal Affairs,(718) 999-8167,,,,9 MetroTech Center,Brooklyn,NY,11201,City,,Green Book,
Cheryl Griffin,Chief Review Officer,"Labor Relations, Office of",OLR,Step III Grievance,(212) 306-7206,,,,22 Cortlandt St.,New York,NY,10007,City,,Green Book,
Ayana Mbonu,Assistant Director of Outreach and Engagement,"Labor Relations, Office of",OLR,Workforce Engagement & Innovation (Work well NYC),(212) 306-7349,,,,22 Cortlandt St.,New York,NY,10007,City,,Green Book,
"Clare Cammarata PhD, LSCW",Director,"Labor Relations, Office of",OLR,Employee Assistance Program (EAP),(212) 298-1111,,,,22 Cortlandt St.,New York,NY,10007,City,,Green Book,
Miguel Santana,Assistant Commissioner,"Labor Relations, Office of",OLR,Office of the First Deputy Commissioner,(212) 306-7255,,,,22 Cortlandt St.,New York,NY,10007,City,,Green Book,
Vanessa Walton,Deputy Director Clinical Services,"Labor Relations, Office of",OLR,Employee Assistance Program (EAP),(212) 306-1121,,,,22 Cortlandt St.,New York,NY,10007,City,,Green Book,
Jee Kwon,Assistant Commissioner,Design and Construction,DDC,Office of Diversity & Industry Relations,(718) 391-1610,,,,30-30 Thomson Ave.,Long Island City,NY,11101,City,,Green Book,
Karey Leung,Assistant Commissioner of Research,"Labor Relations, Office of",OLR,Office of the First Deputy Commissioner,(212) 306-7533,,,,22 Cortlandt St.,New York,NY,10007,City,,Green Book,
Michael Shipman,Agency Chief Contracting Officer (ACCO),Design and Construction,DDC,Finance & Procurement,(718) 391-1866,,,,30-30 Thomson Ave.,Long Island City,NY,11101,City,,Green Book,
Charles McEvoy,"Bureau Chief, Commanding",Police Department,NYPD,Housing Bureau,,,(646) 610-5548,,1 Police Plaza,New York,NY,10038,City,,Green Book,
Haris Khan,Chief of Staff,Small Business Services,SBS,,(212) 513-9202,,,,One Liberty Plaza,New York,NY,10006,City,,Green Book,
Narda Amarilla,Chief Financial Officer,Small Business Services,SBS,Financial Management & Administration,(212) 618-8733,,,,One Liberty Plaza,New York,NY,10006,City,,Green Book,
Michael Forte,First Deputy Commissioner,Small Business Services,SBS,,(212) 618-8721,,,,One Liberty Plaza,New York,NY,10006,City,,Green Book,
William Rudin,Founding Chairman,"Parks, NYC",,The Battery Conservancy,,,,,90 Broad St.,New York,NY,10004,City,,Green Book,
Frank Bisignano,Chair,"Parks, NYC",,The Battery Conservancy,,,,,90 Broad St.,New York,NY,10004,City,,Green Book,
James Snow,Chief Operating & Financial Officer,"Parks, NYC",,Prospect Park Alliance,(718) 965-8980,,(718) 965-8951,,95 Prospect Park West,Brooklyn,NY,11215,City,,Green Book,
John Mascialino,Chair,"Parks, NYC",,Riverside Park Conservancy,,,(212) 870-3070,,475 Riverside Dr.,New York,NY,10115,City,,Green Book,
Christopher Syrett,"Assistant Commissioner, Landscape Program Management","Parks, NYC",,Capital Projects,(718) 760-6599,,(718) 760-6600,,"Olmsted Center, Flushing Meadows Corona Park",Corona,NY,11368,City,,Green Book,
Warrie L. Price,Founder & President,"Parks, NYC",,The Battery Conservancy,(212) 344-3491,,,,90 Broad St.,New York,NY,10004,City,,Green Book,
JT Silberstein,"Exec Director, Riverside Tennis Assoc","Parks, NYC",,Riverside Park Conservancy,,,(212) 870-3070,,475 Riverside Dr.,New York,NY,10115,City,,Green Book,
Lisa Ackerman,Chair,"Parks, NYC",,Historic House Trust of New York City,,,,,"Olmsted Center, Flushing Meadows Corona Park",Corona,NY,11368,City,,Green Book,
Giulietta Fiore,Executive Director,"Parks, NYC",,Historic House Trust of New York City,(212) 360-8282,,,,"Olmsted Center, Flushing Meadows Corona Park",Corona,NY,11368,City,,Green Book,
Roxanne Roth,Vice President of Operations,"Parks, NYC",,Riverside Park Conservancy,,,(212) 870-3070,,475 Riverside Dr.,New York,NY,10115,City,,Green Book,
Eric Boorstyn,"Deputy Commissioner, Capital Projects","Parks, NYC",,Capital Projects,(718) 760-6602,,(718) 760-6600,,"Olmsted Center, Flushing Meadows Corona Park",Corona,NY,11368,City,,Green Book,
Nicole Brostoff,Director of Development- Nicole Brostoff,"Parks, NYC",,Riverside Park Conservancy,,,(212) 870-3070,,475 Riverside Dr.,New York,NY,10115,City,,Green Book,
Ethan Miller,Chief Financial Officer,"Parks, NYC",,Riverside Park Conservancy,,,(212) 870-3070,,475 Riverside Dr.,New York,NY,10115,City,,Green Book,
Andreana G. Mirabella,Executive Agency Counsel,Equal Employment Practices Commission,EEPC,,(212) 615-8942,,,,253 Broadway,New York,NY,10007,City,,Green Book,
Lauren Gilbert,Director,Records & Information Services,,Municipal Library,(212) 788-8595,,(212) NEW-YORK,,31 Chambers St.,New York,NY,10007,City,,Green Book,
Russell Ferri,Director of Research,Equal Employment Practices Commission,EEPC,,(212) 615-8952,,,,253 Broadway,New York,NY,10007,City,,Green Book,
Sanford Rich,Executive Director,"Education Retirement System, Board of",BERS,,(929) 305-3939,,,,55 Water St.,New York,NY,10041,City,,Green Book,
Christopher Fletcher,"Director, Information Technology",Borough President - Brooklyn,,,(718) 802-3700,,,,209 Joralemon St.,Brooklyn,NY,11201,City,,Green Book,
Winston Klapper,"Director, Partnerships",Borough President - Brooklyn,,,(718) 802-3810,,,,209 Joralemon St.,Brooklyn,NY,11201,City,,Green Book,
Donavan Swanson,"Director, Programs",Borough President - Brooklyn,,,(718) 802-3806,,,,209 Joralemon St.,Brooklyn,NY,11201,City,,Green Book,
Ricardo Newball,"Director, Human Resources",Borough President - Brooklyn,,,(718) 802-3812,,,,209 Joralemon St.,Brooklyn,NY,11201,City,,Green Book,
Laura Imperiale,Chief of Staff,Borough President - Brooklyn,,,(718) 802-3757,,,,209 Joralemon St.,Brooklyn,NY,11201,City,,Green Book,
Kim Council,Deputy Borough President,Borough President - Brooklyn,,,(718) 802-3700,,,,209 Joralemon St.,Brooklyn,NY,11201,City,,Green Book,
Spencer Williams,"Director, Land Use and Topography",Borough President - Brooklyn,,,(718) 802-3932,,,,209 Joralemon St.,Brooklyn,NY,11201,City,,Green Book,
(vacant),First Deputy Public Advocate,Public Advocate for the City of New York,,,(212) 669-2172,,,,1 Centre St.,New York,NY,10007,City,yes,Green Book,
Julie Bero,Chief Strategy Officer,Transportation,DOT,Office of the Chief Strategy Officer,(212) 839-6435,,,,55 Water St.,New York,NY,10041,City,,Green Book,
Williams Gerlich,"Senior Advisor, Communications",Public Advocate for the City of New York,,,(212) 669-2175,,,,1 Centre St.,New York,NY,10007,City,,Green Book,
Aramael Peña-Alcantara,Assistant Commissioner of Traffic Technology and Innovation,Transportation,DOT,Office of the First Deputy Commissioner > Division of Traffic Operations,(646) 892-1130,,,(212) 839-1939,55 Water St.,New York,NY,10041,City,,Green Book,
Keith Bray,Brooklyn Borough Commissioner,Transportation,DOT,Office of the First Deputy Commissioner > Borough Commissioners,(646) 892-1350,,,,55 Water St.,New York,NY,10041,City,,Green Book,
(vacant),"Director of Land Use, Planning & Infrastructure",Borough President - Staten Island,,,(718) 816-2122,,,,Borough Hall,Staten Island,NY,10301,City,yes,Green Book,
Yashwant (Neil) Sahadeo,"Executive Director, Customer Service, Language Access &amp; Correspondence",Transportation,DOT,"Office of the Chief Strategy Officer > Customer Service, Language Access Correspondence Unit",(212) 839-7114,,(212) 839-7100,,55 Water St.,New York,NY,10041,City,,Green Book,
Renee Peters-Smith,"Associate Commissioner, Grants & Fiscal Management",Transportation,DOT,Office of the Executive Deputy Commissioner > Grants Administration,(212) 839-6955,,,,55 Water St.,New York,NY,10041,City,,Green Book,
Carlos Bannister,Assistant Commissioner/Agency Chief Contracting Diversity Officer,Transportation,DOT,Office of the Executive Deputy Commissioner > Agency Chief Contracting Office,(212) 839-9421,,,,55 Water St.,New York,NY,10041,City,,Green Book,
Nicole Garcia,Queens Borough Commissioner,Transportation,DOT,Office of the First Deputy Commissioner > Borough Commissioners,(212) 839-2510,,,,55 Water St.,New York,NY,10041,City,,Green Book,
Roseann Caruana,Staten Island Borough Commissioner,Transportation,DOT,Office of the First Deputy Commissioner > Borough Commissioners,(212) 839-2400,,,,55 Water St.,New York,NY,10041,City,,Green Book,
Nick Thompson,Communications Specialist,Borough President - Staten Island,,,(718) 816-2115,,,,Borough Hall,Staten Island,NY,10301,City,,Green Book,
Adrienne Stallone,"Director, Education",Borough President - Staten Island,,,(718) 816-2092,,,,Borough Hall,Staten Island,NY,10301,City,,Green Book,
Irena Nedeljkovic,Deputy Commissioner,Transportation,DOT,Office of the First Deputy Commissioner > Division of Roadway Repair & Maintenance,(212) 839-9790,,,(212) 839-4229,55 Water St.,New York,NY,10041,City,,Green Book,
Alia Jones-Harvey,"Associate Commissioner, Workforce, Education &amp; Policy","Media and Entertainment, Mayor's Office of",MOME,Program and Initiatives,,,(212) 489-6710,,1 Centre St.,New York,NY,10007,City,,Green Book,
Jordan Gibbons,"Associate Commissioner, Intergovernmental and Community Affairs","Media and Entertainment, Mayor's Office of",MOME,,(212) 974-4612,,,,1 Centre St.,New York,NY,10007,City,,Green Book,
Melanie Scharler,Associate Commissioner of Strategic Communications,"Media and Entertainment, Mayor's Office of",MOME,,(212) 974-4022,,,,1 Centre St.,New York,NY,10007,City,,Green Book,
Shanel Spence,Diversity/Equal Employment Opportunity Officer,"Law Department, Office of the Corporation Counsel",LAW,,(212) 356-3290,,,,100 Church St.,New York,NY,10007,City,,Green Book,
"Shiang-Kwei Wang, PhD","Provost & Vice President, Academic Affairs",City University of New York,CUNY,Community Colleges > Eugenio María de Hostos Community College,(718) 518-6660,,(718) 518-4444,,205 E. 42nd St.,New York,NY,10017,City,,Green Book,
Ana I. García Reyes,Dean of Community Relations,City University of New York,CUNY,Community Colleges > Eugenio María de Hostos Community College,(718) 518-4313,,(718) 518-4444,,205 E. 42nd St.,New York,NY,10017,City,,Green Book,
Althea Sterling Ed.D,Interim Vice President of Student Development & Enrollment Management,City University of New York,CUNY,Community Colleges > Eugenio María de Hostos Community College,(718) 518-4264,,(718) 518-4444,,205 E. 42nd St.,New York,NY,10017,City,,Green Book,
Manuel Menjivar,"Director, Human Capital",City Planning,DCP,"Capital Planning, Fiscal, Human Capital, IT, Planning Coordination",(212) 720-3660,,,,120 Broadway,New York,NY,10271,City,,Green Book,
Madeleine McGrory,"Director, Land Use and Planning",Borough President - Manhattan,,,(212) 669-3632,,,,1 Centre St.,New York,NY,10007,City,,Green Book,
Stephanie D. Roth,"Executive Director, Administration","Media and Entertainment, Mayor's Office of",MOME,,(212) 602-7440,,,,1 Centre St.,New York,NY,10007,City,,Green Book,
"Philip Oliveri, Esq.","Chief Diversity Officer, Title IX Coordinator, & ADA/504 Coordinator",City University of New York,CUNY,Community Colleges > Eugenio María de Hostos Community College,(718) 518-4284,,(718) 518-4444,,205 E. 42nd St.,New York,NY,10017,City,,Green Book,
"Sofia Oviedo, PhD",Research Programs Director,City University of New York,CUNY,Community Colleges > Eugenio María de Hostos Community College,(718) 518-4309,,(718) 518-4444,,205 E. 42nd St.,New York,NY,10017,City,,Green Book,
Tanesha Alexander,Agency Chief Contracting Officer,Taxi & Limousine Commission,TLC,"Office of Operations, People and Innovation",(212) 676-1022,,,,33 Beaver St.,New York,NY,10004,City,,Green Book,
Collette Atkins,"Vice President, Institutional Advancement",City University of New York,CUNY,Community Colleges > Eugenio María de Hostos Community College,(718) 518-4394,,(718) 518-4444,,205 E. 42nd St.,New York,NY,10017,City,,Green Book,
Stephen Everett,"Director, Capital Planning and Support",City Planning,DCP,"Capital Planning, Fiscal, Human Capital, IT, Planning Coordination",(212) 720-3283,,,,120 Broadway,New York,NY,10271,City,,Green Book,
"Evelyn Fernández-Ketcham, PhD","Vice President, Continuing Education & Workforce Development",City University of New York,CUNY,Community Colleges > Eugenio María de Hostos Community College,(718) 518-6580,,(718) 518-4444,,205 E. 42nd St.,New York,NY,10017,City,,Green Book,
Parmjit Singh,Assistant Commissioner,Taxi & Limousine Commission,TLC,Licensing & Standards Division,(718) 391-5591,,(718) 391-5501,,31-00 47th Ave.,Long Island City,NY,11101,City,,Green Book,
"Dilawar Grewel, PhD",Assistant Vice President of Information Technology and Chief Information,City University of New York,CUNY,Community Colleges > Eugenio María de Hostos Community College,(718) 518-6646,,(718) 518-4444,,205 E. 42nd St.,New York,NY,10017,City,,Green Book,
Mohar Ray,General Counsel,"Media and Entertainment, Mayor's Office of",MOME,,(212) 602-7461,,,,1 Centre St.,New York,NY,10007,City,,Green Book,
Daisy Cocco De Filippis Ph.D.,President,City University of New York,CUNY,Community Colleges > Eugenio María de Hostos Community College,(718) 518-4300,,(718) 518-4444,,205 E. 42nd St.,New York,NY,10017,City,,Green Book,
Lucy Joffe,Deputy Commissioner,Housing Preservation & Development,HPD,Office of Policy & Strategy,(212) 863-7968,,,,100 Gold St.,New York,NY,10038,City,,Green Book,
Ivano Leoncavallo,Director of Communications,City University of New York,CUNY,Community Colleges > Eugenio María de Hostos Community College,(718) 518-4450,,(718) 518-4444,,205 E. 42nd St.,New York,NY,10017,City,,Green Book,
Sarah Whitman,Director,City Planning,DCP,Pipeline and Commission Operations,(212) 720-3452,,,(212) 720-3244,120 Broadway,New York,NY,10271,City,,Green Book,
Jamaira Sanchez-Morales,Director,Teachers' Retirement System,,,(212) 612-5812,,,,55 Water St.,New York,NY,10041,City,,Green Book,
Jennifer Lenihan,Senior Advisor,"Media and Entertainment, Mayor's Office of",MOME,,(212) 974-4009,,,,1 Centre St.,New York,NY,10007,City,,Green Book,
Ameet Chaudhury,Chief Technology Officer,Teachers' Retirement System,,,(212) 612-5469,,,,55 Water St.,New York,NY,10041,City,,Green Book,
Lori Barrett-Peterson,Chief Operating Officer,"Media and Entertainment, Mayor's Office of",MOME,,(212) 602-7418,,,,1 Centre St.,New York,NY,10007,City,,Green Book,
Diana Kreymer,Executive Deputy to the President & Chief of Staff,City University of New York,CUNY,Community Colleges > Eugenio María de Hostos Community College,(718) 518-4302,,(718) 518-4444,,205 E. 42nd St.,New York,NY,10017,City,,Green Book,
James DiGiovanni,"Deputy Commissioner, Policy and Community Affairs",Taxi & Limousine Commission,TLC,Office of Policy & External Affairs,(212) 676-1024,,,,33 Beaver St.,New York,NY,10004,City,,Green Book,
Jacob Glickman,Director of Finance and Business Development,"Media and Entertainment, Mayor's Office of",MOME,,(212) 974-4004,,,,1 Centre St.,New York,NY,10007,City,,Green Book,
Mohammed Akinlolu,"Associate Commissioner, Prosecution",Taxi & Limousine Commission,TLC,Office of Legal Affairs,(718) 391-5618,,(212) 676-1135,,33 Beaver St.,New York,NY,10004,City,,Green Book,
Simcha Felder,Member of City Council,City Council,NYCC,Members of the Council > Borough of Brooklyn > 44th Council District,,,(212) 788-7357,,250 Broadway,New York,NY,10007,City,,Green Book,
Danielle S. Powell,Public Administrator,Public Administrator,,Public Administrator - Bronx County,(718) 293-7660,,(718) 293-7660,(718) 293-7851,851 Grand Concourse,Bronx,NY,10451,County,,Green Book,
Thaddeus McTigue,Deputy Executive Director,Teachers' Retirement System,,,(212) 612-5402,,,,55 Water St.,New York,NY,10041,City,,Green Book,
Babette Audant Ph.D.,"Assistant V.P. of Institutional Effectiveness, Research & Assessment and Dean of Academic Affairs",City University of New York,CUNY,Community Colleges > Eugenio María de Hostos Community College,(718) 518-4241,,(718) 518-4444,,205 E. 42nd St.,New York,NY,10017,City,,Green Book,
"Eric Radezky, PhD","Director, Governmental & External Affairs",City University of New York,CUNY,Community Colleges > Eugenio María de Hostos Community College,(718) 518-4342,,(718) 518-4444,,205 E. 42nd St.,New York,NY,10017,City,,Green Book,
Jonathan Patkowski,"Director, Communications",City Planning,DCP,,(212) 720-3352,,,(212) 720-3303,120 Broadway,New York,NY,10271,City,,Green Book,
Alison Hartwell,"Deputy General Counsel and Assistant Commissioner, Legal",Taxi & Limousine Commission,TLC,Office of Legal Affairs,(212) 676-1037,,(212) 676-1135,,33 Beaver St.,New York,NY,10004,City,,Green Book,
Ericka Williams,"Assistant Commissioner, NYCAPS Central",Citywide Administrative Services,DCAS,Citywide Human Capital,(212) 465-3001,,(212) 669-7155,,1 Centre St.,New York,NY,10007,City,,Green Book,
Kim L. Yu,Chief Procurement Officer & Director,"Contract Services, Mayor's Office of",MOCS,,(212) 298-0800,,,,255 Greenwich St.,New York,NY,10007,City,,Green Book,
Ilana Maier,"Assistant Commissioner, Communications",Housing Preservation & Development,HPD,,(212) 863-5071,,,,100 Gold St.,New York,NY,10038,City,,Green Book,
"Zahirah McNatt DrPH, MPH","Chief Equity Officer/ Deputy Commissioner, Center for Health Equity and Community Wellness","Health & Mental Hygiene, Department of",DOHMH,Chief Equity Office,(347) 396-4868,,,,42-09 28th St.,Long Island City,NY,11101,City,,Green Book,
Meryl Block Weissman,Deputy Commissioner,Housing Preservation & Development,HPD,Office of Housing Access and Stability,(212) 863-6746,,,,100 Gold St.,New York,NY,10038,City,,Green Book,
Amanda Papandrea,Chief,"Law Department, Office of the Corporation Counsel",LAW,Commercial and Real Estate Litigation,(212) 356-2046,,,,100 Church St.,New York,NY,10007,City,,Green Book,
Anthony Faciane,Assistant Commissioner,"Health & Mental Hygiene, Department of",DOHMH,Division of Finance > Bureau of Revenue,(347) 396-6259,,,,42-09 28th St.,Long Island City,NY,11101,City,,Green Book,
Gail Adman RN,Assistant Commissioner,"Health & Mental Hygiene, Department of",DOHMH,Division of Family & Child Health > Bureau of School Health,(718) 786-4881,,,,42-09 28th St.,Long Island City,NY,11101,City,,Green Book,
Aaron Anderson,Chief Financial Officer & Deputy Commissioner,"Health & Mental Hygiene, Department of",DOHMH,Division of Finance,(347) 396-6242,,,,42-09 28th St.,Long Island City,NY,11101,City,,Green Book,
Carlos Espada,Assistant Commissioner,"Health & Mental Hygiene, Department of",DOHMH,Office of External Affairs > Customer Support,(347) 396-7980,,,,42-09 28th St.,Long Island City,NY,11101,City,,Green Book,
Ricky Wong,Assistant Commissioner,"Health & Mental Hygiene, Department of",DOHMH,Office of External Affairs > Governmental Affairs,(347) 396-4037,,,,42-09 28th St.,Long Island City,NY,11101,City,,Green Book,
Michael Sandler,Deputy Commissioner,Housing Preservation & Development,HPD,Office of Neighborhood Strategies,(212) 863-7708,,,,100 Gold St.,New York,NY,10038,City,,Green Book,
"Estelle Raboni MPH, MCHES",Acting Assistant Commissioner,"Health & Mental Hygiene, Department of",DOHMH,Division of Family & Child Health > Bureau of Maternal Infant & Reproductive Health,(646) 632-6452,,,,42-09 28th St.,Long Island City,NY,11101,City,,Green Book,
Sharon Deonaraine,Executive Director,"Health & Mental Hygiene, Department of",DOHMH,Chief Operating Officer/ Executive Deputy Commissioner > COO Administration,(347) 396-7458,,,,42-09 28th St.,Long Island City,NY,11101,City,,Green Book,
"Uli Siemetzki-Kapoor, PhD",Assistant Commissioner and Laboratory Director,"Health & Mental Hygiene, Department of",DOHMH,Division of Disease Control > Public Health Laboratory,(212) 671-5735,,,,42-09 28th St.,Long Island City,NY,11101,City,,Green Book,
Gardea Caphart,"Deputy Commissioner, Office Financial Management",Housing Preservation & Development,HPD,Office of Financial Management,(212) 863-7729,,(917) 286-4300,,100 Gold St.,New York,NY,10038,City,,Green Book,
Mamta Parakh MS,Chief Population Health & Data Officer,"Health & Mental Hygiene, Department of",DOHMH,Center for Population Health Data Science,(347) 396-2946,,,,42-09 28th St.,Long Island City,NY,11101,City,,Green Book,
Michael Moore,Chief,"Law Department, Office of the Corporation Counsel",LAW,Municipal Finance,(212) 356-4030,,,,100 Church St.,New York,NY,10007,City,,Green Book,
Charles G. Fiore,Counsel,Public Administrator,,Public Administrator - Kings County,(212) 285-2290,,(718) 643-3032,,360 Adams St.,Brooklyn,NY,11201,County,,Green Book,
Armena D. Gayle,Counsel,Public Administrator,,Public Administrator - Kings County,(800) 460-1382,,(718) 643-3032,,360 Adams St.,Brooklyn,NY,11201,County,,Green Book,
"Kerry D. Archer, Esq.",Public Administrator,Public Administrator,,Public Administrator - Kings County,,,(718) 643-3032,,360 Adams St.,Brooklyn,NY,11201,County,,Green Book,
"Marianne Bertuna, Esq.",Counsel,Public Administrator,,Public Administrator - Kings County,(718) 238-8506,,(718) 643-3032,,360 Adams St.,Brooklyn,NY,11201,County,,Green Book,
"Simone Bennett MPA, PMP",Deputy Public Administrator,Public Administrator,,Public Administrator - Kings County,(718) 643-4758,,(718) 643-3032,,360 Adams St.,Brooklyn,NY,11201,County,,Green Book,
Charlene Balfour,Co-chair,GrowNYC,,,,,,,100 Gold St.,New York,NY,10038,City,,Green Book,
"Nick Scharlatt, Esq.",Co-chair,GrowNYC,,,,,,,100 Gold St.,New York,NY,10038,City,,Green Book,
Dennis Green,Chief Technology Officer,Police Pension Fund,,,(212) 693-5901,,,,233 Broadway,New York,NY,10007,City,,Green Book,
Vincent Diaz,General Counsel,Police Pension Fund,,,(212) 693-5750,,,,233 Broadway,New York,NY,10007,City,,Green Book,
Christine Clyde,Chief Strategy Officer,Police Pension Fund,,,(212) 693-5753,,,,233 Broadway,New York,NY,10007,City,,Green Book,
Akeem Bashiru,"Director, Financial Management",Landmarks Preservation Commission,LPC,,(212) 602-6351,,,,253 Broadway,New York,NY,10007,City,,Green Book,
(vacant),Executive Assistant to the Chair,Landmarks Preservation Commission,LPC,,(212) 602-7255,,,,253 Broadway,New York,NY,10007,City,yes,Green Book,
Margaret Herman,"Director, Research",Landmarks Preservation Commission,LPC,,(212) 602-6392,,,,253 Broadway,New York,NY,10007,City,,Green Book,
Courtney Clark Metakis,"Director, Communications",Landmarks Preservation Commission,LPC,,(212) 669-7938,,,,253 Broadway,New York,NY,10007,City,,Green Book,
Lily Fan,"Director, Enforcement",Landmarks Preservation Commission,LPC,,(212) 602-6384,,,,253 Broadway,New York,NY,10007,City,,Green Book,
Timothy Frye,"Director, Special Projects & Strategic Planning",Landmarks Preservation Commission,LPC,,(212) 602-7258,,,,253 Broadway,New York,NY,10007,City,,Green Book,
Mark Silberman,General Counsel,Landmarks Preservation Commission,LPC,,(212) 602-6395,,,,253 Broadway,New York,NY,10007,City,,Green Book,
Katie Rice,Violations Officer,Landmarks Preservation Commission,LPC,,(212) 669-7951,,,,253 Broadway,New York,NY,10007,City,,Green Book,
Steven Thomson,"Director, Community & Intergovernmental Affairs",Landmarks Preservation Commission,LPC,,(212) 669-7923,,,,253 Broadway,New York,NY,10007,City,,Green Book,
Stephanie Yang,"Director, Human Resources and Operations",Landmarks Preservation Commission,LPC,,(212) 602-7256,,,,253 Broadway,New York,NY,10007,City,,Green Book,
John Weiss,Deputy Counsel/FOIL Officer,Landmarks Preservation Commission,LPC,,(212) 602-6376,,,,253 Broadway,New York,NY,10007,City,,Green Book,
Cory Herrala,"Director, Preservation",Landmarks Preservation Commission,LPC,,(212) 602-6360,,,,253 Broadway,New York,NY,10007,City,,Green Book,
Joseph Gallagher,General Counsel,Campaign Finance Board,CFB,,(212) 409-1865,,,,100 Church St.,New York,NY,10007,City,,Green Book,
Jesse Schaffer,Interim Board Counsel,Campaign Finance Board,CFB,,(212) 409-1850,,,,100 Church St.,New York,NY,10007,City,,Green Book,
Daniel Cho,"Assistant Executive Director, Campaign Affairs",Campaign Finance Board,CFB,,(212) 409-1780,,,,100 Church St.,New York,NY,10007,City,,Green Book,
Hannah Egerton,"Director, Candidate and Committee Services",Campaign Finance Board,CFB,,(212) 409-1784,,,,100 Church St.,New York,NY,10007,City,,Green Book,
Allie Swatek,"Senior Director, Strategy and Policy",Campaign Finance Board,CFB,,(212) 409-1711,,,,100 Church St.,New York,NY,10007,City,,Green Book,
Vishal Argawal,"Assistant Commissioner, Operations",Citywide Administrative Services,DCAS,Office of Citywide Procurement,(212) 386-6196,,(718) 416-8703,,1 Centre St.,New York,NY,10007,City,,Green Book,
Elizabeth Upp,"Director, Policy Guidance",Campaign Finance Board,CFB,,(212) 409-1760,,,,100 Church St.,New York,NY,10007,City,,Green Book,
Mark A. Vazquez,"Assistant Chief, Commanding",Police Department,NYPD,Patrol Borough Brooklyn North,,,(718) 573-5035,,179 Wilson Ave.,Brooklyn,NY,11237,City,,Green Book,
Nicholas Schultz,First Deputy Commissioner & Chief of Staff,"Medical Examiner, Office of Chief",OCME,,(212) 323-1893,,,,421 E. 26th St.,New York,NY,10016,City,,Green Book,
Christopher M. Mcintosh,"Assistant Chief, Commanding",Police Department,NYPD,Patrol Borough Queens South,,,(718) 969-8602,,71-01 Parsons Blvd.,Fresh Meadows,NY,11365,City,,Green Book,
"Ibrahim Tadros, MD",Deputy Commissioner/Chief of Laboratories,"Medical Examiner, Office of Chief",OCME,,(212) 323-1300,,,,421 E. 26th St.,New York,NY,10016,City,,Green Book,
Allan Swisher,General Counsel,Borough President - Queens,,,(718) 286-2881,,,,120-55 Queens Blvd.,Kew Gardens,NY,11424,City,,Green Book,
Anessa Hodgson,Assistant Commissioner,Citywide Administrative Services,DCAS,Public Affairs,(212) 386-0215,,,,1 Centre St.,New York,NY,10007,City,,Green Book,
Mary Gotsopoulis,Chief Administrative Law Judge,Finance,DOF,Customer Operations Division > Adjudications,(212) 291-4668,,,,1 Centre St.,New York,NY,10007,City,,Green Book,
Roman Shpolyansky,Agency Chief Contracting Officer,Finance,DOF,Administration & Planning > Purchasing and Contracts,(212) 291-4439,,,,1 Centre St.,New York,NY,10007,City,,Green Book,
Drew Skinner,Deputy Commissioner/General Counsel,"Medical Examiner, Office of Chief",OCME,,(212) 323-1901,,,,421 E. 26th St.,New York,NY,10016,City,,Green Book,
Steven Morales,"Director, Policy",Borough President - Manhattan,,,(212) 669-8135,,,,1 Centre St.,New York,NY,10007,City,,Green Book,
Chris Carroll,"Chief of Staff - Policy, Budget and External Affairs",Borough President - Manhattan,,,(212) 669-8157,,,,1 Centre St.,New York,NY,10007,City,,Green Book,
Robert Turbiak,Director of Personnel Services,Business Integrity Commission,BIC,,(212) 437-0575,,,,100 Church St.,New York,NY,10007,City,,Green Book,
Benjamin Osborne,"Assistant Commissioner, Forestry and Horticulture","Parks, NYC",,Environment/Planning,(718) 760-6466,,,,"The Arsenal, Central Park, 830 5th Ave. Room 203",New York,NY,10065,City,,Green Book,
Joseph Conforti,Acting Chief of Staff,"Parks, NYC",,,(212) 360-1341,,,,"The Arsenal, Central Park, 830 5th Ave. Room 203",New York,NY,10065,City,,Green Book,
Mark Focht,Acting First Deputy Commissioner/Chief Operating Officer,"Parks, NYC",,,(212) 360-1312,,,,"The Arsenal, Central Park, 830 5th Ave. Room 203",New York,NY,10065,City,,Green Book,
John Mulligan,Chief Administrative Law Judge,"Tax Appeals, Office Of Administrative",OATA,New York City Tax Appeals Tribunal > Administrative Law Judge Division,,,(212) 669-4501,,1 Centre St.,New York,NY,10007,City,,Green Book,
Eva Niedbala,Administrative Law Judge,"Tax Appeals, Office Of Administrative",OATA,New York City Tax Appeals Tribunal > Administrative Law Judge Division,,,(212) 669-4501,,1 Centre St.,New York,NY,10007,City,,Green Book,
Joseph Homsey,Borough Commissioner,"Parks, NYC",,Operations > Operations Borough Offices > Staten Island,(718) 390-8015,,(718) 390-8000,,"Stonehenge, Clove Lakes Park",Staten Island,NY,10301,City,,Green Book,
Sung H. Hwang,Administrative Law Judge,"Tax Appeals, Office Of Administrative",OATA,New York City Tax Appeals Tribunal > Administrative Law Judge Division,,,(212) 669-4501,,1 Centre St.,New York,NY,10007,City,,Green Book,
David Cerron,Assistant Commissioner for Business Development Special Events,"Parks, NYC",,Business Development and Special Events,(212) 360-3457,,,,"The Arsenal, Central Park, 830 5th Ave. Room 203",New York,NY,10065,City,,Green Book,
Marit Larson,"Assistant Commissioner, Natural Resources and Planning","Parks, NYC",,Environment/Planning,(212) 360-1415,,,,"The Arsenal, Central Park, 830 5th Ave. Room 203",New York,NY,10065,City,,Green Book,
Pia Rivera,Agency Discipline and Investigation/Parks Advocate,"Parks, NYC",,Legal/Compliance,(212) 360-1484,,,,"The Arsenal, Central Park, 830 5th Ave. Room 203",New York,NY,10065,City,,Green Book,
Michael L. Moore,Secretary,Environmental Protection,DEP,Office of the Chief Financial Officer > The Water Board,(212) 356-2517,,(718) 595-3594,,59-17 Junction Blvd.,Flushing,NY,11373,City,,Green Book,
Naheed Afroz,Assistant Commissioner,Environmental Protection,DEP,Office of the Chief Financial Officer > Budget Office,(718) 595-7965,,,,59-17 Junction Blvd.,Flushing,NY,11373,City,,Green Book,
Michael Farnan P.E.,Acting Deputy Commissioner,Environmental Protection,DEP,Bureau of Water & Sewer Operations,(718) 595-5751,,,,59-17 Junction Blvd.,Flushing,NY,11373,City,,Green Book,
Fanny Lin,"Director, Budget",Borough President - Queens,,Units,(718) 286-2615,,,,120-55 Queens Blvd.,Kew Gardens,NY,11424,City,,Green Book,
Michael D. Mallon,Deputy Borough President,Borough President - Queens,,,(718) 286-3000,,,,120-55 Queens Blvd.,Kew Gardens,NY,11424,City,,Green Book,
Frank Morano,Member of City Council,City Council,NYCC,Members of the Council > Borough of Staten Island > 51st Council District,,,(212) 788-6989,,250 Broadway,New York,NY,10007,City,,Green Book,
Harvey Epstein,Member of City Council,City Council,NYCC,Members of the Council > Borough of Manhattan > 2nd Council District,,,(212) 788-7366,,250 Broadway,New York,NY,10007,City,,Green Book,
Tonia Vailas,"Assistant Commissioner, Financial Services",Citywide Administrative Services,DCAS,Real Estate Services,(212) 386-0479,,,,1 Centre St.,New York,NY,10007,City,,Green Book,
Joseph Wagner,"Assistant Commissioner, Construction",Citywide Administrative Services,DCAS,Facilities Management & Construction,(212) 386-0481,,,,1 Centre St.,New York,NY,10007,City,,Green Book,
Matthew Berk,"Assistant Commissioner, Planning, Dispositions & Property Management",Citywide Administrative Services,DCAS,Real Estate Services,(212) 386-0245,,,,1 Centre St.,New York,NY,10007,City,,Green Book,
Serafin Gonzalez,"Assistant Commissioner, Building Services",Citywide Administrative Services,DCAS,Facilities Management & Construction,(212) 386-0528,,,,1 Centre St.,New York,NY,10007,City,,Green Book,
James P. Murphy,"Deputy Chief Administrative Judge, Courts Outside NYC",NYS Unified Court System Office of Court Administration,,,,,,,2 Empire State Plaza,Albany,NY,12223,Courts,,Green Book,
Jack P. Stoller,"Supervising Judge, Housing Court",New York City Courts,,Civil Court of the City Of New York > Citywide Administration,,,,,111 Centre St.,New York,NY,10013,Courts,,Green Book,
Adam Silvera,"Deputy Chief Administrative Judge, NYC Courts",NYS Unified Court System Office of Court Administration,,,,,,,2 Empire State Plaza,Albany,NY,12223,Courts,,Green Book,
Jerry Cito,"Executive Vice President, Convention and Tourism Development",New York City Tourism (previously NYC & Company),,,,,,,810 Seventh Ave.,New York,NY,10019,City,,Green Book,
Charles A. Minch,"Assistant Chief, Commanding",Police Department,NYPD,Patrol Borough Brooklyn South,,,(718) 287-3231,,2820 Snyder Ave.,Brooklyn,NY,11226,City,,Green Book,
Julie Coker,President & Chief Executive Officer,New York City Tourism (previously NYC & Company),,,,,,,810 Seventh Ave.,New York,NY,10019,City,,Green Book,
Michael J. LiPetri,Chief of Department,Police Department,NYPD,,,,,,1 Police Plaza,New York,NY,10038,City,,Green Book,
Katrina A. Smith,Deputy Chief Clerk,New York State Surrogate's Court - Queens County,,,(718) 298-0403,,,,88-11 Sutphin Blvd.,Jamaica,NY,11435,Courts,,Green Book,
Norman St. George,First Deputy Chief Administrative Judge,NYS Unified Court System Office of Court Administration,,,,,,,2 Empire State Plaza,Albany,NY,12223,Courts,,Green Book,
Tiffany Townsend,"Executive Vice President, Global Communications",New York City Tourism (previously NYC & Company),,,,,,,810 Seventh Ave.,New York,NY,10019,City,,Green Book,
Shahabuddeen A. Ally J.S.C.,Administrative Judge,New York City Courts,,Civil Court of the City Of New York > Citywide Administration,(646) 386-5400,,,,111 Centre St.,New York,NY,10013,Courts,,Green Book,
Gunwanti Singh,Chief Clerk,New York State Surrogate's Court - New York County,,,,,,,31 Chambers St.,New York,NY,10007,Courts,,Green Book,
"Kristen A. Conklin, Esq.",Chief Clerk of the Court,NYS Court of Claims,,,,,,,,,,,Courts,,Green Book,
Kelly Curtin,"Executive Vice President, Membership & Destination Services",New York City Tourism (previously NYC & Company),,,,,,,810 Seventh Ave.,New York,NY,10019,City,,Green Book,
Jonathan Durbin,"Executive Vice President, Creative Content",New York City Tourism (previously NYC & Company),,,,,,,810 Seventh Ave.,New York,NY,10019,City,,Green Book,
Richard Lovatt,Chief Financial Officer,New York City Tourism (previously NYC & Company),,,,,,,810 Seventh Ave.,New York,NY,10019,City,,Green Book,
Natalie Koepff,Chief Operating Officer and General Counsel,New York City Tourism (previously NYC & Company),,,,,,,810 Seventh Ave.,New York,NY,10019,City,,Green Book,
Cassandra A. Johnson,Surrogate,New York State Surrogate's Court - Queens County,,,(718) 298-0500,,,,88-11 Sutphin Blvd.,Jamaica,NY,11435,Courts,,Green Book,
Bernard J. Graham,Surrogate,New York State Surrogate's Court - Kings County,,,,,,,2 Johnson St.,Brooklyn,NY,11201,Courts,,Green Book,
Heather Davis,Clerk of the Court,New York State Court of Appeals,,,,,,,,,,,Courts,,Green Book,
Chris D. Morello,"Deputy Chief, Commanding",Police Department,NYPD,Police Academy,,,(718) 670-9100,,130-30 28th Ave.,College Point,NY,11354,City,,Green Book,
Al Baker,"Director, Public Information",NYS Unified Court System Office of Court Administration,,,,,,,2 Empire State Plaza,Albany,NY,12223,Courts,,Green Book,
Justin Barry,Executive Director,NYS Unified Court System Office of Court Administration,,,,,,,2 Empire State Plaza,Albany,NY,12223,Courts,,Green Book,
Delaney C. Kempner,"Deputy Commissioner, Public Information",Police Department,NYPD,,(646) 610-6700,,,,1 Police Plaza,New York,NY,10038,City,,Green Book,
Nancy Mammana,Chief Marketing Officer,New York City Tourism (previously NYC & Company),,,,,,,810 Seventh Ave.,New York,NY,10019,City,,Green Book,
Aaron C. Edwards,"Assistant Chief, Commanding",Police Department,NYPD,Patrol Borough Manhattan North,,,(212) 678-1851,,151 W. 100th St.,New York,NY,10025,City,,Green Book,
Veronica Sanchez,Deputy Chief Clerk,New York State Surrogate's Court - New York County,,,,,,,31 Chambers St.,New York,NY,10007,Courts,,Green Book,
Antonio Diaz,Chief Clerk,New York City Courts,,Criminal Court of the City of New York > Office of the Chief Clerk,,,(646) 386-4900,,100 Centre St.,New York,NY,10013,Courts,,Green Book,
Tanya Faye,Chief Clerk,New York City Courts,,Civil Court of the City Of New York > Citywide Administration,(646) 386-5409,,,,111 Centre St.,New York,NY,10013,Courts,,Green Book,
Luis M. Diaz,County Clerk,County Clerk,,County Clerk - Bronx County,,,(718) 618-3300,,851 Grand Concourse,Bronx,NY,10451,County,,Green Book,
Tamiko A. Amaker,,New York City Courts,,Criminal Court of the City of New York > Office of the Chief Clerk,,,(646) 386-4900,,100 Centre St.,New York,NY,10013,Courts,,Green Book,
Edwina Mendelson,"Deputy Chief Administrative Judge, Justice Initiatives",NYS Unified Court System Office of Court Administration,,,,,,,2 Empire State Plaza,Albany,NY,12223,Courts,,Green Book,
Joseph A. Zayas,Chief Administrative Judge of the Courts,NYS Unified Court System Office of Court Administration,,,,,,,2 Empire State Plaza,Albany,NY,12223,Courts,,Green Book,
Danishia Davis,First Deputy Chief Clerk,New York City Courts,,Civil Court of the City Of New York > Citywide Administration,(212) 514-4226,,,,111 Centre St.,New York,NY,10013,Courts,,Green Book,
Richard E. Sise,Presiding Judge,NYS Court of Claims,,,(212) 428-2100,,,,,,,,Courts,,Green Book,
Kamar Samuels,Chancellor,Education,,,(212) 374-0200,,,(212) 374-5588,52 Chambers St.,New York,NY,10007,City,,Green Book,
Sherif Soliman,Director,"Management & Budget, Office of",OMB,,(212) 788-5800,,,,255 Greenwich St.,New York,NY,10007,City,,Green Book,
Mike Flynn,Commissioner,Transportation,DOT,,(212) 839-6400,,,(212) 839-6490,55 Water St.,New York,NY,10041,City,,Green Book,
